trade_date,1617.T,1618.T,1619.T,1620.T,1621.T,1622.T,1623.T,1624.T,1625.T,1626.T,1627.T,1628.T,1629.T,1630.T,1631.T,1632.T,1633.T
2023-01-04,0.12294759158405028,0.3374117449285292,0.0,0.0,0.18424268233218088,-0.08677789861946705,0.0,0.0,0.0,0.0,-0.3500448154662468,-0.10065045048621664,0.1190777743079186,0.0,-0.23509051356989003,0.23632020684732113,-0.2274363218581795
2023-01-05,-0.08231125393961847,0.0,0.0,-0.33035709589596335,0.0,0.0,0.0,0.0,-0.1627810866778549,-0.23747183732996302,-0.18707872615660018,0.12396885445914982,0.0,0.1864461713723596,0.2003411104988935,0.3873628759422741,0.10188098772732294
2023-01-06,0.0,0.15632925468451356,0.12694830549289365,-0.19569563236005755,-0.1377161853721871,0.0,-0.13122708883125092,0.0,0.0,0.26461841663380364,-0.18500415513635274,0.10280720913134389,0.0,-0.10035693830015181,0.0,0.09929681405744525,0.0
2023-01-10,0.111157198331309,0.0,-0.14785032797232722,-0.32569140899232657,-0.1530885971613812,0.0,0.0,-0.09604433351799634,-0.2773253323559686,0.0,0.15661229334373228,0.0,0.0,0.29526838653080767,0.16487292151554064,0.2720892002786104,0.0
2023-01-11,-0.3152352797843257,0.06304218054769095,0.2595891638416397,0.0,-0.1544095817295489,0.10502125457531145,0.0,-0.18646779232534277,0.0,0.3026918732540274,0.0,0.0,0.0,-0.1421390895969294,0.0,-0.20174825656385334,0.26965552778133056
2023-01-12,-0.12488675231844104,0.0,0.3824427914344366,-0.23353586249268657,-0.08384727439505738,0.11154742618175877,0.0,-0.3439003690552144,0.0,0.10129405327914297,0.0,0.0,0.0,0.16355698358193912,0.0,-0.2138297417386006,0.24115874552272254
2023-01-13,0.0,0.0,0.1755253834330626,0.0,-0.11873160814824557,0.3514511282743343,0.16886898151963675,-0.11774402292545257,0.1302096115817118,0.17394489519125464,-0.3114280984146998,0.0,0.0,-0.06036353218267785,-0.39173273832892413,0.0,0.0
2023-01-16,0.0,0.0,0.3755801642712232,0.0,0.1087432440925804,0.3083129771607394,0.0972695471020821,0.0,0.0,0.0,-0.11249163466498957,-0.07914853304146027,0.11009406737337493,-0.14014113359933486,-0.28847785569662776,-0.37974084299758754,0.0
2023-01-18,0.0,0.0,0.12062532600637448,-0.1589060623440773,-0.2726343060413893,0.17039677241675497,-0.08241711605321939,-0.18037761643997804,0.0,0.0,-0.05566489912133604,0.09364324154885129,0.0,0.23562277014900312,0.12971188987901613,0.0,0.0
2023-01-19,-0.24225165755865152,0.14516796979280605,0.0,0.0,0.0,0.4415721105260714,0.14815839123872881,0.0,-0.1496624145005375,0.0,-0.18687885072052773,0.1425130784611657,0.0,-0.3356723340457661,0.0,-0.08553474317451709,0.12258844998122799
2023-01-20,-0.14814488506469273,0.13595309406038553,-0.20659032808315153,-0.13593530949020746,0.2519991450920593,0.12798063092386752,0.0,-0.13063528952858222,0.15995295987016456,0.07411417005352314,0.0,0.0,0.0,0.0,0.0,0.0,-0.1286941878333661
2023-01-23,0.0,-0.10577873798562941,0.0,-0.2724159581297365,0.08614269249706816,0.0,-0.08368758849975502,0.0,-0.20353073113090775,0.28141336310468434,-0.08458698425397135,0.0,0.0,0.14614074731681637,0.19782511588064328,0.0,0.038478081200787925
2023-01-24,0.0,0.0,0.0,-0.3723570107401132,-0.15234424844191938,0.37808562555431724,0.0,0.0,0.10920685453623007,0.3138297861661724,0.0,0.030641869010658886,0.0,-0.17286033275189344,-0.09879646114200628,0.16823586473262134,-0.20364194692406765
2023-01-25,0.0,0.0,-0.07679515000676258,-0.14450960720677286,-0.25686028326319493,0.13480834858019522,0.0,0.15016197309344573,0.15046535137036976,0.06068353784536755,0.0,-0.11034123766403062,0.2538807891106216,0.0,0.0,0.0,-0.161493721859239
2023-01-26,0.0,0.0,0.0,-0.13338097338062457,0.0,0.2764195272545774,0.10549100746196037,-0.11218006867495398,0.147695741615404,0.0,-0.28723545143029006,0.14039957613476536,-0.12019074483451789,0.0,0.07999414753329274,0.0,-0.09701276167961354
2023-01-27,-0.15832221859104867,0.108403983053748,0.1407259685431544,-0.15934311413911545,0.0,0.0,0.0,0.15427425436261102,0.0,0.20924317204843085,-0.07757284735835823,0.13735262199205567,-0.16004364752571992,0.0,-0.19471817238575767,0.0,0.0
2023-01-30,0.0,0.0,0.0,-0.35386327745913226,-0.18148121983894222,0.14774536333526422,-0.13582706985918908,-0.2326132833029405,0.0,0.2669635003211999,-0.09621514953979579,0.0,0.0,0.15011917342090877,0.2680947021446082,0.0,0.1670772607780189
2023-01-31,0.10783015635239443,0.10825985657344553,0.0,-0.18493592910295675,0.0,-0.08738778659524052,0.17354070340964223,-0.17395804053677041,0.21481226696223427,0.0,-0.2271833826197845,0.0,0.0,0.0,-0.07653486114524782,0.14555701670228346,0.0
2023-02-01,-0.1516068109098953,-0.13366574449385915,0.23272799248732612,-0.07059113985198064,0.0,0.0,0.12432133196239314,0.0,0.09425152162320266,0.2093914621250056,0.0,-0.15115504458273607,-0.2429812601615288,0.0893076918020724,0.0,0.0,0.0
2023-02-02,0.0,0.0,0.10317689726390408,0.0,0.16019145933239234,-0.10951113276441349,0.059768175482447575,-0.08008741388844848,0.0,0.0,0.0,-0.18124715012232545,-0.11442169672266223,0.2706800189925407,0.0,0.15618344892871533,-0.2647326065021504
2023-02-03,-0.2254058512112206,0.0,0.21369436106218112,-0.19904559621754617,-0.2330820686616726,0.0,0.0,0.13232978855637256,-0.20035459000754957,0.2647603632498013,-0.14211189390201098,0.0,0.0,0.1643103980419222,0.2249050890897228,0.0,0.0
2023-02-06,0.0,0.0,0.0,0.0,0.19527595300392092,-0.20392181795003952,-0.11936274172705247,0.06768490857334877,0.15547918151874196,0.0,-0.18274819417176202,0.0,-0.33776741892138545,0.0,0.15162189752177446,0.4299380593822139,-0.15619982722976056
2023-02-07,0.0,0.0,0.1213938208061608,0.0,-0.24416450991350075,0.0,0.1720362172159386,-0.1981226319969912,0.11839927906202541,0.22991869535567414,-0.12090850245287788,0.0,-0.08403525618450419,0.0,0.0,0.10825198756020102,-0.10276909945212598
2023-02-08,0.0,-0.14771134693784402,0.25908314868475985,0.0,-0.1777158988265664,0.0,0.23173337543419134,0.0,0.06705857636358602,0.3312035681218568,0.0,-0.16522791754268035,-0.18765396281709,0.11092133139560598,0.0,0.0,-0.3216908738758192
2023-02-09,-0.1607867615703742,0.0,-0.06422507988003297,0.0,0.12604489231571256,0.0714028271885443,0.0,0.0,0.0,-0.2827098671663589,-0.3289350922135185,0.1676391602925439,-0.16334319916971532,0.4109295242614857,0.0,0.0,0.22398359594171346
2023-02-10,0.156593016015253,0.1468399133878245,0.0,-0.11711161666468134,0.0,0.21849413427252987,-0.10162471015581363,-0.44348537795232634,0.0,-0.19902237790042848,-0.13875591732675013,0.14621242603489026,0.0,0.0,0.0,0.0,0.33186051028950236
2023-02-13,-0.08504036379034872,0.0,0.0,0.12620843335132953,0.09636212259883567,-0.12269627945471934,0.2632439505976355,-0.07154437398054017,0.07592862472858367,0.0,0.18825686872361552,0.0,-0.21797257917138801,0.0,0.0,0.0,-0.2527464036030037
2023-02-14,-0.1660851469017638,0.0,0.09868163039252136,0.20406256494395697,-0.16259931139107625,0.0,0.0,0.0,-0.09834900852221101,0.20340499549509466,-0.12674408496208622,0.1441189025847672,0.0,0.09973190658365985,0.0,-0.1962224482228627,0.0
2023-02-15,0.0,0.23322017170762366,0.1177597711166459,0.19478218152765217,-0.16510362998429745,0.0,-0.07177586228784598,-0.20013024369025062,0.0,0.27890352607008845,0.0,0.17533434957798988,0.0,0.0,-0.24154699033609117,0.0,-0.3214432737015147
2023-02-16,0.09145599059310679,0.0,0.2301187440667498,0.16992856986497187,-0.15014810817214322,-0.10894578383024428,0.0,0.0,0.1520003428993541,0.10649635257581745,0.0,0.0,-0.19739171345092008,-0.17652394544114822,0.0,-0.11699044910554432,0.0
2023-02-17,0.0,0.1850767129258467,0.2748389758569469,-0.08229566295041882,-0.067395964216612,0.0,0.0,-0.289958877469262,0.0,0.0,-0.09007360523820307,0.06532135236992918,0.07903833088434992,-0.22027589012550428,0.0,0.14572462796292718,0.0
2023-02-20,0.22524467255193625,0.0,-0.10172892618693141,-0.08640264333582111,0.14936668882967968,-0.05297717057689326,-0.2633273940036184,0.0,0.2113325332617547,0.11222433281210524,0.0,0.0,0.0,0.0,0.0,0.051831772544524105,-0.2455638658967359
2023-02-22,0.19734207033104334,0.0,0.10783034050611681,0.0,-0.08624126614227906,-0.25861391284025603,0.0,-0.17315394010659751,0.22934362293497723,0.0,-0.1805890491157337,0.11632131213758835,-0.051401831795133676,0.0,0.0,0.0991626540902743,0.0
2023-02-24,0.0,-0.2047733818771964,0.0,-0.21001765753678067,0.0,0.0,0.15997774683007673,-0.1446081736707974,-0.149218756339496,0.2616486471911902,0.0,0.0,0.0,0.09189475880619669,0.22627895092582764,0.26019989624670875,-0.2913820305757295
2023-02-27,0.0,-0.13309795432201307,0.09283923206888758,0.0,-0.2592172078030879,-0.1674710407417196,0.3096996376941188,-0.09697458974181022,0.18993292013182272,0.0,0.07215128665262029,0.0,0.08537692345255063,0.0,0.0,0.0,-0.09323920739136925
2023-02-28,0.0,0.1438399640737682,0.0,-0.2277204912164691,-0.10338497130519123,0.0,0.0,0.0,0.16004514273022655,-0.1302182784085232,-0.1606932852751556,0.0,0.15316680238751468,0.14242782541035934,-0.12798297379466084,0.1505202653981312,0.0
2023-03-01,-0.1443641534041052,-0.23173796583581835,0.36217778908100906,0.0,-0.14475431977147457,0.0,0.0,0.0,0.0,0.0,-0.32485999093678014,0.11455250140439693,-0.15428357005182183,0.18518053954116645,0.13433634747583062,0.20375282249759694,0.0
2023-03-02,-0.028366584757637946,0.17075659406546959,0.0,-0.15510821276967776,0.0,0.07044357802707876,0.0,0.0,0.2250841894232754,0.13943391397870633,-0.22888237584497312,0.0,0.0,-0.16810045021065767,0.14428172450546994,0.0,-0.1695423764170536
2023-03-03,0.2047193495278697,0.0,-0.2369896416434607,-0.2291340620007372,0.21427861708784465,0.18235083077224298,0.0,0.2783364066398839,0.0,0.0,0.12031479597215884,0.0,-0.14666782199389308,-0.17089462898022076,0.0,-0.21631384538168835,0.0
2023-03-06,0.0,0.0,0.1389376157910563,0.0,0.14286870255416287,0.16675618653311122,-0.20514990624591714,0.0,0.0,0.18618938172606897,0.0,-0.18549117428560646,-0.0597359375742582,0.0,-0.16823892574843008,-0.13138405614578816,0.1152481133956007
2023-03-07,0.15732516108806183,0.0,-0.13246373047024357,-0.2654226087563416,0.16580137768837502,0.0,-0.16896780793165825,0.06343469603273894,0.1593338302990428,0.2041049348917814,0.0,0.0,-0.0694604848862151,-0.11368536795554145,0.0,0.0,0.0
2023-03-08,0.28805546961332684,0.09734410477441138,0.0,0.0,-0.15230278209348524,0.0,0.0,0.0,0.07216110782123251,0.1747689619410538,-0.10123481251284563,0.11767035584997546,-0.09461975539045386,0.0,0.0,-0.2029888328186159,-0.1988538171845994
2023-03-09,0.10749904061937843,0.14135310144202626,-0.11790438984230128,-0.13968774706904868,-0.27932250531144426,0.25566050110927985,0.14636623090862239,-0.15076325776591573,0.0,-0.06232210001128996,0.0,0.0,0.0,0.0,0.0,0.0,0.09912112592069308
2023-03-10,0.0,0.0,0.3009234045526339,-0.2030574953550116,0.08472295040005272,0.0,-0.2005762160051746,-0.10061530203050408,0.0,0.0,0.147284397102813,0.21437621354089328,0.0,0.2526930344036071,0.0,-0.40325025347828614,-0.09250073313102346
2023-03-13,0.0,-0.19063059171894164,0.3405884763422104,-0.21952776617672737,0.0,-0.10045722044834406,0.07632448920787159,0.06686779585637978,-0.28989407075753193,0.0,0.0,0.0,0.0,0.0,0.3696250511330007,0.14659418746053757,-0.19949035089845493
2023-03-14,0.0,0.0,0.18038733219760456,-0.20903430588030095,0.16927224044445474,0.0,-0.12496793372981942,-0.30849886891160316,-0.25277843316849835,0.11948130809023196,0.24595857481976113,0.0,0.0,0.0,0.2849005444479476,-0.10472045830977816,0.0
2023-03-15,0.0,0.39903042984508047,0.0,-0.0867082263694719,-0.07028572672531332,-0.12808502251776094,0.0,0.2101291664796157,0.10007969961648007,0.0,0.0,0.09587259638296008,0.0,0.1948881076758637,-0.3499014756166355,-0.3650195487708184,0.0
2023-03-16,0.26934041635916844,0.12460240532503852,0.0,-0.15956911940280358,0.0,-0.357998482967239,-0.07578011482338798,-0.2777928182322584,-0.12885946457431108,0.0,0.12236485064961813,0.12950044183415568,0.0,0.0,0.3541918858320192,0.0,0.0
2023-03-17,-0.2664948347907409,0.0514419988692871,0.29582634457036794,-0.1282566701936087,-0.10400031154294981,0.0,0.1558622144343702,0.0,-0.13142345536984484,0.1752417530561241,0.0,0.0,-0.1198247281028558,0.0,0.0,0.07162768906985059,0.0
2023-03-20,0.0,0.24450253594336072,0.15219373234349032,-0.3236446699516725,-0.11198063056279732,-0.13944003027722046,0.0,0.0,0.07516013264801268,0.0,0.0,0.1446744315381305,0.0,0.3834691675270057,0.0,-0.3092539859202037,-0.11568068328810593
2023-03-22,-0.21223936487194703,0.0,0.0,0.16651499440327516,0.17416908604305684,-0.17165783485951344,0.12590441528157623,0.4417455571928683,0.0,0.0,0.0,0.09166594707922347,0.0,0.0,-0.20047445349234141,-0.25432102423969594,-0.16130732253650215
2023-03-23,-0.1247002211607861,0.0,-0.11659160757800913,0.11151137092597857,0.0,0.0,-0.056848125719228676,0.2516534420960006,0.26622199495179255,0.1153360951765788,-0.33211234925865796,0.0,0.0,0.0,0.0,0.25527709684964944,-0.3697476962833182
2023-03-24,-0.17018018010908192,0.07374798632255132,0.0,-0.16626275281723266,0.11968029009476368,0.0,-0.15003847501873968,0.0,0.0,0.31852905543751514,-0.30487312709638464,0.0,0.0,-0.20864546495856115,0.17072941948664042,0.3173132486585295,0.0
2023-03-27,0.0,0.126969273339713,-0.3927254522913429,0.0,0.3603160139572115,-0.11168452208104894,0.0,0.0,-0.15512811667696672,0.0,0.13575856897220737,-0.11006632348928662,0.0,0.11694512553003601,0.260011018200832,0.0,-0.2303955854613546
2023-03-28,0.0,-0.154771059303167,0.2910484987395694,0.0,0.13225612699592348,-0.2112343513672089,0.0,0.2675978957023549,0.185045970314328,-0.20289580437429158,0.0,0.0,0.0,0.12405150824782414,-0.16988846700561797,0.0,-0.26121031794971444
2023-03-29,0.0,0.0,-0.1273062075986313,0.021574451329691234,0.0,-0.09968994248435745,0.0,-0.12275145246811173,0.0,-0.27570542609266135,0.14066226904770623,0.0,0.10144656548632636,-0.12454697135623816,0.22265681044651014,0.263659903689766,0.0
2023-03-30,0.0,0.25329992858287614,-0.08051352856210184,-0.17853147165744998,0.0,0.0,0.0,-0.1719893900983334,-0.15527345084051142,0.0,0.11985482499404747,0.0,0.12094742564015096,0.12332743289923918,0.13257038788368625,-0.16369215884160335,0.0
2023-03-31,0.0,0.1180878956711538,0.0,-0.08873677861085798,0.18838712700898527,-0.3474762364402005,0.0,-0.12400406358105644,-0.1214845871055852,0.0,-0.3182983342623,0.0,0.09209679699956536,0.1713827171964057,0.0,0.43004546312389,0.0
2023-04-03,0.0,-0.39570872383977584,-0.09250076636368518,0.0,0.2531107123957783,-0.12880123590691864,0.16793070463042825,0.1442635221911582,-0.28062715061751486,0.0,0.0,0.19554687719414104,0.0,-0.10236212327210541,0.23914818358849418,0.0,0.0
2023-04-04,0.0,0.24821438543207297,-0.1536961898378683,-0.14479343473548678,0.27583731240250153,0.0,0.08146144540033713,0.0,0.1283120069214044,0.0,-0.1526797958676055,0.0,0.0,0.0,0.016174849843684,-0.05828592685766358,-0.24054465270137593
2023-04-05,-0.11091437261328974,0.0,0.0,-0.20697494667225239,0.07236997967039879,0.12321657141849304,0.09258018856682557,-0.15693779263474028,-0.15363023292055378,0.0,0.0,0.0,0.0,0.13187065842707368,0.32996260191720894,-0.12154265515916379,0.0
2023-04-06,0.05094612272764298,0.16566699592273465,0.0,0.0,0.23248206708914954,-0.1269806971758457,0.0,0.0,0.0,-0.15595311500582507,0.18980012541990246,0.0,0.0,0.11110468884057044,-0.09381333569854225,-0.21194429917667956,-0.16130855294310742
2023-04-07,0.0,-0.08062040608468127,0.1265723264300595,0.15696433608325522,-0.22603001569127062,-0.05953604323582688,0.0,0.0,-0.10503675225258922,0.07207198178000586,0.0,0.0,0.0,0.27562949606852083,0.0,-0.278776782735632,0.11876185963815852
2023-04-11,0.11137382728431358,0.15856066931574486,-0.10144686821882087,0.0,0.0,0.10806015927034286,0.0,-0.14238103549536588,-0.1987710356714989,-0.2502538288361317,0.0,0.0,0.0,0.0,0.2597231720695817,0.11228217206001698,-0.057147231778182705
2023-04-12,0.0,-0.0815957293315025,0.0,-0.09365237567538719,-0.21796043771319712,0.03454634248828934,0.18834004718519048,0.0,0.0,0.24376690819255148,-0.08712043270749421,0.0,-0.2696710245724191,0.12007414170514154,0.16327256042882712,0.0,0.0
2023-04-13,0.0,0.10900516005000083,0.0,-0.10998707192757842,0.0,0.23362588607574603,0.1664919220763641,0.0,0.0,-0.2540945608888723,-0.022237004593016113,0.04662603944528722,-0.2001833005096441,0.0,0.19425099235260174,0.0,-0.16349806208088907
2023-04-14,0.0,0.3865271646585591,0.22237610755174858,-0.34167729507727157,0.22799803638013288,0.0,0.0,-0.09395291520636373,0.07372651808843488,0.0,0.0,0.0,-0.22412356839802927,-0.1522710395547618,0.0893721733211246,0.0,-0.18797518176357375
2023-04-17,-0.08327531735714533,0.0,0.08784691819604792,0.0,-0.12873091583077861,0.0,0.0,0.14665811906484758,0.0,-0.167305253762555,0.0,-0.1319797533080146,0.17597069574794827,0.0,0.08423082073161786,0.2552934462595383,-0.23870875974150643
2023-04-18,0.1067642678760395,0.1102254767480969,0.0,-0.14529283382633762,-0.14884935334822874,0.0,0.0,0.1643983364835359,0.0,-0.2561824195779965,0.0,-0.08874984667963319,0.0,-0.110925546567804,0.0,0.16202208591612088,0.2065898329762068
2023-04-19,-0.017920975966583853,0.0,0.1376735397895244,0.0,-0.11214688283313465,0.1808887749025701,0.2069321085022458,0.0,0.0,0.0,0.0,-0.12177615254469289,-0.2598445098170433,-0.23831147883854517,0.15290573603058222,0.07159984077507749,0.0
2023-04-20,-0.13080271582064454,0.16893981642396871,0.16444395539144246,0.0,0.19276550258366248,0.0,0.0,-0.14762622624595678,0.13671879225476696,0.08713193334615954,0.0,0.0,0.0,-0.1626228272525352,-0.08463866269309342,-0.2243095679877701,0.0
2023-04-21,0.0,0.0,0.09708963310316897,-0.2289900753437855,0.0,0.14811373467795413,0.0,-0.1653946526645899,0.0,0.35274672092715104,0.1501557815145288,0.0,-0.21430785382440498,0.25189412977719716,0.0,-0.1813365153809113,-0.20997090278630837
2023-04-24,0.18254193219058876,0.0,0.0,-0.2784566186698466,0.0,-0.16654314125193334,0.09063867109764707,0.0,0.0,0.1856916976364275,0.09969287693116721,-0.06160884629775604,0.0,0.19143482214416951,0.0,-0.17243606347138205,-0.070955330309082
2023-04-25,0.0,0.0,-0.1896069812529375,-0.2732674119105397,0.2018560444761378,0.17661555460298434,0.15282885906992452,0.0,0.0,-0.13933347949526334,0.0,0.0,0.08755943540565206,0.0,0.13114010644530133,-0.06660327502121859,-0.08118885232004103
2023-04-26,0.0,0.0,-0.16131798833374594,0.07043081086663744,-0.1063846635263215,0.0,0.0,0.0,-0.2700349690132928,-0.12072392519135007,0.0,0.2733565799668991,0.0,0.18669023500266496,0.14732909621577195,-0.09153845393528966,0.07219327794802652
2023-04-27,0.0,0.0,-0.10695312814803198,0.0,-0.07849980269963934,-0.15049318895494998,0.0,-0.25944412137226847,0.0,0.0,-0.40460975882511035,0.1969612093978955,0.11301434747624507,0.3808144949297317,0.0,0.21158322911018915,0.09762671908593855
2023-04-28,0.17290928027232663,-0.1754878032971811,0.0,0.0,0.0,0.0,0.0,-0.10503855572810414,0.46315290014262794,0.16458318190253288,-0.5154821057846479,0.0,0.0,-0.14513069340623888,0.10131214729196945,0.09804249039054302,-0.05886084178382792
2023-05-01,-0.1496561430736759,0.0,0.26965466128777427,-0.3774139216634329,0.15466335152154248,0.0,0.24729690982699148,0.0,0.0,-0.18707908758822928,-0.16555153856583282,0.0,-0.12029930910882917,0.0,0.1589436782109148,0.0,0.16944139915277714
2023-05-02,-0.18505985416596946,0.0,0.0,-0.06470474228350998,0.0,0.0,0.09702705194091152,-0.11534967609148775,0.08029801653497884,-0.18553434440763197,0.0,0.20274097964432425,0.0,0.1550007243127688,0.2149332275670166,0.0,-0.199351383051401
2023-05-08,-0.35165127368021465,0.0,0.0,0.0,0.16702100037655443,0.3616186676182389,0.17119436319757989,-0.20008432515512434,0.0,0.0,-0.18376785281601915,0.10688275534119537,-0.1406014756075475,0.0,0.0,-0.12389507274109432,0.19328321346643138
2023-05-09,-0.22776578328345484,0.0,-0.10226982564948879,0.0651081318842551,-0.13980548432419435,0.0,-0.1979812616207972,0.276676805457464,0.2581311486528328,0.0,0.06859639622030314,-0.08217764512206484,0.0,0.0,0.08148751778514497,0.0,0.0
2023-05-10,0.16283658942889484,0.0,-0.17163437318184388,-0.03905122376952003,0.21408087860950817,0.14327644011716512,0.0,0.1302983271704914,0.0,0.0,-0.02583243028581945,0.0,-0.4078504805147961,0.09950776467394057,0.0,0.0,-0.10563149224802057
2023-05-11,0.1805426279581118,-0.16197815879592936,0.0,0.0,0.230965406133575,-0.18769702409222613,0.3579232156805307,-0.21128860245047298,0.0,0.0,0.20003061369613648,0.0,0.030538136531645978,-0.2480471460196169,0.0,-0.19098906864175472,0.0
2023-05-12,0.35189419601454613,0.0,0.3828345783736734,-0.09796934760460578,0.14941859934634413,-0.15450803791380027,0.06295107580509277,0.0,-0.25672318553938833,0.0,0.0,0.0,-0.12541782183919803,0.0,0.0,0.05290155046034358,-0.3653816071030076
2023-05-15,-0.13555000092785943,-0.06660352486085198,0.0,-0.18682867777435375,0.0,0.17696883711715056,0.27122159770260384,0.08913668349139865,0.0,-0.13227693145474848,0.0976351065249918,0.0,0.11503777516385513,-0.22874086498218626,0.0,0.0,0.0
2023-05-16,0.0,-0.198258840860104,0.0,0.0,-0.21050663725899157,0.3049257595173402,0.33994164270039906,0.06406900540317481,0.0,0.0,-0.30423178530188605,0.07252264484015089,-0.0919631573691447,-0.19503957920987378,0.0,0.21854094753893494,0.0
2023-05-17,-0.1092959316819226,0.27167515500912104,0.0,0.0,0.0,0.16082514548416338,0.21130865079928954,0.0,0.20949078295198784,0.0,-0.09174686271938917,0.1467002657554381,0.0,-0.19853870007108274,0.0,-0.4170125843792048,-0.1834059211484007
2023-05-18,-0.23287164500325067,0.0,0.114668131391916,0.0,-0.11657836632280118,0.0,0.2290007327584024,0.0,-0.28481060430855404,0.0,-0.11035172502524007,0.0,-0.2553876593401541,0.0,0.24404218265492955,0.3137350525071631,0.09855390068758893
2023-05-19,-0.1337786088495409,0.0,0.20123090476518807,0.0,0.0,0.0,0.07601670769765588,-0.25466612585412596,-0.21601870736934276,0.0,0.0,0.0,0.4582168996343488,-0.17613822872455864,0.1890417276240426,0.07549376027876467,-0.2193983292024318
2023-05-22,0.19112266309900758,0.0,0.0,0.19374663985489185,0.3332081639451313,-0.08173443014282221,0.0,0.0,0.0,0.0,-0.21281522369099617,0.0,0.2549457505649447,-0.061463168968421994,-0.15990106670945034,-0.4840861104883093,0.026976782536024674
2023-05-23,-0.29630030155782594,0.09326381766534567,0.232003136260711,-0.2558970002159164,-0.1807605313284319,0.0,0.0,0.0,0.44545569138342167,0.0,0.0,0.13248127110667152,0.0,-0.04333523120401139,0.09679608358385013,-0.22370693569381433,0.0
2023-05-24,0.0,0.0,0.19100237605061687,0.0,-0.35572837555648673,0.0,0.0,-0.13730186293326394,0.253279146320788,0.23619509226974686,-0.23095185661733447,0.17515898037350794,0.0,0.1443644049853403,0.0,-0.13440585280219916,-0.14161205209071578
2023-05-25,0.11433593480451013,-0.10189754723763692,0.13299836105102847,-0.22869129014081865,0.0,-0.1288648231083125,0.0,-0.13266907857304366,0.0,0.23244322918614108,0.0,0.11050105190998802,0.0,0.0,0.0,-0.15787726094018825,0.15972142304833234
2023-05-26,0.0,0.0,0.21324395508870253,-0.1405109908699362,-0.20415600373666143,-0.08209310430022279,0.10857318904177586,0.07281834902195716,-0.1200602715076713,0.24371332519158936,-0.20317962958550823,0.0,0.0,0.0,0.11165118165597512,0.0,0.0
2023-05-29,-0.4241348237218644,0.0,0.10297005561830262,-0.21600252975488712,-0.09536459054319099,0.0,0.0,0.10088275239984391,0.0,0.0,0.0,0.0,-0.20195331452631216,0.17583324390287638,0.3104104627473565,0.30990348533162043,-0.06254474145374525
2023-05-31,-0.2725567076567945,0.05606290911889629,0.26980752466905467,-0.07522773066254303,-0.0714303228256552,0.0,0.10223681259863829,0.0,0.0,0.0,-0.06609287171688355,0.14932258072079946,0.0,0.17257017289261128,-0.2646923671381238,0.0,0.0
2023-06-01,0.0,0.0,0.0,0.0,0.1758659144009233,-0.29247117854421595,0.0,-0.2900494951050693,0.3880715397509206,-0.13184283591322574,0.14043502028052607,0.0,0.19726585018775977,0.0,0.09836167537987031,-0.1178801453591742,-0.16775634507831488
2023-06-02,0.0,0.10094061154762364,0.16034917016214945,0.0,0.0,-0.20024690328938832,0.18237456017442474,0.0,0.0,-0.11848221258451304,-0.14996088923057424,0.0,0.20428406178459607,0.0,0.10205159633120617,-0.11221085031366762,-0.16909914458185682
2023-06-05,0.0,0.0,0.0,0.0,0.0,-0.2130821715855962,0.27293702080888416,0.0,0.0,-0.460280791062247,0.06920499958406134,-0.10748095124805525,-0.13776379890678409,0.19186759784877405,0.21952512541813374,0.24646525634014665,-0.0813922871973174
2023-06-06,-0.17616445635323466,0.0,0.0,0.0,0.07328966047193833,-0.1189233448345783,0.0,-0.1930969106885061,0.0,0.06874673933519981,0.0,0.0,0.23070409025388441,-0.15207225224505197,0.2305368981227353,-0.10974303587862894,0.14672261181624216
2023-06-07,-0.15099915918149626,0.1278870249845404,0.0,-0.10065596863559548,-0.2502288679500559,-0.052728590840696074,0.1354521903104558,0.0,0.12997798185975495,-0.19538741339215632,0.0,0.0,0.19768822196193936,0.0,0.15899458088330948,0.0,0.0
2023-06-08,0.0,0.0,0.0,0.0,-0.36821490688593467,0.0,0.0,0.11039461501908397,0.3830818192738591,-0.3766409335485244,-0.06909144698696833,-0.06774914042012409,0.2586113222338876,-0.11830357215844857,0.11000083310986192,0.0,0.13791141036330745
2023-06-09,0.0,0.09843319528722339,0.2995954380133208,0.12544111303924094,-0.22235830195015097,0.2956905869595699,0.0,0.0,0.0,-0.18198867290277423,0.0,-0.29825381277411755,0.0,-0.14498857113811514,0.18083966670064502,0.0,-0.15241064123484196
2023-06-12,0.10854455428176889,0.0,0.14070986249649048,0.0,-0.16012781254630698,0.0,0.0,-0.1622885401814138,0.13189433816897528,-0.11518708281324672,-0.13757885027634192,0.0,0.19291630477660504,-0.17481771418269051,0.1759349402761603,0.0,0.0
2023-06-13,-0.12634680249307692,0.0,0.0,0.0,0.19174227561691828,-0.17842740202460433,0.11971577705376552,0.0,0.1431895922462849,0.23217775208239746,-0.1801555263521619,0.0,0.0,0.06317460300063375,0.0,-0.11466162885312037,-0.1504086402770365
2023-06-14,0.3238028158215627,0.0,0.0,-0.14343585753975188,0.19571940172435628,-0.41165020874097724,0.33013609905887653,0.0,0.0,-0.18769083854047675,-0.10167534246047906,0.0,-0.155547752718315,0.07387947929792946,0.07646220409727511,0.0,0.0
2023-06-15,0.17470631745208545,0.0,0.0,0.0,-0.13437779957862814,-0.3200464046687185,0.0,-0.17582471413986514,0.17587482408581573,0.18711651496738574,0.0,0.0596518801460618,0.40265046334865123,-0.041921989760538535,0.0,0.0,-0.32782909185224973
2023-06-16,0.0,-0.18281167488148706,0.09260536692093722,-0.14215170786939194,0.32438909489137335,-0.31635770990657397,-0.1173180709135945,0.20124200054862457,0.06667045047635356,0.31509308716271134,0.0,0.0,0.0,0.0,-0.2413608364289525,0.0,0.0
2023-06-19,0.08509476804903751,0.0,0.0,-0.10680734279481782,0.13180581228714638,-0.4207542960289787,0.0,-0.07786172661961241,0.0,-0.29546069892905363,0.0,0.16129540686704993,0.42360195478634044,0.19820205801042579,0.0,0.0,-0.09911593562753745
2023-06-21,0.0,0.0,0.0,0.0,0.0,0.12805342003916192,0.0,-0.10693703978243689,0.1028771031014599,0.2703896407158859,-0.150437942948575,0.09071940687827303,0.4079604292652193,-0.2537641447754595,0.0,-0.1793031339144156,-0.30955773857911306
2023-06-22,0.13787532391007878,-0.08880289577488103,0.0,-0.11570296606062305,0.1105747155433906,-0.3662999426123122,0.0,0.11984332236462551,0.11501369813460931,-0.20173786895548748,0.0,0.0,0.5166929400472959,0.0,0.0,-0.22745632659669612,0.0
2023-06-23,0.0,0.09639366210904413,0.0,0.0,0.2706290111079688,0.0,0.0,0.0,0.2786953270879213,0.22571717038216813,-0.21826972818756865,0.0,0.1285648293128978,-0.13580217329539593,-0.20248152744966458,-0.1896970906704593,-0.25374948039691153
2023-06-26,0.0,-0.07668759962960245,0.0,-0.3827029378840676,0.0578831876668165,-0.1011486468110204,0.0,0.0,0.13923037238535318,0.0,-0.2335976067920796,0.0,0.5874021022431372,0.0,0.09896015987549393,0.11652417782919926,-0.20586320888322993
2023-06-27,0.0,0.0,-0.08745531929405644,-0.3239074907343731,0.0,-0.35146808627568765,0.0,0.20294466941685643,0.10940788786599892,-0.1602073180377594,0.0,0.0,0.1301237907948225,0.15929012488620947,-0.07696178565812345,0.0,0.39823352703611264
2023-06-28,-0.1588466672257755,0.0,-0.19304776080082733,0.0,0.0,-0.21551827182234887,0.2814221990601553,0.0984308593735498,-0.05590525959535333,0.4062235249809956,0.0,0.08782560155016786,0.0,0.0,0.0,0.1260978150351314,-0.37668204055569493
2023-06-29,0.188307460413198,0.0,0.0,-0.24104132699913505,-0.12502853566744454,0.1453424826832709,0.0,0.0,-0.39068819230693486,0.28034827677943486,-0.10861330763814311,0.22349020187368335,-0.13462863738834246,0.16251157825041287,0.0,0.0,0.0
2023-06-30,-0.165391330813646,0.0,0.0,0.0,0.2237437847784841,-0.1910720979741863,0.0,0.3132790463058502,0.0,-0.24804490366922838,0.0,0.0,0.2801184476187309,-0.23131543639417573,-0.16417623114876348,0.08729839689171034,0.0955603244052244
2023-07-03,0.20096616425390965,0.11853265311042316,-0.09463989899768199,0.0,0.0,0.0,0.0,-0.15267915580562988,-0.26571849264044706,0.0,0.12819780956790355,-0.10427209139144777,0.1921611213210917,0.0,0.0,0.11014225174667203,-0.13269036116479332
2023-07-04,0.240304110769115,0.0,0.0,0.1008550019334501,0.17052563467799994,0.0,-0.08175909620792982,0.0,0.0,-0.23550781516279484,0.14529100311707555,0.0,-0.18888320775914408,0.09302424950235945,-0.1835679069735733,0.0,-0.06028197389655805
2023-07-06,0.0,0.0,0.0,-0.18194963313494092,0.10301628005902773,-0.2138868904897714,-0.3791218981410524,0.1496266156293637,0.28118806776940064,0.1312981204563341,0.33487091608587377,0.0,0.0,0.0,-0.09984060467706038,0.0,-0.12520097355717483
2023-07-07,0.0,0.13718539589455025,0.19135830211467075,0.0,-0.07282261300753812,-0.20915202331206645,0.15253316352819926,0.0,0.0,-0.260668651667769,0.1686293726934372,0.10029376576914253,-0.09662292267650442,0.0,0.0,0.0,-0.11073378933612202
2023-07-10,-0.25329957105014256,-0.09912688279919402,0.09905869741765395,0.0,-0.18692893276850037,0.3869004848974528,0.0,-0.10178760095120579,0.1982741060823609,0.0,0.16508079541438983,0.0,0.0,0.0,-0.35885701243095725,0.0,0.15068591618814248
2023-07-11,0.22022938343811116,0.0,-0.1118415983073288,0.11271033342793778,0.14635249698067035,0.0,0.0,0.16714517615092694,-0.12604613069584503,0.0,0.0,0.0,-0.17088697255873853,0.10356261000235384,-0.07412862921797925,-0.26709666922010833,0.0
2023-07-12,0.0,0.0,-0.2115842837362915,-0.06607767134426017,0.0,0.0939077661835693,0.0,0.0,0.0,0.20314013962515676,0.27196665366957284,-0.07394078555947961,0.06962155603882078,-0.13155810353173017,-0.2668391558282386,0.0,0.11136388448288043
2023-07-13,0.0,0.0,0.30145750266245264,0.0,-0.20808605267174185,0.36394333726846756,0.0,0.0,-0.36300910819092297,0.0,0.09823772074149376,0.10439661690300894,0.0,-0.1456476429187764,-0.16969083867938714,-0.11356635753917156,0.13196482242457702
2023-07-14,-0.2703822873483136,0.0,0.0,0.264354076008464,-0.04556846738699207,0.18370336485060862,0.0,-0.35023680153433995,-0.15114933196450658,0.14148546958044958,-0.1826631117658478,0.0,0.13422065330433167,0.2762364362561462,0.0,0.0,0.0
2023-07-18,0.0,0.0,-0.11522907757775173,0.09209563667847795,0.43558250888298716,0.0,-0.18185317192468506,0.0,-0.17070878876980902,0.0,0.0,0.2712727541446824,0.09596425463820249,0.0,-0.16530752932181253,-0.3669014324059416,0.10508484565565009
2023-07-19,-0.21875045972412854,0.0,0.0,0.0,0.0,0.09796154452206231,0.2627702464702656,-0.13348404600872452,0.27692083907058246,0.084116759614997,-0.2956173767116124,-0.09648619223108824,0.0,0.0,0.0,0.2782306103220927,-0.25566192532444626
2023-07-20,0.0,0.0,0.22769110345410964,-0.04735321570812434,0.15609499285405215,0.0,-0.19928367647933462,-0.053147877176035155,0.0,-0.17640847473080465,0.10892880589133608,0.0,0.0,0.0,0.14808902833882526,0.10919606946167686,-0.2738067559057012
2023-07-21,0.193217048255076,0.0,0.0,0.08488645877652437,0.294337021577926,-0.27044590982162975,0.0,0.08525901917303588,0.0,-0.20417624927460043,0.34230045221743777,-0.07267188554640215,0.0,0.0,0.0,-0.282183767907802,-0.17052218744956588
2023-07-24,0.0,0.0,0.02828327590192939,0.0,0.17578230685994525,-0.2452459333307639,0.0,-0.22777320190616565,-0.18625217922032264,-0.23138039267779278,0.2085314126441514,0.0,0.12460138630294494,0.0,0.462801618291029,0.0,-0.10934829286495501
2023-07-25,0.0,-0.13670128165662182,-0.13335052633959016,0.0,-0.1814056626096156,0.16000107862935098,0.0,-0.15686365335006716,-0.1416788760441054,0.0,0.0,0.0,0.14705365406132942,0.0,0.12623494889060963,0.12491168005329809,0.19179863836541183
2023-07-26,-0.2147191768330564,0.0,0.0,0.0,-0.0947211565700957,0.1514935088703385,0.21505042171458727,-0.17625121763909513,0.0,0.1816448281624136,-0.061768092466329486,0.0,0.0,0.14958310400391298,0.0,0.052228137248747676,-0.20254035649142332
2023-07-27,0.0,0.0,0.11247831727727331,0.0,-0.15215221225285186,0.24416368940129402,0.0,0.20328724914519808,0.0,-0.12117124415874006,0.0,0.0,0.09999197921908425,-0.1247782886119703,0.09007876495715024,-0.10901123883726366,-0.24288701613917407
2023-07-28,-0.20244970186373898,0.0,0.24871368444207922,0.0,0.0,0.18660832605238528,0.14505467528230162,-0.1036606018717863,-0.09443567424956816,0.2778763719479013,0.0,0.0,0.0,0.0,-0.428542957078711,-0.17091106493619537,0.1417469422753326
2023-07-31,0.0,0.0,0.0,0.0,-0.25724115591188684,0.0,0.18422937604644088,0.14447526131236857,0.20743849647670118,0.2546226583599895,-0.2728020492625879,0.0,0.0,0.20923420780449992,-0.3067100435759005,-0.08319869281386678,-0.08004805843575799
2023-08-01,0.0,-0.11498634796449288,0.2070636002838391,0.0,-0.40437240744336883,0.0,0.16180201259799834,-0.12727246726810643,0.0,-0.2615199022483217,-0.09184887507571017,0.0,0.0,0.0,0.1797060159572829,0.1705751427318568,0.2808532284290227
2023-08-02,-0.2219691427646432,-0.14216162420232523,-0.23212110747919812,0.0,-0.3078482407070662,0.0,0.0,0.15567832446626195,0.0,0.0,-0.09589988484676729,0.04203223522171917,0.2644645922730933,0.0,0.07841088067220389,0.45941396736672174,0.0
2023-08-03,0.14827507610936697,0.37711274372505704,0.0,-0.07173170428983124,0.0,-0.12001755893903082,0.15829481922160088,0.0,-0.0931987798401871,-0.43006774599426917,0.0,0.0,0.0,0.19750401343349513,-0.28498421093668164,0.11881334751048002,0.0
2023-08-04,0.0,0.0,0.2911571996137899,0.0,0.0,0.0,0.4174285119750549,0.055613143213191184,0.0,-0.10708949565110946,-0.217582988363153,-0.22437683159283614,0.05904231150744411,-0.15013411491664433,-0.300816569476257,0.17675883369052003,0.0
2023-08-07,-0.14908800102711398,0.0,0.0,-0.18500360054069195,-0.27963016200987784,0.33884328594294605,0.0,0.056944517032274135,0.0,-0.21648294794182024,0.0,0.15382914921447347,0.2751134065099276,0.0,0.0,0.17526964130037873,-0.16979528848049602
2023-08-08,-0.25666383703029616,0.0,0.12561148255031232,0.0,0.13443049384406425,-0.05975592461687973,0.0,0.0,0.0,0.0,-0.13459969889715365,0.0,0.1195724502525303,0.16389363892993467,-0.08627323771331413,0.2064919344231584,-0.21270730174235625
2023-08-09,0.0,0.0,0.15740849326808418,-0.18378878901205603,0.1311138068956992,0.0,-0.27875061806481566,0.44487793320923846,0.14098581721623604,0.0,0.0,0.0,0.0,-0.2435643472150214,0.12561394941074217,-0.12130877533777713,-0.17258747037032973
2023-08-10,0.0,-0.4784262644779672,0.0,0.1406478651143075,0.0,0.0,0.11914919833184452,0.3653558755134366,-0.11961693282240209,-0.23741314317622875,0.22966798618742187,0.0,0.0,-0.09744815883545041,0.14517907485298942,-0.06709550068795152,0.0
2023-08-14,0.0,0.12426280876967678,-0.10258251108035114,0.0,-0.1294097470147405,0.0,0.0,0.10181251677276408,0.29762086105529745,-0.32444199733186596,0.0,0.0,0.20086506142689795,-0.362719041292072,0.0,-0.08084670328097046,0.2754387519753637
2023-08-15,-0.1782256191445685,0.116177417765542,0.0,0.17790081630480173,0.3566275653925764,0.0,0.0,-0.24735708034752438,-0.1676398257934538,0.0,0.1837684992693149,0.0,0.0,0.0,-0.18634815577859262,-0.22042931893586062,0.16552570126776506
2023-08-16,-0.1877447505792236,0.32753190456895803,0.0,-0.22050183000531454,0.0,-0.26215759482741846,0.0,0.0,0.0,-0.23039726593210735,-0.09919855865593596,0.15826272499279972,0.0,0.21485208468921646,0.18024546914252704,0.0,0.11910781660649883
2023-08-17,-0.21508306475286157,0.2685499031673253,0.17727011902571557,-0.11628918506942239,0.0,-0.10488688179741293,0.0,0.2198606928399894,0.0,-0.2943132268529851,0.16320396198435166,0.0,0.17111532298261814,0.0,0.0,0.0,-0.2694276415273182
2023-08-18,0.0,0.0,0.1241919575136124,-0.10826373220230734,-0.1716695598340635,-0.13626667406383144,0.0,0.0,0.0,-0.2736708699775295,0.0,0.2078590138043912,-0.060129163922268164,0.20829353440484868,0.10309302884114216,0.10656246543600556,0.0
2023-08-21,0.19577114646161017,0.0,-0.10838495926582666,0.0,-0.30886223223768455,0.0,0.19712873431386918,0.18585108732217345,0.0,-0.23110206358744761,0.0,0.0,0.15998874641440883,-0.12175575641948187,0.2612602854879383,-0.22989498848955922,0.0
2023-08-22,0.0,-0.14869606385497647,0.25127943370081535,0.1459997723112573,0.0,0.0,0.0,-0.12785940491557968,0.0,0.06507501806479402,-0.08198907010399797,0.1880057951636202,0.0,-0.1210265223404084,0.0,0.09963998075951311,-0.2704289387850375
2023-08-23,-0.09943773684447725,-0.08248030381187167,0.0,-0.2425555724124857,0.0,0.2567463564540266,0.0,0.12366839889276963,0.06255303322756359,-0.0945123514155305,0.0,0.0,0.2687768892703042,0.0,0.28825532215533606,0.0,-0.4810140355156349
2023-08-24,0.11388114173637842,-0.12221701428621638,0.2658760276599297,0.0,0.0,0.0,-0.1440916511737837,-0.2754368118177056,-0.21673742727374196,0.0,0.0,0.22567277813767234,0.11410798732021624,-0.24151709544855232,0.0,0.0,0.2804620651458033
2023-08-25,0.0,-0.11029705889637431,0.0,0.0,-0.16506848553973735,-0.09078391706090512,0.2271132480853199,0.0,0.0,-0.290484513459144,0.0,0.10547225509124902,0.0,0.13932106240674796,0.16351216212530187,0.11458127229138126,-0.09336602504383923
2023-08-28,-0.147672445477586,0.0,-0.1339317183413389,-0.07382422405741759,0.13324219455768027,-0.1915508864225448,0.0,-0.20302072570111268,0.0,0.0,0.0,0.14689262249811846,0.13040487660201894,0.13656030002592856,0.0,0.20290000631625377,0.0
2023-08-29,0.0,-0.1151343007501077,0.0,0.12370954175560117,-0.08477132591628131,-0.268276936035812,0.0,0.0,0.16121350172586948,0.24988997251222628,-0.09093346950604243,0.0,0.07561338074307683,0.0,0.0,0.13957360326322626,-0.19088396779175656
2023-08-30,0.0,-0.0959359125501603,0.1677404498036381,0.0,0.0,-0.1743168568156384,0.07782375346112332,-0.2290438201021229,-0.14898202309455985,0.284837857766165,0.0,0.04877610418625254,0.0,0.1708218347828211,0.0,-0.10172138743751852,0.0
2023-08-31,-0.10280635798564647,0.0,0.0,-0.21489037552842336,0.0,-0.14528897504421737,0.08955677967407766,0.1287140257671744,0.0,0.0,0.0,-0.05321501529251417,0.0,0.2319634981582171,0.13468144530113826,0.16508425109939262,-0.23379927614919868
2023-09-01,-0.264971378706799,-0.18931300007279508,0.24876200290287695,0.0,-0.32191771787795254,0.29003718300256515,0.12318024689504156,-0.11769464934766273,0.0,0.0,-0.1061032539947907,0.15389666561780835,0.0,0.0,0.0,0.18412390158170786,0.0
2023-09-04,-0.3096389976368677,0.0,0.23629828456375346,-0.19927363888382454,0.19205882942453692,0.0,0.0,0.20685145560622425,0.22133176169942184,-0.1389081897574157,-0.33311647849293585,0.0,0.14345966870606355,0.0,0.0,0.0,-0.019062695228956116
2023-09-06,-0.2114384851554639,-0.11982620095346384,0.20858601124312803,0.0,-0.1818550623367568,0.0,-0.1297206651098949,0.0,0.06397425979154078,0.0,-0.1071595864444205,0.06840801575395039,0.21280900108791823,0.0,0.0,0.0,0.19622271212346257
2023-09-07,-0.09053488090028528,-0.10748045375401927,-0.35330292346114633,0.04528848745380905,-0.04493971842023528,0.0,0.21384967595892387,0.2098683755796832,0.0,-0.15374202346431393,0.0,0.20495070867068138,0.0,0.0,0.07604275233690251,0.0,0.0
2023-09-08,0.0,0.17289141479690992,-0.3147306622252973,-0.2403358804794127,0.0,0.0,0.0,0.19883195587054392,-0.29677830093028856,0.0,0.2597720555130217,0.18123684846749427,-0.10072233006475127,0.0,-0.047432826300250065,0.18726772535203018,0.0
2023-09-11,-0.21069440702912184,0.0,0.14112545291005163,-0.05420992625911429,0.0,0.1146937710333153,0.0,0.18245743835810915,0.0,0.0,0.21147089033887473,0.0,0.0,-0.097029340948115,-0.23952704847376322,-0.14853927728988567,0.10025244735964918
2023-09-12,0.1657821275219461,0.0,0.0,-0.11504647135548066,0.12020615458244198,0.10718382888829561,0.0,0.0,-0.07107565854481848,0.0,0.19897824408916248,0.0,-0.10090215527578578,0.15784964491815376,-0.15121003849360526,0.0,-0.3117656763303098
2023-09-13,-0.1895139250139696,0.0,-0.21690887050561136,-0.15407268304518712,0.0,0.0,0.0,0.0,-0.09918944953955425,-0.0903150718956776,0.20767082533151987,0.0,0.13606160946828752,0.0,0.10828488276270132,0.12931573700774213,0.16866694542974908
2023-09-14,0.11247571655543845,0.0,0.11150942967971461,-0.13064938595635522,0.0,0.0,-0.11162499142761531,0.0,0.0,0.14286138994960035,0.2790396519277867,0.0,0.0,0.10411381188745997,-0.15998907718734473,-0.17151906706873168,-0.17621747835995308
2023-09-15,0.0721106434831806,-0.13572014527726312,-0.24558361908576448,0.0,0.0,-0.20357040626622752,0.0,0.15652052931546118,-0.059665715994248136,0.0,0.17511584651991785,0.0,0.11497308033433692,0.23127990034710344,0.0,-0.10546011337649668,0.0
2023-09-19,-0.2126986310099429,-0.2367887896894077,0.2260935231474428,-0.108802599193904,0.04002411102299427,0.0,-0.08589388190563618,-0.10581609820110921,0.0,0.0,0.0,0.0,0.0,0.12149172707942116,0.23698620456446734,0.12540443418567435,0.0
2023-09-20,-0.07733105698058028,0.0,-0.23074091974097577,0.07488868725671696,0.3269302744353878,0.0,-0.09337235951822555,0.0,0.361714496964962,0.0,0.0,0.0,0.14766595242978395,0.0,0.08880058891314939,-0.2280209343711815,-0.370534729389037
2023-09-21,0.24041166092769914,0.15734493843681854,0.0,-0.2316016240556917,0.0,0.0,-0.3215260211369105,-0.12306731262056139,0.0,-0.09685291722020359,0.27104462821705616,0.0,0.0,0.1134146386646584,-0.22695212496663278,0.0,0.2177841337537677
2023-09-22,-0.17097943008232572,0.14083028272589515,0.18650881805000935,0.0,0.0,0.24812601535964685,0.0,0.0,0.080095137166577,-0.1844639129955333,-0.037449031458827234,0.0,0.0,0.0,-0.08417893992818629,0.09443974669787164,-0.2729286855351274
2023-09-25,-0.1253495936471752,0.12534587653096207,-0.10399918685303745,0.0,-0.3933251613578778,0.0,0.0,0.0,0.13086593702903918,-0.16065941615907087,0.0,0.11505091414526677,-0.21666664198283883,0.0,0.31620023492242666,0.0,0.3125370373723053
2023-09-26,-0.18851225205148567,0.0,0.3210945101484763,0.17953651442084945,0.0,0.18966828042244124,-0.17754793831180643,0.0,0.0,0.15209609203944682,0.0,0.0,-0.20963057816068983,-0.19552811831792336,0.0,-0.22878111315809468,0.1576046029687861
2023-09-27,0.0,0.0,0.27734783659749146,0.09913052201625581,-0.21818762154662374,0.0,-0.061752045157360116,0.0,0.0,0.0,-0.2297408564446368,0.16102906097671707,-0.13662343727274787,0.3007528581972042,0.0,-0.3536960395786314,0.16173972221233143
2023-09-28,-0.28165042963819653,-0.35548988049951225,0.2735552197664597,0.10098797342403142,0.0,0.0,0.0,0.1163085090722298,0.0,-0.22277434422522943,0.0,0.3544783390194802,0.0,-0.0726128844002833,0.0,0.1546699587177989,-0.06747246123677844
2023-09-29,-0.05054729890429074,0.0,0.0,0.16143278232713146,0.0,0.0,0.257346890937493,0.0,-0.11084689329762178,-0.2192465149954084,-0.2794929222711002,0.0,0.0,-0.33986637053157887,0.15924059328070442,0.1976922016176716,0.22428753183699965
2023-10-02,-0.03773083497952554,0.16513762637648743,0.0,0.0,-0.2136174177003606,0.0,0.3430881366632219,0.12303455796967609,-0.4963029006315624,-0.0862770342368595,0.0,0.2085439790404527,0.0,-0.166071812451692,0.0,0.0,0.16019569995016186
2023-10-03,-0.1147456124154935,0.3426081634453891,0.2843269915683173,0.0,-0.05995401761413072,0.0,0.0,-0.2003570890694667,0.15923953391560092,0.10065190253290542,-0.4923389527178147,0.0,0.11317340853778726,0.0,-0.1326043281830944,0.0,0.0
2023-10-04,0.0,-0.14583417824746644,0.18839077559339626,0.0,0.0,0.1538914193099235,0.2873419060369041,-0.1224565338723485,-0.20818981776688594,-0.43309735289456147,0.20477966508611592,0.0,0.0,0.0,0.16559623397366022,0.0,-0.09042211721873746
2023-10-05,0.0,0.3713873573086906,0.0,0.0,0.14942982858952655,-0.14513832216603673,0.0,-0.21334728788050603,0.0,0.19570552605299127,-0.3119262831935273,-0.2214246621174454,0.16704105911023312,0.0,-0.10816344464248456,0.11643622893855853,0.0
2023-10-06,-0.3803091875395969,0.0,0.0,0.23921797005031975,0.0,0.14782411216960967,0.0,0.0,0.0,-0.173002940004057,-0.09526712596793224,-0.16448248156921422,0.0,-0.18693826491919957,0.3734964184380453,0.14285956721632415,0.0966019321257012
2023-10-10,0.0,-0.41742765534191434,0.05494794409084265,0.1289228115777379,0.2722474720587865,0.0,-0.06492740651137568,0.0,0.23912848195106837,0.3047532903215646,0.0,0.0,-0.3016512608626112,-0.1654053682588396,0.0,-0.0505883090252591,0.0
2023-10-11,0.0613467865981015,0.0,0.0,0.0,0.09379036612867497,0.0,-0.2131061402073952,0.37009603904578764,-0.26691189972167484,0.07686053105435105,0.3979062771730849,0.0,0.0,0.0,-0.1862518487912441,-0.18217481490979545,-0.15155529636989035
2023-10-12,-0.2564124797829465,0.23501533622490667,0.1902498732608672,0.0,-0.37124684334797836,0.0,-0.06804693291257581,0.0,-0.1973500154619607,0.2750868431388159,0.13168071996643796,0.0,0.0,0.0,0.16796722740897232,-0.10694372849453862,0.0
2023-10-13,-0.17429966580409462,-0.15769733366826902,0.11837567130045973,-0.26222804723149545,0.15273516006343166,-0.3234461596277982,0.0,0.07992770423155758,0.0,0.0,-0.08232879366834257,0.0,0.0,0.2795959291736579,0.0,0.0,0.3693655352308931
2023-10-16,0.0,-0.4287818650963766,0.09373623306180827,0.0,0.0,0.0,-0.17631118065687207,0.0,0.3811041852232954,-0.19226932710733638,0.30107732367800927,0.0,-0.12467456225044377,-0.07796306488897117,0.10340563045720032,0.0,0.12067662757968674
2023-10-17,0.11920033319841364,0.21455308093039271,0.0,0.0,0.17565597815229028,-0.059080672352882765,0.0,0.0,-0.2522681200174725,0.0,0.14491672294342495,-0.059655576604100605,0.0,-0.10374450492776155,-0.2752511260977826,0.0,0.09567388477547847
2023-10-18,0.0,-0.08066120020116938,-0.16537710372285014,0.0,0.17602457503842045,-0.08707875173217963,-0.25349596703491056,0.0,0.1304510956368092,0.0,0.1366977753402118,0.0,0.0,0.1702070104170647,0.0,0.13661954356749384,-0.1633869773088903
2023-10-19,0.24540560131512126,0.0,0.20077587978920555,-0.26849044119752724,0.20080170493858226,0.0,-0.5704468261372838,-0.05223160457341784,0.17489560712590363,-0.06835840270349175,0.0,0.17812120683118723,0.0,0.0,0.0,0.0,-0.04047272538827944
2023-10-20,0.0,-0.19402688176491883,0.0,-0.09201271265104685,-0.45711762188193195,0.17482811954406385,-0.1649001227394074,0.26480444410683246,0.33646837542131075,0.0,0.0,0.08920844109450607,0.0,0.0,0.1346906198332869,0.0,-0.09194266096269492
2023-10-23,-0.1540728842487896,0.1474178339351085,0.0,0.37174422261941675,-0.38247159116081575,0.138447944821731,0.0,-0.07858744453220298,-0.09945190680122329,0.0,-0.28541617325696844,0.15604497126300124,0.18634502736074254,0.0,0.0,0.0,0.0
2023-10-24,0.0,0.0783091418474988,0.0,0.12712288701799493,0.0,-0.25129580603989404,-0.2640032081314271,0.0,0.0,0.1903283018891263,-0.16565486239170868,0.13982465372588937,-0.13689295373511212,-0.18215316970185808,0.0,0.46441501551949055,0.0
2023-10-25,-0.37628450495878946,0.4215292345380704,0.0,0.14410549600360104,0.0,0.0,-0.2497547304306482,0.0,-0.18557216619723405,-0.09748409829857395,0.0,-0.09090450011475443,0.07954030791299468,0.0,0.14639332223722892,0.208431639308105,0.0
2023-10-26,0.0,0.0,-0.13532793711734692,-0.23251973149591107,-0.25389364499558736,0.0,0.0,0.04687198945402458,0.20323119080267102,-0.26892011009700917,0.29538453670928,0.0,0.0,0.0,-0.10933857629414552,0.4094609997941687,0.04505128323985563
2023-10-27,-0.10385379537198873,0.0,-0.16157635633196252,-0.16045360619644045,0.21162448073959825,0.0,0.0,0.0,-0.27962252011015004,-0.2944937219894583,0.1645405587365276,0.0,0.0,0.0,0.20091225457523054,0.20697970542356361,0.21594300052508014
2023-10-30,-0.20022690935874915,0.38761451015523973,0.0,-0.07826481745954483,-0.30070431994075286,0.0,0.0,0.20797412092269174,0.0,0.0,-0.3766046560225951,0.15584449594776198,0.16420552258743643,0.0,-0.044199297218357976,0.08436135038687013,0.0
2023-10-31,0.03505922570204329,0.0,-0.39277080493474925,0.0,0.0,0.0930409728518552,-0.15126136078052876,0.40719825282486966,0.0,0.2638680931422053,0.0,-0.09870415872072377,0.0,-0.10718821129078449,-0.25007546427321364,0.0,0.20083345547902656
2023-11-01,0.0,0.24997658866685873,0.0,-0.36743141501136717,-0.12734427730146966,-0.2208592904736062,0.09191033091089768,0.3517800591985661,-0.24528932752284777,-0.03907568969070914,0.13975150656931998,0.0,0.0,0.0,0.16658151465435758,0.0,0.0
2023-11-02,0.0,0.13470284221915393,-0.25267890093708073,-0.13441090935398997,0.0,-0.3466650873444036,0.0,0.30534618792915524,0.0,0.30010158456127106,0.0,-0.1626425783894791,0.0,0.12821779992156307,0.0,0.13163158536885658,-0.10360252397504666
2023-11-06,0.0,0.20642818931279588,0.0,-0.2329322369074184,0.16509116889388295,-0.16014907525835614,-0.16015461107260842,0.0,-0.2092363427263603,0.0,0.0,0.1605097455038499,0.0,-0.23752773403525662,0.23605300819271496,0.0,0.23191788809675634
2023-11-07,0.2759771625666604,-0.16054270123068665,0.0,0.08280080327499223,-0.04801459970478583,-0.3099590356131532,0.0,0.0,0.12641799536957898,0.30095082902005454,-0.1851101772554093,0.0,-0.2963734861959651,0.0,0.0,0.2138532097687138,0.0
2023-11-08,0.17904748200571355,0.29915124597653653,0.10683823013158854,0.0,-0.11459300756557138,-0.2150300569216014,-0.1727947952022776,0.0,0.0,0.29656597337940305,-0.147142424651475,0.0,0.0,0.0,0.0,0.1183970685067582,-0.3504397156590746
2023-11-09,0.0,-0.11436030896777379,0.10134902694755682,-0.27814611799434424,0.0,-0.12747204646447965,0.12232079629656228,0.0,0.0,0.17490000194518412,-0.11705506790231054,0.0,0.0,0.0,0.21888623878920888,0.13254393602148792,-0.11296645867109176
2023-11-10,0.0,0.0,0.20569906606847663,0.0,-0.2205323404025117,0.11895172895439864,0.0,-0.11214816287977705,0.09769562128958231,0.40226564056567965,-0.14385438588425734,0.0,0.0,0.0,0.17538794312186284,-0.3227249301167251,-0.2007401807167288
2023-11-13,-0.19258747406174698,0.0,-0.29262054630174644,-0.12566951742468666,0.17803514279899732,0.16805931031513907,0.0,-0.08093293528370243,0.12939873078887873,0.3979989708216638,0.0,0.0,0.0,-0.3081895269281175,0.0,0.12650784527532116,0.0
2023-11-14,0.3430617950814175,-0.32400349355007757,0.0,0.0,0.13384510158690163,0.0,0.0,0.2457058278178078,0.0,0.0,-0.057799313949515596,0.1506841364957213,0.12670313901815172,-0.12414101482186454,-0.3532710461369014,0.0,-0.1407851315416409
2023-11-15,0.0,-0.2791554432465274,0.2551715659938593,-0.23326913946526992,-0.15729003397955293,0.0,0.15115633260599176,0.16089186605152478,-0.2895128504771274,0.0,0.2369798661958328,0.0,0.0,-0.04077253283152233,0.0,0.0,0.19580036915279128
2023-11-16,0.37834255639873726,0.0,0.14259266023312744,-0.17639016569990443,0.0,-0.1976303522101235,0.1680233310607725,-0.19730528683518034,-0.19660689487686828,-0.2320673003779233,0.0,0.16422505421405495,0.0,0.0,0.0,0.14681639809330782,0.0
2023-11-17,-0.13333839032672212,0.349691550160892,-0.1631691687363415,-0.4024634833918628,0.18831075115114476,0.0,0.0,0.0,0.0,0.0,0.0,0.0,0.1333448676282594,-0.15678769437029144,0.21327914490845873,0.11537368615124512,-0.14424126317478206
2023-11-20,0.0,0.09568861412957451,0.0,0.0,-0.09340380555220491,0.0,0.28550357418357786,0.0,-0.1522546886749373,0.1049712800351939,0.1608012920110697,0.0,0.0,-0.22918641459354755,0.10303523964058398,-0.1472611396863496,-0.12789395149296062
2023-11-21,-0.1785546168304351,0.0,0.3286409174704924,0.0,0.0,0.0,-0.16405721279086488,-0.18467843500612108,0.0,0.07994612475415849,-0.2035840287188881,0.0,0.22340959482488637,-0.2691257066536908,0.0,0.26497605957053366,0.10302730337992899
2023-11-22,0.0,0.1398815368934222,0.0,-0.06424331352580186,0.15650895866898237,0.07151205630135911,0.0,-0.05206899049031531,-0.2731213535126382,0.0,0.0,0.0,0.0,-0.12433129588528403,0.2035506398718952,0.17854680826434108,-0.23623504658596056
2023-11-24,0.0,0.0,-0.24794343980185862,0.10552502988237604,-0.1060455668204947,-0.17757455649384243,0.0,0.274747843036395,0.22222944860291535,0.23936728085048342,0.0,0.0,0.0,-0.3589210584090638,0.15813039762783027,0.0,-0.10951537847474041
2023-11-27,0.0,0.0,0.0,-0.17477118991325138,0.0,0.1415444210464647,0.07316843537581695,-0.07807877682731143,0.0,-0.1329229057922652,0.1451993377959115,-0.07800821000524691,0.1827931914286728,-0.28621891746192496,0.0,0.20729461435313407,0.0
2023-11-28,0.0592024128731302,0.0,0.30413614685269064,0.0,-0.22397337077142804,0.0,-0.11601098450062691,0.1913917241070648,-0.12144590293752394,0.0,0.0,-0.09157677300425984,0.0,-0.19699296878616118,0.08037960786744684,0.11489010829966753,0.0
2023-11-29,0.0,-0.1878595203344416,0.1240106696038191,0.0,-0.11097242717443637,-0.16687335110511287,0.0,0.25678522501261364,0.0,-0.23931015319978788,0.0,0.0,0.1726408566484342,-0.044984548186221156,0.10939989491418159,0.0,0.0871633538209515
2023-11-30,0.0,-0.10513091443114322,0.2388727369212931,0.19875137409156876,-0.25755883862280277,-0.09608150922849858,0.13638338614544643,0.0,-0.18383783704938547,0.0,-0.35739090066817,0.0,0.07548140758439334,0.0,0.0,0.3505110952572984,0.0
2023-12-01,0.0,0.06518444923148639,0.18622517928425528,-0.2063243782927051,0.14861686686030656,0.20199233271571398,0.0,0.14798117190823787,-0.04297431375838222,-0.18339099286213612,0.0,0.0,0.0,-0.2705518970065388,0.0,-0.0467584180802378,0.0
2023-12-04,-0.14264087917217433,0.0,0.0,0.0,0.16929513579107341,0.2836627724613737,0.0,0.0,-0.23599021518099303,-0.10007486180887112,0.0,0.031046583456043508,0.12558060449384906,0.0,-0.13063587634741597,-0.1406581674905455,0.1404149037976604
2023-12-05,0.23088032734804959,0.0,0.3984526489459425,0.21408295164547703,0.0,-0.047471442618549575,-0.18871461632481926,0.0,-0.1918252559628572,-0.31678606941344717,0.0,0.0,0.0,0.09014597344869314,0.0,-0.25520261568032687,0.0664380986118378
2023-12-06,0.0,0.0,0.22684331509945393,0.0,-0.046175768206786066,0.0,-0.2927427262542473,0.0,0.2540014375084918,0.2386279025951333,-0.1141027566988424,0.15561594875424176,0.12491139604267919,-0.30748644341209935,0.0,0.0,-0.2394923054280249
2023-12-07,-0.1108298507105732,0.12905964755234364,0.0,0.0,0.0,-0.08386432659779296,0.0,0.16354794740769976,-0.20125926857088314,0.0,0.2259582529892684,0.0,0.0,0.11989417499776492,0.36153997705292323,-0.355769388949385,-0.2482771651713657
2023-12-08,-0.11847966873452369,0.0,0.24748049565894423,0.0,-0.2573292610524908,0.3304294920875398,0.0,0.18488771896801576,0.0,0.10185381050119408,-0.17182571096394164,0.0,0.0,-0.19613929383462675,-0.25622606541441706,0.0,0.13534848278430614
2023-12-11,-0.12479488234493077,-0.13299442359746685,0.35886094663935286,0.0,0.0,0.15336779173294116,0.0,0.12326565665828057,-0.143883549882644,0.0,0.1725470257412852,0.19195857922814027,-0.23717846746195342,-0.3611486767130048,0.0,0.0,0.0
2023-12-12,0.0,0.0,-0.15886656375089372,-0.21818528802835788,0.2280303912065321,0.0,0.0,-0.158885639415997,-0.3333612623989367,0.0,0.07358249832121372,0.17219990480556555,0.0,-0.13070124640581463,0.36792065875303004,0.1582665469136587,0.0
2023-12-13,0.0,0.0,0.4041058120467412,-0.2026098448615589,0.06957593269893567,0.07680758660599367,0.0,-0.1656538227122694,-0.1517351175488842,0.0,-0.33475431285826684,0.0,0.25198566892515656,0.0,0.0,0.197524999723173,-0.14524690201902057
2023-12-14,0.18898736438470806,0.0,0.0,-0.3398280714766658,0.0,0.30574655681606067,0.0,-0.09796366538981903,-0.28007036918349126,-0.16498085815051966,0.0,0.0,0.0,-0.1171570357995042,0.19174542272419692,0.21239358824024634,0.10112706783478805
2023-12-15,-0.316817258120705,0.0,0.09128596481603099,0.0,-0.23636553028545107,0.0,0.12358509693662428,-0.14195159990969214,-0.1134559293482406,-0.1914096823359112,0.0,0.0,0.0,0.0,0.28813913468527136,0.3102878762787292,0.18670192728334403
2023-12-18,0.0,0.0,0.16690091776305452,-0.31982101681949143,0.0,-0.05745673492920669,0.0,0.0,-0.1920570974362395,0.28937822830733,-0.34614198596273016,-0.08452316485233216,0.0,0.14427754787758262,0.21721108243550583,0.18223222361652702,0.0
2023-12-19,0.0,-0.19673522348513447,0.2324464888619091,-0.2784840768769416,0.0,-0.11371302469396327,0.20320557994814795,0.19777990766987083,0.0,0.0,-0.22761150335570338,0.0,0.0,0.19060837157442767,0.0,-0.1834561715882574,0.1759596519456444
2023-12-20,0.0,0.0,0.24205418120728475,-0.151932349355911,0.0,-0.1876678569607307,0.0,-0.21097827289144677,-0.09911501721443076,0.0,0.24476916715042088,0.05405873695351399,0.06352437418576644,-0.3503065035774807,0.395593540503014,0.0,0.0
2023-12-21,-0.2143808224956008,0.0,-0.24071405513079858,0.0,-0.14271641313471317,0.25857748768041106,0.0,0.0,0.208495386046131,0.0,-0.2279698836622018,0.0,0.11259752550826206,-0.17421882557668564,0.12847453864402125,0.0,0.2918550621211746
2023-12-22,-0.08251714162669957,0.0,-0.33449346096002125,-0.405337682916558,0.20819262613298417,0.25098506536186754,0.0,0.0,-0.08097476984386144,0.1625868022215596,-0.09667694465285986,0.0,0.2614987402583199,0.0,0.0,0.0,0.1167367660252688
2023-12-25,0.10979063479957069,-0.21683208449513083,0.0,-0.17211382004614845,0.0,0.4429042476325365,0.0792769881260838,0.0,0.16789982472846235,-0.15899222735395166,0.0,0.0,0.0,0.0,0.20012830471334664,-0.3539104764129379,-0.0981513916918311
2023-12-27,0.0,0.0,-0.16488214775786297,-0.2663354959399644,-0.1439658259135297,0.0,0.2637508158156462,-0.07071778699037239,0.1279229595200697,0.0,0.0,0.0,0.13784805117391852,-0.10409874339827056,0.10143065766858639,0.1190475158217792,0.0
2023-12-28,0.16977173130542872,0.15210245434926467,0.0,-0.16573049539051762,0.0,0.1073609913479377,-0.15765616696386908,-0.10012377266321788,0.0,0.0,0.0,0.29151527755779816,-0.1544668205263785,0.029249545439570805,0.0,-0.17202274445601687,0.0
2023-12-29,0.0,0.0,-0.09612698045537305,-0.19831187289144223,0.17463808271553588,-0.13757989635331325,0.0,-0.18531817544239051,0.09398598304306066,-0.13266307485748102,0.0,0.08556138333369961,0.0,0.09734854936668243,0.0,0.0,0.2984660015410215
2024-01-04,-0.08086349337440142,0.0,-0.6072709556585464,0.0,-0.11929836607798905,-0.1368980582192197,0.0,0.12803379035309861,0.23161991674789667,0.12472715002275431,0.30733203516482455,-0.0556691266698434,0.0,0.208287107711426,0.0,0.0,0.0
