trade_date,0
2015-01-05,0.004165509090167089
2015-01-06,0.0013711481681662361
2015-01-07,0.007173704488913047
2015-01-08,0.012805399252943089
2015-01-09,0.004748989383324797
2015-01-13,0.007978345504184508
2015-01-14,0.0102081933937528
2015-01-15,-0.0017120623628649415
2015-01-16,0.0015352769616519962
2015-01-19,0.0020441381043226374
2015-01-21,0.0031161156398974974
2015-01-22,0.009894374687691498
2015-01-23,-0.002828401534045866
2015-01-26,0.016098670948659098
2015-01-27,0.006219893190073021
2015-01-28,-0.003570769777504373
2015-01-29,0.0038382712689001893
2015-01-30,-0.0016324846094713584
2015-02-02,0.013282801696420439
2015-02-03,0.02764800709580531
2015-02-04,0.013238135267504817
2015-02-05,0.007541281170113119
2015-02-06,0.005983037270301572
2015-02-09,0.005145084962964433
2015-02-10,-0.00015737152947067727
2015-02-12,-0.002428035902858946
2015-02-13,0.012506701713958675
2015-02-16,0.005183079853356393
2015-02-18,0.006215639575214172
2015-02-19,0.0020043074980366895
2015-02-20,0.0016031895387337925
2015-02-23,0.005952393247611212
2015-02-24,0.010034427950691703
2015-02-25,0.022752624521493358
2015-02-26,0.005520874505124768
2015-02-27,0.010771139031938914
2015-03-02,0.008232804008685746
2015-03-03,0.010367257723859944
2015-03-04,0.0017928191648822012
2015-03-05,0.006286833412698558
2015-03-06,0.0042045844840733464
2015-03-09,0.00423697886394206
2015-03-10,0.00919954495171526
2015-03-11,-0.0018058222289016573
2015-03-12,0.010696522658227162
2015-03-13,0.0016693046198064648
2015-03-16,-0.005367814105768039
2015-03-17,0.0034335183097513934
2015-03-18,-0.00027187636250794087
2015-03-19,0.010983011182268125
2015-03-20,0.0066473641331601
2015-03-23,0.0063470780827410995
2015-03-24,0.006559204900376427
2015-03-25,0.005251255412969112
2015-03-26,0.014182204871337015
2015-03-27,0.011393927479028511
2015-03-30,0.0019264102485531448
2015-03-31,-0.001780214485558526
2015-04-01,0.009496892384872616
2015-04-02,0.014338476572800723
2015-04-03,0.0039912058109395875
2015-04-07,0.01281027962369972
2015-04-08,0.004561106629403388
2015-04-09,0.00696697252351323
2015-04-10,0.0012433177499323045
2015-04-13,0.008244361706931954
2015-04-14,0.003990876862597329
2015-04-15,0.006491546365039716
2015-04-16,0.021116086373765143
2015-04-17,-0.006013648634476381
2015-04-20,0.017985933317706676
2015-04-21,0.003524461634106733
2015-04-22,-0.005271663171214514
2015-04-23,0.005644992897622504
2015-04-24,0.010112142191889592
2015-04-27,-1.2889653255079674e-05
2015-04-28,0.01133974894785936
2015-04-30,0.01156398499656545
2015-05-01,-0.0008263565490142948
2015-05-07,-0.0009171852704270688
2015-05-08,0.023425080776964403
2015-05-11,0.017969245715510812
2015-05-12,-0.007328600188517486
2015-05-13,-0.006198368820601641
2015-05-14,0.012144451097900516
2015-05-15,0.01604940127494269
2015-05-18,0.017884927776263545
2015-05-19,0.006335960607814493
2015-05-20,0.016508391910159924
2015-05-21,0.0011220241550423816
2015-05-22,0.011038372325662103
2015-05-25,0.00571718881591782
2015-05-27,-0.010572632373629449
2015-05-28,0.020728681565961152
2015-05-29,-0.00010662197477566589
2015-06-01,-0.003248455855766671
2015-06-02,0.005389877352808236
2015-06-03,0.011479052954500378
2015-06-04,0.0038324905683203795
2015-06-05,-0.004700415771696176
2015-06-08,0.0053542393689325375
2015-06-09,0.00977191477850958
2015-06-10,0.0026191830137911876
2015-06-11,0.021272871478087027
2015-06-12,0.0017437706118790272
2015-06-15,0.005408006695859474
2015-06-16,0.005841319112654127
2015-06-17,0.0018868793485061674
2015-06-18,0.011295482160007392
2015-06-19,0.019695292549775645
2015-06-22,0.007601659696032563
2015-06-23,0.01635267422569755
2015-06-24,0.006669557399666427
2015-06-25,0.004559566771643493
2015-06-26,0.00357192522872964
2015-06-29,0.033855221995850136
2015-06-30,0.0011605934140933906
2015-07-01,0.003938722083129
2015-07-02,-0.0027887291332556463
2015-07-03,0.005754313969904648
2015-07-07,0.015005581212478952
2015-07-08,0.015457671344414782
2015-07-09,0.03477990099296773
2015-07-10,-0.0048827079257421245
2015-07-13,-0.013321340958820696
2015-07-14,0.020101647620042584
2015-07-15,0.011544715399074569
2015-07-16,0.000867601704745119
2015-07-17,0.005630124006792031
2015-07-21,0.014456405543010047
2015-07-22,0.008011688456826363
2015-07-23,0.00856430866481276
2015-07-24,0.0021079385191450873
2015-07-27,0.014124062292288408
2015-07-28,0.014463197206884585
2015-07-29,0.009580487581837174
2015-07-30,0.018302219465160842
2015-07-31,-6.253896868810456e-06
2015-08-03,0.006150450557888203
2015-08-04,0.007423200942965929
2015-08-05,-0.004119271468835671
2015-08-06,0.011480162973320558
2015-08-07,0.009674526448339259
2015-08-10,0.006544682296782357
2015-08-11,0.017693625567265375
2015-08-12,0.01433976985513086
2015-08-13,0.006931181688379568
2015-08-14,-0.0021366569717886598
2015-08-17,0.006902725878384485
2015-08-18,0.0008608675408425688
2015-08-19,0.01164189957700301
2015-08-20,0.017629557666975267
2015-08-21,0.04244243731202486
2015-08-24,0.011762041306863022
2015-08-25,0.03939922393952394
2015-08-26,-0.009070316192465901
2015-08-27,0.030061163875799813
2015-08-28,0.03811127919677337
2015-08-31,-0.013308319838883422
2015-09-01,0.028584344213047223
2015-09-02,0.04348504230889192
2015-09-03,0.008795095601095482
2015-09-04,0.01040909049363083
2015-09-07,0.029485843486809455
2015-09-09,0.0367919435144945
2015-09-10,0.008219325123370617
2015-09-11,0.006420696749170091
2015-09-14,0.011434674993235222
2015-09-15,0.016085927560438654
2015-09-16,0.02164923886762114
2015-09-17,0.01318578438505297
2015-09-18,0.022553562336699973
2015-09-24,0.02621226764787219
2015-09-25,0.006571848515036388
2015-09-28,0.0034548398064732774
2015-09-29,0.03737290085611164
2015-09-30,0.005132793320296879
2015-10-01,-0.0013191006205998182
2015-10-02,0.010840578269445266
2015-10-05,0.024371678578252787
2015-10-06,0.013313820061206377
2015-10-07,0.030036805950834262
2015-10-08,0.013717159582609151
2015-10-09,0.00259328139589313
2015-10-13,0.01149795651975608
2015-10-14,0.007235583165186541
2015-10-15,0.007293125545889583
2015-10-16,0.006059897876987094
2015-10-19,0.007617440506259941
2015-10-20,0.015397367377367622
2015-10-21,0.008000479080852406
2015-10-22,0.0050436441082827195
2015-10-23,0.019309183913372458
2015-10-26,0.01295237613130438
2015-10-27,0.00565122695879468
2015-10-28,0.00905836670312018
2015-10-29,0.010666959221287582
2015-10-30,0.011528532834533962
2015-11-02,0.023702247798483154
2015-11-04,0.010783603547013725
2015-11-05,-0.001363105981676393
2015-11-06,0.010059765220248802
2015-11-09,0.017101138611473554
2015-11-10,0.00025173218261578443
2015-11-11,-0.00774121583081807
2015-11-12,0.0058040348279553965
2015-11-13,0.012548467632855189
2015-11-16,0.037912720738133884
2015-11-17,0.01609749177739942
2015-11-18,0.0241882894852591
2015-11-19,0.011559993221859004
2015-11-20,-0.0003098591301026101
2015-11-24,0.006729463249467293
2015-11-25,0.006183842570794263
2015-11-26,0.013873651495063498
2015-11-30,0.008886174235627785
2015-12-01,0.006510858981835932
2015-12-02,0.0062678606852532865
2015-12-03,-0.0019410447725424567
2015-12-04,0.010809345054558312
2015-12-07,0.014288368484971966
2015-12-08,0.011267008951685727
2015-12-09,0.003352859135661588
2015-12-10,0.009614979988817565
2015-12-11,0.014600551245728182
2015-12-14,0.012028195910365847
2015-12-15,0.015918812339600033
2015-12-16,0.0043172155453876865
2015-12-17,0.023578937670957825
2015-12-18,0.012257941480278266
2015-12-21,0.01447332052345214
2015-12-22,0.012991196709328648
2015-12-24,0.007793961041947061
2015-12-25,0.007459817682979459
2015-12-29,0.01377856654528261
2015-12-30,0.007148331478720196
2016-01-04,0.01688521915548704
2016-01-05,0.01594358502626002
2016-01-06,0.009279605453577758
2016-01-07,0.01586537456667464
2016-01-08,0.002410381509062016
2016-01-12,0.03335191150077557
2016-01-13,0.018130753019452866
2016-01-14,0.03107788485029564
2016-01-15,0.0069703103444234225
2016-01-18,0.022833925176717493
2016-01-20,0.006808341104239095
2016-01-21,0.0074568732837989055
2016-01-22,0.03397188265259275
2016-01-25,0.029487050429225233
2016-01-26,0.028051818183071182
2016-01-27,0.018850640950697092
2016-01-28,0.009504554761623155
2016-01-29,0.04309229666518178
2016-02-01,0.008024600607613994
2016-02-02,0.005969730283808855
2016-02-03,0.0015797346154729703
2016-02-04,0.017536658509567486
2016-02-05,0.017202801249594703
2016-02-08,0.026977650905859102
2016-02-09,0.022865597891205982
2016-02-10,0.031261672722438794
2016-02-12,0.07790935606285088
2016-02-15,0.04541528755907921
2016-02-17,0.028807523769920837
2016-02-18,0.009890804583160629
2016-02-19,0.004246011326944419
2016-02-22,0.024917662846116403
2016-02-23,0.007775610813513442
2016-02-24,0.0158501754069861
2016-02-25,0.028808007068611752
2016-02-26,0.015019371634542367
2016-02-29,0.029534621994239254
2016-03-01,0.021639278071385718
2016-03-02,0.02927101301893523
2016-03-03,-0.0001997610938503369
2016-03-04,0.010688003483756188
2016-03-07,0.00029192375278716694
2016-03-08,-0.006490987874328983
2016-03-09,0.004858929730836133
2016-03-10,0.008600886251699224
2016-03-11,0.010088216080607173
2016-03-14,0.012262698868649217
2016-03-15,0.019914431050201038
2016-03-16,0.008792645189713675
2016-03-17,0.017027653730824543
2016-03-18,0.01571662908890409
2016-03-22,0.016108235132662466
2016-03-23,-0.004280008073294275
2016-03-24,0.011843005868973723
2016-03-25,0.008729226987142971
2016-03-29,0.014950203109764644
2016-03-30,0.0043509621043509175
2016-03-31,-0.0008466591390731439
2016-04-01,0.03736665019050505
2016-04-04,0.006655589947029086
2016-04-05,0.010054501077553691
2016-04-06,0.004624853890638873
2016-04-07,0.0061511149637140045
2016-04-08,0.013065761122451943
2016-04-11,0.0070795692716265485
2016-04-12,0.025369983002843155
2016-04-13,0.021196930581253385
2016-04-14,0.01716648528540201
2016-04-15,-0.00792054494476564
2016-04-18,0.025071801622356872
2016-04-19,0.013207307080990716
2016-04-20,0.017779177490966
2016-04-21,0.0031975078421868663
2016-04-22,0.0037251732843351366
2016-04-25,0.0012472246824181024
2016-04-26,0.014351577261021443
2016-04-27,0.014438784258112096
2016-04-28,0.022085077139073532
2016-05-02,0.03159407899813912
2016-05-06,0.012424579538752947
2016-05-09,0.026486242577158235
2016-05-10,0.016545966318872042
2016-05-11,0.02595363376496954
2016-05-12,0.019616930870296385
2016-05-13,0.018566729850121554
2016-05-16,0.010119949527306698
2016-05-17,0.014564794448486997
2016-05-18,0.030983108417675764
2016-05-19,0.01455299462146584
2016-05-20,0.007389960977990838
2016-05-23,0.007303367745488248
2016-05-24,0.01517231614738052
2016-05-25,0.01183845552539548
2016-05-26,0.004853933468840122
2016-05-27,0.015936591946580817
2016-05-30,0.007066489622941146
2016-06-01,0.01810277984426172
2016-06-02,0.016183676343879988
2016-06-03,-0.00038088293737796467
2016-06-06,0.012881702180034928
2016-06-07,0.014850868604910134
2016-06-08,0.01230812739931176
2016-06-09,0.002859480643874842
2016-06-10,-0.004182485013893299
2016-06-13,0.02263977686423157
2016-06-14,0.01145280193595238
2016-06-15,0.00523097050748505
2016-06-16,-0.00044782526570239824
2016-06-17,0.007359247163006566
2016-06-20,0.02401056907553906
2016-06-21,0.02064585170009271
2016-06-22,-0.0016408395761527243
2016-06-23,0.03220216534440805
2016-06-24,0.08078128449510633
2016-06-27,0.024358325950017443
2016-06-28,0.025894293253856154
2016-06-29,0.013011785376375186
2016-06-30,0.011228961446273469
2016-07-01,0.026129724511402583
2016-07-04,0.013868492000969897
2016-07-06,0.018960806723247983
2016-07-07,0.010323798345779433
2016-07-08,0.03213354206333509
2016-07-11,0.01980783184437132
2016-07-12,-0.0008788360193647815
2016-07-13,0.007633851545190509
2016-07-14,0.01093294424449326
2016-07-15,0.013181277632182038
2016-07-19,0.020954276250466593
2016-07-20,-0.004110448658984314
2016-07-21,0.015726961206333417
2016-07-22,0.005154954371246443
2016-07-25,0.007957729206689168
2016-07-26,0.03203595668726423
2016-07-27,0.0001262484200623042
2016-07-28,0.004958592592170666
2016-07-29,-0.0068541694461835626
2016-08-01,0.012117300326676612
2016-08-02,-0.0021782443692169176
2016-08-03,0.03831056904098161
2016-08-04,0.005025954558045365
2016-08-05,-0.0007050069337717524
2016-08-08,0.016607889379599814
2016-08-09,0.003590873645263294
2016-08-10,0.005999556345038749
2016-08-12,0.008393211888649853
2016-08-15,0.007641002142113704
2016-08-16,0.023594488011910154
2016-08-17,0.011190389559870879
2016-08-18,0.01787336265714828
2016-08-19,0.0031922440373982367
2016-08-22,0.011258212939107013
2016-08-23,0.007052514361958913
2016-08-24,0.01337801517554542
2016-08-25,-0.0033672547112710985
2016-08-26,0.010883645367092867
2016-08-29,0.018004330629704548
2016-08-30,-0.005249025042288134
2016-08-31,0.022725990768220364
2016-09-01,0.0013357599978706038
2016-09-02,0.0052235347088853325
2016-09-05,0.009079549132593703
2016-09-07,0.00916144050745939
2016-09-08,0.0030466595423229363
2016-09-09,0.004521435954322308
2016-09-12,0.008960678761995062
2016-09-13,0.0029435699861199453
2016-09-14,0.0031840505694282805
2016-09-15,0.004104043781514467
2016-09-16,0.002336651612194405
2016-09-20,0.020174225108161765
2016-09-21,0.031650177028000076
2016-09-23,0.0051143676441214
2016-09-26,0.011613566007599427
2016-09-27,0.010521710251479995
2016-09-28,0.03551096086828447
2016-09-29,0.022554652652389106
2016-09-30,0.02199721560103269
2016-10-03,0.0035456660533755265
2016-10-04,0.015383181817336184
2016-10-05,0.011569773131326733
2016-10-06,0.011338376601317264
2016-10-07,-0.001307078367960259
2016-10-11,0.0010377372576993713
2016-10-12,0.006280989020856496
2016-10-13,0.008160222105569555
2016-10-14,0.004650041780705608
2016-10-17,0.002902271851258163
2016-10-18,0.0074636291412778265
2016-10-19,0.001961720299235153
2016-10-20,0.00827119078554469
2016-10-21,0.0031521706972994445
2016-10-24,0.0074400980735382935
2016-10-25,0.009159338335452167
2016-10-26,0.00964867838582768
2016-10-27,0.002752610148683569
2016-10-28,0.010418074507376727
2016-10-31,0.005812786094406373
2016-11-01,0.011801247853980606
2016-11-02,0.015932360616538636
2016-11-04,0.001955741210564379
2016-11-07,0.021441013254849366
2016-11-08,-0.00878733295358043
2016-11-09,0.06600394757233666
2016-11-10,0.009459739008121235
2016-11-11,0.04831591112434321
2016-11-14,-0.00026491942051594646
2016-11-15,0.01881079892923297
2016-11-16,0.005080356221244401
2016-11-17,0.009234086983327883
2016-11-18,0.009475126614626845
2016-11-21,-0.0031281514985359977
2016-11-22,0.005071189807641145
2016-11-24,0.014979859116067128
2016-11-28,0.0108167097054392
2016-11-29,0.003038864436224641
2016-11-30,0.002084668090869204
2016-12-01,0.013262798509295676
2016-12-02,0.011533519900817777
2016-12-05,0.00984814552955179
2016-12-06,0.011857349786827157
2016-12-07,0.016916634949271436
2016-12-08,0.023455338797343715
2016-12-09,0.012651747057589247
2016-12-12,0.02026966273574295
2016-12-13,0.011164318779456844
2016-12-14,0.006938500448067767
2016-12-15,0.0007373218263863901
2016-12-16,0.002757178084193201
2016-12-19,0.018491522992151444
2016-12-20,0.011500956768019118
2016-12-21,0.0013783071424619557
2016-12-22,-0.0016406925459448367
2016-12-26,0.010331576166130353
2016-12-28,0.0006145720556915933
2016-12-29,0.007003565933195887
2016-12-30,-0.0003230411016532692
2017-01-04,0.031145688221680266
2017-01-05,0.004322587662732209
2017-01-06,0.011161805869646334
2017-01-10,-0.0067999175013768185
2017-01-11,0.0015354607219072347
2017-01-12,0.014477241388155633
2017-01-13,0.004877558560672738
2017-01-16,0.007898681804306524
2017-01-18,0.0011424752076832816
2017-01-19,0.006599327162337569
2017-01-20,0.005669611004759876
2017-01-23,-3.537066714131166e-05
2017-01-24,0.01297083034011387
2017-01-25,0.016115586764517256
2017-01-26,0.009250682072008042
2017-01-27,0.005364119685879841
2017-01-30,0.000253220285245104
2017-01-31,0.012583024241527758
2017-02-01,0.017961698000238762
2017-02-02,0.007002245015481396
2017-02-03,0.0013469198889023253
2017-02-06,0.012891780535869306
2017-02-07,0.00227967692415274
2017-02-08,0.018681076811457264
2017-02-09,0.015600932328669288
2017-02-10,0.01852282562624891
2017-02-13,0.007213159527295868
2017-02-14,0.004796420549088841
2017-02-15,0.0036308186034373813
2017-02-16,0.004347039187056489
2017-02-17,-0.000495587796678602
2017-02-20,0.0064706327253120696
2017-02-22,0.004668060802912094
2017-02-23,0.000312703747676304
2017-02-24,0.0068549740402774235
2017-02-27,0.010028469774329585
2017-02-28,0.01000404692366753
2017-03-01,0.004922257727983581
2017-03-02,0.0013262768805833698
2017-03-03,0.008630937521104689
2017-03-06,0.00724193993289016
2017-03-07,0.0021284472190482135
2017-03-08,0.006433609910656878
2017-03-09,0.006040203996686714
2017-03-10,0.004625262289379197
2017-03-13,0.006637603585937073
2017-03-14,0.004567121756881281
2017-03-15,-0.0013845867332620643
2017-03-16,0.0015053685661152773
2017-03-17,0.01432812500165824
2017-03-21,-0.002610994292750363
2017-03-22,0.013803206745611278
2017-03-23,0.006247585649016517
2017-03-24,0.01221809444553365
2017-03-27,0.01036363628821534
2017-03-28,0.014038931777552445
2017-03-29,0.007802701522396955
2017-03-30,-0.0023084152854115567
2017-03-31,-0.002008160523200132
2017-04-03,0.0035489008010176903
2017-04-04,0.0038723030086778984
2017-04-05,0.00536749893529635
2017-04-06,0.010511911915228298
2017-04-07,0.0069222694404740045
2017-04-10,0.013321651114704744
2017-04-11,0.0017495965881908517
2017-04-12,0.006601250496292873
2017-04-13,0.004454711126478246
2017-04-14,0.005167381100339561
2017-04-18,0.006877071412366557
2017-04-19,0.004164548270012568
2017-04-20,0.0006609132118324782
2017-04-21,-0.004493016914706346
2017-04-24,0.011434460816381376
2017-04-25,0.006967558919877704
2017-04-26,0.003687645263310493
2017-04-27,0.0024942747183034067
2017-04-28,0.0024786697619886464
2017-05-01,0.005613554471881109
2017-05-02,0.001621732745640302
2017-05-08,0.0018099602934874355
2017-05-09,0.005363235225423269
2017-05-10,0.0037395460125815966
2017-05-11,0.0002882572024961176
2017-05-12,0.008800238903762506
2017-05-15,-0.0028408767879576236
2017-05-16,0.0020523214231345276
2017-05-17,-0.022682390917336523
2017-05-18,0.01478251671597176
2017-05-19,0.006058736579597751
2017-05-22,0.002048387213933844
2017-05-23,0.008467805728171733
2017-05-24,0.005568069515609787
2017-05-25,-0.0016570934271590882
2017-05-26,0.00037042197892716167
2017-05-29,0.003772775658456501
2017-05-31,0.004621174897403116
2017-06-01,0.013158237853459648
2017-06-02,0.0070164293541730635
2017-06-05,0.003979680482711986
2017-06-06,0.0009387726517552499
2017-06-07,0.005837479540047136
2017-06-08,-0.0019178770813541674
2017-06-09,0.00993978715298952
2017-06-12,0.0262368461266615
2017-06-13,0.0010201536012225084
2017-06-14,0.0011954559227231527
2017-06-15,0.014522524611986781
2017-06-16,-0.004547420129342786
2017-06-19,0.010450660743911206
2017-06-20,0.0026514793494955276
2017-06-21,0.0026597345557082576
2017-06-22,0.0016273609919074917
2017-06-23,0.003962939555221411
2017-06-26,0.0010862401635248116
2017-06-27,9.093034434845266e-05
2017-06-28,0.005400083066532908
2017-06-29,0.007904916678964818
2017-06-30,0.0032134018210884553
2017-07-03,0.005865517762714604
2017-07-04,0.007987413625311454
2017-07-06,-0.005836320118628319
2017-07-07,-0.0013920548742413605
2017-07-10,0.006896215915040243
2017-07-11,-0.022036941992644308
2017-07-12,-0.0023962693993721668
2017-07-13,-0.005364180116824076
2017-07-14,0.005362746817711232
2017-07-18,-0.005111279279198782
2017-07-19,0.0008746471565369261
2017-07-20,0.011225664322590081
2017-07-21,0.0033245194472260363
2017-07-24,0.00768778784964768
2017-07-25,0.0035005761087762927
2017-07-26,0.012046223840539489
2017-07-27,0.00327223975859961
2017-07-28,0.003468631018014412
2017-07-31,0.005301311954674303
2017-08-01,0.0066467431204497406
2017-08-02,-0.002759772656452676
2017-08-03,0.000375782504598742
2017-08-04,0.0029270657802731507
2017-08-07,0.0037797057761639634
2017-08-08,-0.00020305980139495735
2017-08-09,-0.009272427326255278
2017-08-10,-1.8631259813679975e-05
2017-08-11,0.00045151240913150715
2017-08-14,-0.001490236331784589
2017-08-15,0.00725133904197201
2017-08-16,-0.0026426971958825604
2017-08-17,0.0032325364726259864
2017-08-18,0.008500496209330237
2017-08-21,-0.008558815446646072
2017-08-22,0.0011958634614817642
2017-08-23,0.007096407972888028
2017-08-24,-0.00016396013731082796
2017-08-25,-0.001827502064840754
2017-08-28,0.00447233262397591
2017-08-29,0.003653795686923589
2017-08-30,0.001405928092579318
2017-08-31,0.0037740684272461545
2017-09-01,0.0026156925703286586
2017-09-04,0.004906689680529972
2017-09-06,0.003472621737583714
2017-09-07,-0.003738097759864696
2017-09-08,0.003814933386445641
2017-09-11,-0.0007493384154547626
2017-09-12,-5.0606959853714654e-05
2017-09-13,-0.0030662344701749755
2017-09-14,0.0014072312055546927
2017-09-15,-0.0034491428543288903
2017-09-18,0.0005556142126986162
2017-09-19,0.017194057842105072
2017-09-20,0.012296522591511708
2017-09-21,-0.003165764195959035
2017-09-22,0.002263868713904934
2017-09-25,0.009980729147480516
2017-09-26,0.00457011174470538
2017-09-27,0.0020213854939823486
2017-09-28,0.006459896086917065
2017-09-29,0.009142866447455409
2017-10-02,0.0008771185838432889
2017-10-03,0.00764561706697383
2017-10-04,0.0006041945076315331
2017-10-05,0.000745043399178832
2017-10-06,0.0005803028817615934
2017-10-09,0.0007295960367732248
2017-10-10,0.0064641256340285235
2017-10-11,0.007406492012426536
2017-10-12,-0.006960763830539936
2017-10-13,0.012144964585362116
2017-10-16,0.01208728874221086
2017-10-17,0.0033968525171989856
2017-10-18,0.010643905974335384
2017-10-19,0.005251641363968798
2017-10-20,0.003976802876105984
2017-10-23,0.007125746097107144
2017-10-24,0.0019581701783376497
2017-10-25,0.016581260239159526
2017-10-26,0.0029788864877241267
2017-10-27,0.002650042367028308
2017-10-30,0.004305460556678242
2017-10-31,0.0010310444069244324
2017-11-01,0.005775199860813451
2017-11-02,-0.000342001819268021
2017-11-03,-0.004159813220023525
2017-11-06,0.0054395399254444175
2017-11-07,0.008550269078351153
2017-11-08,0.011395533683481965
2017-11-09,0.02114510793601891
2017-11-10,0.0011208813830319744
2017-11-13,0.0014617435582988043
2017-11-14,0.002629612349689449
2017-11-15,0.01257655836912205
2017-11-16,0.0055707085969682
2017-11-17,0.006935338692553805
2017-11-20,0.01805825558800166
2017-11-21,0.00023673977563957874
2017-11-22,0.014850981368784384
2017-11-23,-0.0024809436210001022
2017-11-27,0.05220800557254243
2017-11-28,0.003590262062095992
2017-11-29,-6.104762755817367e-05
2017-11-30,0.010099587554605098
2017-12-01,0.011510776590208011
2017-12-04,0.0043503279379552805
2017-12-05,-0.004795248402660196
2017-12-06,0.004940267162083127
2017-12-07,0.0070698028691489525
2017-12-08,0.0002832365998864813
2017-12-11,0.010587863172878085
2017-12-12,0.012936765093113083
2017-12-13,0.0013506756383868308
2017-12-14,0.0029483079393415783
2017-12-15,-0.00633479811726403
2017-12-18,-0.00414009742307882
2017-12-19,0.003534200020144964
2017-12-20,0.0025500143702679567
2017-12-21,6.950964033307491e-05
2017-12-22,0.0022933855420209466
2017-12-25,0.0003781211635702716
2017-12-27,0.02019431315444266
2017-12-28,0.0010821715613354875
2017-12-29,0.0035455378101886584
2018-01-01,-0.001393918383129915
2018-01-03,0.007032042130078709
2018-01-04,0.01597056849943347
2018-01-05,-0.0019600882312118487
2018-01-08,-0.004576960863066309
2018-01-09,0.013295227207625085
2018-01-10,-0.005746353361094433
2018-01-11,-0.0006099158604574216
2018-01-12,2.6724704856867423e-05
2018-01-15,0.010324684022634999
2018-01-17,-0.001313297877883141
2018-01-18,0.020505152023873263
2018-01-19,0.0010729634227228174
2018-01-22,0.00373677128931072
2018-01-23,-0.008272808066581485
2018-01-24,0.00039881987739525293
2018-01-25,0.010353485679203528
2018-01-26,0.003003078995598351
2018-01-29,0.0020580723278237484
2018-01-30,0.01233011863377247
2018-01-31,0.009863484589825559
2018-02-01,0.004421342919900449
2018-02-02,0.0018767843068273698
2018-02-05,0.00979934830020425
2018-02-06,0.018475820425895774
2018-02-07,0.024939019183999416
2018-02-08,0.026081504042198358
2018-02-09,0.01981655996033617
2018-02-12,0.004602146865920087
2018-02-13,0.02110020954544036
2018-02-14,0.005369799684777225
2018-02-15,0.017098960036401805
2018-02-16,0.0013035181826437248
2018-02-19,0.001403264915571903
2018-02-21,-0.0008843103270783318
2018-02-22,0.0020381410818980875
2018-02-23,0.00030051238702593014
2018-02-26,0.003184887465359618
2018-02-27,0.0035433497003990806
2018-02-28,0.007698009430964658
2018-03-01,0.002533769667490319
2018-03-02,0.006799091236571387
2018-03-05,0.01799811029708044
2018-03-06,0.011915170458321484
2018-03-07,0.0013623462405126041
2018-03-08,0.0006153849521785919
2018-03-09,0.008628299423989929
2018-03-12,0.012717536718780783
2018-03-13,-0.0010031607682914104
2018-03-14,0.00619855873627358
2018-03-15,-0.009315551976763614
2018-03-16,0.0010450494429440913
2018-03-19,-0.007155131079146531
2018-03-20,0.005790539880037264
2018-03-21,-0.0016233432161868381
2018-03-22,0.014899030242409586
2018-03-23,0.018641500948127297
2018-03-26,0.006935532872773581
2018-03-27,0.003257713442387446
2018-03-28,0.005463799927958795
2018-03-29,-0.004065351870101306
2018-03-30,0.003941442322093776
2018-04-03,0.016999286241254595
2018-04-04,0.0005840287082731009
2018-04-05,0.0019063258483708698
2018-04-06,0.007935157176543218
2018-04-09,0.004036428628471164
2018-04-10,0.009074346012247003
2018-04-11,-0.0085953084988386
2018-04-12,-0.007068082981834384
2018-04-13,0.006536240165967828
2018-04-16,-0.00480891621799146
2018-04-17,0.0036416709582551715
2018-04-18,0.0005641152018466828
2018-04-19,0.009569018356433706
2018-04-20,0.004652652668489112
2018-04-23,-0.001912585268358167
2018-04-24,-0.000515166006115707
2018-04-25,0.008333188879966338
2018-04-26,-0.005372666046120394
2018-04-27,0.005793756739853375
2018-04-30,-0.0026692518222069883
2018-05-01,0.0038350371363035686
2018-05-02,0.011460646142864347
2018-05-03,-0.0013390596690078793
2018-05-04,-0.0021506994259088397
2018-05-07,-0.004022418521630215
2018-05-08,-0.0034821960467577694
2018-05-09,-0.002337791289702372
2018-05-10,0.014683389998679545
2018-05-11,0.0059989289427002735
2018-05-14,0.011562032682772989
2018-05-15,-0.005745379357704221
2018-05-16,0.006008321149162731
2018-05-17,-0.003440826578447683
2018-05-18,0.006603686809280097
2018-05-21,0.0005496556504750421
2018-05-22,0.009025171098754194
2018-05-23,0.0031976455066348823
2018-05-24,0.003957953352595798
2018-05-25,0.0028170830353271632
2018-05-28,0.013198284945339976
2018-05-30,-0.00028194383138976
2018-05-31,0.00902226348331964
2018-06-01,-0.01004760121471641
2018-06-04,0.00020445586482384132
2018-06-05,0.005044014387542328
2018-06-06,0.002565692947303081
2018-06-07,0.012500894363929541
2018-06-08,0.00501609760359774
2018-06-11,-0.0012442974112459803
2018-06-12,0.0026077170502495925
2018-06-13,0.002978469088418165
2018-06-14,0.0027073265253423715
2018-06-15,-8.703129495617667e-05
2018-06-18,0.0069107192379448895
2018-06-19,0.005469494079137046
2018-06-20,0.016071840086030686
2018-06-21,-0.008027425552992361
2018-06-22,0.013851843794208963
2018-06-25,0.026061728124619578
2018-06-26,0.01315588805635278
2018-06-27,-0.017760150982043994
2018-06-28,0.001932572138897365
2018-06-29,-0.0029355742782351665
2018-07-02,-0.000361461484908708
2018-07-03,0.004493883642117755
2018-07-04,-0.0036416748966279066
2018-07-06,0.0011734927154436275
2018-07-09,0.008990492569787015
2018-07-10,0.011158877003222678
2018-07-11,-0.003391822033863995
2018-07-12,0.0010589528515655016
2018-07-13,-0.006767620111282023
2018-07-16,-0.006387708382068905
2018-07-17,0.002198623061548906
2018-07-18,0.004225280734932301
2018-07-19,-0.01965649973674481
2018-07-20,-0.001304543106567904
2018-07-23,-0.012147149139346721
2018-07-24,-0.007190717888124961
2018-07-25,0.005116457157551573
2018-07-26,-0.004207543113264613
2018-07-27,0.002712926654621665
2018-07-30,-0.010042338865761662
2018-07-31,0.0024694338117222233
2018-08-01,-0.009116120752495795
2018-08-02,0.002867888849545494
2018-08-03,-0.0014026943170433689
2018-08-06,0.002444223761579974
2018-08-07,-0.0010491365067132191
2018-08-08,-0.01566873998584859
2018-08-09,0.003675928782191332
2018-08-10,0.001203150753281655
2018-08-13,-0.0007735609719553313
2018-08-14,-0.000145146271624455
2018-08-15,0.00871861262866324
2018-08-16,0.0167816208887473
2018-08-17,0.011608612354622802
2018-08-20,0.007600232869254748
2018-08-21,-0.0011393308605485556
2018-08-22,-0.00018725979386687475
2018-08-23,-0.0017481277240437283
2018-08-24,-0.0015578286170978826
2018-08-27,0.004540324089161484
2018-08-28,0.0032297271427929324
2018-08-29,0.0014649704842146468
2018-08-30,-0.00032809974924372033
2018-08-31,0.009517290822167313
2018-09-03,-0.002726288779740409
2018-09-05,0.00031082247324537376
2018-09-06,0.0021578256179973204
2018-09-07,0.0011964587636921495
2018-09-10,0.007634619952946391
2018-09-11,0.0031728433526884104
2018-09-12,0.0019335193455422167
2018-09-13,-0.010077020433383448
2018-09-14,0.0037366521089627213
2018-09-17,0.0023375994163689065
2018-09-18,0.019225259636088374
2018-09-19,0.0036582688220191005
2018-09-20,0.0026125479217553333
2018-09-21,-0.015320367289082346
2018-09-24,0.0011889758168196326
2018-09-25,0.006904513952282215
2018-09-26,0.010848549775891479
2018-09-27,0.016324309408081702
2018-09-28,0.012170938240150597
2018-10-01,-0.0010009834739122111
2018-10-02,0.007122109626239897
2018-10-03,-0.0006016591640097919
2018-10-04,-0.0006033500485648172
2018-10-05,0.002980022486048544
2018-10-08,0.007348096581649385
2018-10-09,0.009154441871472041
2018-10-10,-0.038332343838579544
2018-10-11,0.026262319812526413
2018-10-12,0.004845017040041742
2018-10-15,0.0008889866776126596
2018-10-16,-0.005368310381977147
2018-10-17,0.007845956954632957
2018-10-18,0.004609642631253345
2018-10-19,0.00991131599586945
2018-10-22,0.004130363809057326
2018-10-23,0.010672266252500201
2018-10-24,0.002420662525245203
2018-10-25,0.004474170265925511
2018-10-26,0.004411603383172079
2018-10-29,0.006307179596320072
2018-10-30,0.0033600776183267964
2018-10-31,-0.005538018763599765
2018-11-01,-0.012675299494205369
2018-11-02,0.005989195309138974
2018-11-05,0.00857905950162309
2018-11-06,0.00043659252933558206
2018-11-07,0.012172269314239297
2018-11-08,-0.005429822513642886
2018-11-09,0.005441884609418524
2018-11-12,-0.00478804392371973
2018-11-13,-0.00018601918267972394
2018-11-14,0.002510310267291659
2018-11-15,-0.0030521676243854836
2018-11-16,-0.0013276447458822511
2018-11-19,0.009032572655240698
2018-11-20,0.013402485355527497
2018-11-21,0.0008672136203015115
2018-11-22,-0.005180727666405499
2018-11-26,0.0045937847847324674
2018-11-27,0.0047403316363259194
2018-11-28,0.001227222358879649
2018-11-29,0.006357102990096299
2018-11-30,-0.002854974649619857
2018-12-03,0.01670459278202066
2018-12-04,0.0322987782066876
2018-12-05,0.0033232172764811824
2018-12-07,0.0020485969054975218
2018-12-10,0.009597698484050673
2018-12-11,0.004610016113563289
2018-12-12,0.0024415973674105883
2018-12-13,0.006223708564604162
2018-12-14,0.003364906931857101
2018-12-17,-0.0024959482015052027
2018-12-18,-0.0007461811588137897
2018-12-19,0.0014546585245023068
2018-12-20,0.006402275282475067
2018-12-21,0.0015359723641003814
2018-12-24,-0.0026582238695116575
2018-12-25,0.031940755560327924
2018-12-27,-0.006777279468676664
2018-12-28,-0.0006309881958296841
2018-12-31,-0.0024206673842616516
2019-01-04,0.015807791712414934
2019-01-07,0.016282841772383788
2019-01-08,0.0032368820018562152
2019-01-09,0.006132666440576361
2019-01-10,-0.002657539692626775
2019-01-11,0.001312885123638739
2019-01-15,-0.01011763638796018
2019-01-16,0.0022971830276389744
2019-01-17,-0.00259253466470987
2019-01-18,-0.004531466695462809
2019-01-21,-0.01344669923622751
2019-01-23,0.014490179667708962
2019-01-24,0.004511208235587208
2019-01-25,0.0015455986026825961
2019-01-28,0.004911456437234769
2019-01-29,0.024220454092993327
2019-01-30,-0.007183177656207343
2019-01-31,0.0019527872008583045
2019-02-01,-0.001997872668817371
2019-02-04,0.0022843118168537307
2019-02-05,0.00809762053023759
2019-02-06,-0.0044030602145968
2019-02-07,-0.009407731593440782
2019-02-08,-0.005344355762755831
2019-02-12,0.0038166226755299276
2019-02-13,-0.0012217014915292472
2019-02-14,-0.0032864758850093528
2019-02-15,0.007508819395415598
2019-02-18,-0.0008837426942281943
2019-02-20,0.008542344768359609
2019-02-21,0.0007850551640274657
2019-02-22,0.00926727077336917
2019-02-25,-0.008744348296445128
2019-02-26,-0.001866482443259072
2019-02-27,-0.0063966967674048735
2019-02-28,-0.0011660513529260668
2019-03-01,-0.005518238154306375
2019-03-04,-0.0031067825075799405
2019-03-05,0.0035225636248455076
2019-03-06,0.006608645563332965
2019-03-07,0.004177025535182019
2019-03-08,0.005631596125122048
2019-03-11,-0.001132126588823921
2019-03-12,0.002162408969888613
2019-03-13,-0.0015210008733734259
2019-03-14,0.0039853893542908525
2019-03-15,-0.00682041128901318
2019-03-18,0.0036165267737318894
2019-03-19,-0.003301139477974232
2019-03-20,0.005941154025836996
2019-03-22,-0.019270910650178018
2019-03-25,0.00806564181304492
2019-03-26,0.017631965515478232
2019-03-27,-0.005542232717489081
2019-03-28,0.001293330405847153
2019-03-29,-0.009124214258626036
2019-04-01,0.02179197347002882
2019-04-02,0.0034367848394434267
2019-04-03,-0.0012991998664910662
2019-04-04,-0.0013460033465252843
2019-04-05,0.0029403376730766915
2019-04-08,-0.003732891852471129
2019-04-09,0.010213778887203139
2019-04-10,-0.001665044958365286
2019-04-11,0.003125000475237905
2019-04-12,0.009482168731397577
2019-04-15,0.008105611407338635
2019-04-16,0.004378698833400821
2019-04-17,0.00372768511713517
2019-04-18,0.012909936802474998
2019-04-19,-0.0001486451995590624
2019-04-23,0.010215573699113658
2019-04-24,-0.006265160154301364
2019-04-25,-0.0008784500285577278
2019-04-26,0.00320115213295744
2019-05-07,0.018157448633533215
2019-05-08,0.003286173689260404
2019-05-09,0.021732600730279307
2019-05-10,-0.004753815785181064
2019-05-13,0.001194418620953103
2019-05-14,0.01533365953016934
2019-05-15,-0.004742103109646876
2019-05-16,0.004265315682621582
2019-05-17,-0.0006448688669103504
2019-05-20,0.023710300869056566
2019-05-21,-0.0025693136760279976
2019-05-22,0.0027460840643727296
2019-05-23,0.0038376873754770186
2019-05-24,0.008979259400048893
2019-05-27,0.004759340457154126
2019-05-29,-0.004269995740091468
2019-05-30,-0.0009940605495024513
2019-05-31,-0.004620728104753025
2019-06-03,0.01902474508929603
2019-06-04,0.005916411550681055
2019-06-05,0.016843221034978838
2019-06-06,-0.0044166958278201406
2019-06-07,0.004133550766483593
2019-06-10,0.00020081103571748644
2019-06-11,0.004709410679180764
2019-06-12,-0.0032076193478048154
2019-06-13,-0.001781384034854811
2019-06-14,0.004197591542976268
2019-06-17,-0.0020238337014818492
2019-06-18,-6.889302156160666e-05
2019-06-19,1.2674468307079158e-05
2019-06-20,-0.002742165750180636
2019-06-21,0.0076884619488458775
2019-06-24,0.0012085569809609105
2019-06-25,0.013475708839295494
2019-06-26,0.0008435963668263285
2019-06-27,0.003630677446682679
2019-06-28,0.010053973518542574
2019-07-01,0.010649779672343025
2019-07-02,0.00410089418956501
2019-07-03,0.003310220146962517
2019-07-04,0.003991435742870205
2019-07-08,0.00701484189684779
2019-07-09,0.0034135556881275137
2019-07-10,-0.007078446967029533
2019-07-11,0.009207861141781681
2019-07-12,0.0009652488759311223
2019-07-16,-0.0006351665224097177
2019-07-17,0.0011675128834813513
2019-07-18,0.0183937940795711
2019-07-19,0.0112736138168785
2019-07-22,-0.0011717833345565602
2019-07-23,0.000574467695655424
2019-07-24,-0.0005700487535671495
2019-07-25,-0.0007389812390563311
2019-07-26,0.005824507741412035
2019-07-29,-0.0005099187179727257
2019-07-30,0.006401578601630705
2019-07-31,-0.01065168708371846
2019-08-01,-0.0006534523453821805
2019-08-02,0.010581137412172217
2019-08-05,0.007758013398700464
2019-08-06,0.024680624813206497
2019-08-07,0.0027717790303965553
2019-08-08,0.024487364773396855
2019-08-09,0.04466047498218468
2019-08-13,0.018421490773270183
2019-08-14,-0.002434582362640108
2019-08-15,0.011133970366264269
2019-08-16,0.0009276357285651986
2019-08-19,0.004492686451907218
2019-08-20,0.0013187173313029357
2019-08-21,0.009646564133636858
2019-08-22,-0.0024813905540512255
2019-08-23,0.0022625808555364643
2019-08-26,0.016310655567388276
2019-08-27,0.010322128073982993
2019-08-28,-0.003058445574399894
2019-08-29,0.00600702993029331
2019-08-30,-0.0039704894259863675
2019-09-02,0.0016450699485810502
2019-09-04,0.005093003028301273
2019-09-05,0.005466897313424078
2019-09-06,-0.0007995296703725719
2019-09-09,0.0029102055237734286
2019-09-10,0.013838196578324902
2019-09-11,0.0069528771503736915
2019-09-12,0.02125658753057719
2019-09-13,0.04883557829445493
2019-09-17,-0.0015853500982333383
2019-09-18,-0.0015809611139308488
2019-09-19,0.005790399096064254
2019-09-20,0.001031336829826287
2019-09-24,0.005285170458962024
2019-09-25,-0.0006567006113675359
2019-09-26,-0.0018060226978902827
2019-09-27,0.01113729955348396
2019-09-30,0.00738925932960001
2019-10-01,0.005456463741020438
2019-10-02,0.006806695349391402
2019-10-03,0.01257800724981116
2019-10-04,0.00794114632131466
2019-10-07,0.00045791466352919255
2019-10-08,-5.957820505730969e-05
2019-10-09,0.00561176970768625
2019-10-10,0.008922558019864938
2019-10-11,0.008681453126581428
2019-10-15,0.01734395736110411
2019-10-16,0.004746628633701877
2019-10-17,0.0020423138113032017
2019-10-18,-0.0015039386890199151
2019-10-21,0.0033948352313165273
2019-10-23,-0.00047742332933395967
2019-10-24,0.002500607408485723
2019-10-25,-0.001081288011525599
2019-10-28,0.006708101165442657
2019-10-29,0.007032110132970524
2019-10-30,0.004175247554773287
2019-10-31,0.0028151283189717267
2019-11-01,0.011635426751530053
2019-11-05,0.005687547857953124
2019-11-06,0.002063635247678353
2019-11-07,0.004746764929735069
2019-11-08,0.04203363859718488
2019-11-11,0.003524518703639311
2019-11-12,0.0007380181306617293
2019-11-13,0.0023193713727742127
2019-11-14,0.0009361909393117581
2019-11-15,0.005351113235983109
2019-11-18,-0.006960512607045104
2019-11-19,0.016585113501716885
2019-11-20,0.0003700376014184282
2019-11-21,0.001244645980413583
2019-11-22,-0.002196390381936513
2019-11-25,0.0011129252260449435
2019-11-26,0.007075209270645056
2019-11-27,-0.00033824176269433735
2019-11-28,0.0022097426209589694
2019-12-02,0.007671127083008705
2019-12-03,0.0030549448580586055
2019-12-04,0.010502214777738857
2019-12-05,0.0014855098237186828
2019-12-06,0.010188247504659144
2019-12-09,0.002508450754507138
2019-12-10,0.00166840307244177
2019-12-11,-0.0030872266952175825
2019-12-12,-0.002292298728487948
2019-12-13,0.013357474571984
2019-12-16,0.0011449435828990479
2019-12-17,0.009021960719115606
2019-12-18,0.0093960655156653
2019-12-19,0.005710763766570575
2019-12-20,0.0038154132944475515
2019-12-23,0.004947942374558081
2019-12-24,0.006014746739404158
2019-12-25,0.007806208111634279
2019-12-27,-0.00018699759382261104
2019-12-30,0.0032993065019766904
2020-01-06,-0.011061248119878301
2020-01-07,0.0042306472739490905
2020-01-08,0.004004076792384125
2020-01-09,0.015368140963627461
2020-01-10,-0.006983312659379691
2020-01-14,8.142823903692928e-06
2020-01-15,0.0012568956921077347
2020-01-16,0.008718035105313252
2020-01-17,0.01751941112897424
2020-01-20,0.0022740198910494915
2020-01-22,0.00041373845789847985
2020-01-23,-0.002575923585845471
2020-01-24,-0.016883948571078132
2020-01-27,0.006629907494117787
2020-01-28,0.005721898348035983
2020-01-29,-0.0039624225776541235
2020-01-30,0.0015727925463902284
2020-01-31,-0.014171860531605657
2020-02-03,0.012986455467668934
2020-02-04,0.013239554969039906
2020-02-05,0.005670011394903602
2020-02-06,0.015738825512508395
2020-02-07,-0.0030177929513307655
2020-02-10,-0.0046764588176890385
2020-02-12,-0.0022734352327108682
2020-02-13,0.0010321347411285913
2020-02-14,-0.0013248094432409254
2020-02-17,0.00803917286369252
2020-02-19,0.016298493653402017
2020-02-20,1.3401014180937365e-05
2020-02-21,0.013253125260042997
2020-02-25,0.013363007212992897
2020-02-26,0.0036638488783004948
2020-02-27,-0.0039089742992403104
2020-02-28,0.006819960988083733
2020-03-02,0.0173603978861013
2020-03-03,-0.002414037956977003
2020-03-04,0.015476885785246816
2020-03-05,0.003359410964754536
2020-03-06,0.022803938491199195
2020-03-09,0.04717668748873031
2020-03-10,0.01534965709186058
2020-03-11,-0.00976183007850301
2020-03-12,0.016089509141672828
2020-03-13,0.06818373529935691
2020-03-16,0.00801165990508746
2020-03-17,0.021206726796908534
2020-03-18,-0.006243079044112626
2020-03-19,-0.015674671000026525
2020-03-23,0.007788293893663562
2020-03-24,0.0031497135425287174
2020-03-25,-0.0047048477004201505
2020-03-26,0.016595661832596472
2020-03-27,0.0284368446432137
2020-03-30,0.008286255852450682
2020-03-31,-0.013612553862832505
2020-04-01,0.010083611912069105
2020-04-02,-0.0059197669820556485
2020-04-03,0.05587497287551928
2020-04-06,0.00890551310816078
2020-04-07,-0.0001589201605819502
2020-04-08,-0.019812985558607964
2020-04-09,0.016409164517920814
2020-04-10,7.387604559591253e-05
2020-04-14,0.0111941866379842
2020-04-15,0.0005285610618900019
2020-04-16,0.00535560576778326
2020-04-17,0.00678716495413076
2020-04-20,-0.013139661851565749
2020-04-21,0.0002734814523501143
2020-04-22,0.0012998707746552324
2020-04-23,0.02262783440548289
2020-04-24,0.017753830573185966
2020-04-27,0.013549969693598077
2020-04-28,-0.00016182864730394323
2020-04-30,0.006955779770263614
2020-05-01,0.015827702851660918
2020-05-07,0.017886730996220165
2020-05-08,0.018421158862125954
2020-05-11,0.009441825850186979
2020-05-12,0.006198462039620559
2020-05-13,-0.0027740809404253083
2020-05-14,-0.01029491606379971
2020-05-15,0.0002500753693818931
2020-05-18,0.0031018531211218113
2020-05-19,0.02862395908341189
2020-05-20,0.002686111856796747
2020-05-21,0.004968670475979129
2020-05-22,0.005137360617029474
2020-05-25,0.011603719991485986
2020-05-27,0.009251986320599523
2020-05-28,-0.0009529281780412302
2020-05-29,0.012325301082599629
2020-06-01,0.03062706440764151
2020-06-02,0.010728617792044558
2020-06-03,0.012154486165252412
2020-06-04,0.005717156195924054
2020-06-05,0.031635385319257775
2020-06-08,0.04686245094139822
2020-06-09,0.005961859461664812
2020-06-10,0.0031880389376910878
2020-06-11,0.04534407538963602
2020-06-12,0.005318079126616329
2020-06-15,0.00222747026420291
2020-06-16,0.000569045445955765
2020-06-17,-0.0019101936126278258
2020-06-18,0.009581633260318315
2020-06-19,0.006981779206439332
2020-06-22,0.005276348586492837
2020-06-23,0.01764721475662654
2020-06-24,-0.00684704151271138
2020-06-25,-0.0014753160507390275
2020-06-26,0.0014999126045617196
2020-06-29,0.013014419788254003
2020-06-30,0.020521471973869578
2020-07-01,0.02031025842701424
2020-07-02,-0.001189998900206416
2020-07-03,-7.816492211195117e-05
2020-07-07,0.006827486838354859
2020-07-08,0.007727108028855287
2020-07-09,0.007600504097109234
2020-07-10,0.011370706307948338
2020-07-13,-0.015189937517536653
2020-07-14,-0.013935408340636508
2020-07-15,-0.004166520990038906
2020-07-16,0.014024584833093065
2020-07-17,0.004379934992971492
2020-07-20,0.017141717444481803
2020-07-21,-0.006488739590318748
2020-07-22,0.003124595821143158
2020-07-27,0.005913998799460493
2020-07-28,-0.009707728907513436
2020-07-29,0.007833181201725355
2020-07-30,0.021714138276915967
2020-07-31,0.020156367081369066
2020-08-03,0.012320228966156766
2020-08-04,0.01077191952990909
2020-08-05,0.0077156158398324955
2020-08-06,0.0191367858210143
2020-08-07,0.001173901579320023
2020-08-11,-0.010949607428968486
2020-08-12,0.036545363177744074
2020-08-13,0.029778398782977233
2020-08-14,0.014549252524113017
2020-08-17,0.01105139552286894
2020-08-18,0.0021025956894312366
2020-08-19,0.0008546265784781194
2020-08-20,0.006041110657533354
2020-08-21,0.0031424616196950904
2020-08-24,0.014293340524722637
2020-08-25,-0.003923784636152156
2020-08-26,-0.0032810711494940283
2020-08-27,0.008096793711886792
2020-08-28,0.013163491623663592
2020-08-31,0.011544804407698537
2020-09-01,0.007515971118336528
2020-09-02,0.004793351422458104
2020-09-03,0.0045490817980575115
2020-09-04,-0.00552825368765065
2020-09-07,-0.004898822194698914
2020-09-09,0.0061462216255827075
2020-09-10,0.003940730933513701
2020-09-11,0.0027912954250608746
2020-09-14,0.01273998810873257
2020-09-15,0.017565026806228925
2020-09-16,-0.0017908021641570328
2020-09-17,0.014240978878647947
2020-09-18,0.004076918963396953
2020-09-23,0.00656831663588187
2020-09-24,0.008214128463363132
2020-09-25,0.0027864966947333094
2020-09-28,0.0035630545112418687
2020-09-29,-0.0015854151139079867
2020-09-30,0.006653831310567168
2020-10-02,0.008581995871185702
2020-10-05,0.00919457541695431
2020-10-06,-0.0017271198704295818
2020-10-07,0.0009605856079060791
2020-10-08,0.003398520877542435
2020-10-09,-0.0031659439420350533
2020-10-12,0.0022459965589093633
2020-10-13,-0.009156612523504826
2020-10-14,-0.007084980512901841
2020-10-15,0.0016353762878652325
2020-10-16,0.0020384862967917
2020-10-19,0.010056206682473878
2020-10-20,0.0021336044202711502
2020-10-21,0.004301894720862675
2020-10-22,0.0011251670990162024
2020-10-23,0.024966130150422136
2020-10-26,0.009704671299593067
2020-10-27,-0.008806933741741376
2020-10-28,0.02428695204055437
2020-10-29,0.012428271679030404
2020-10-30,0.01480522560506737
2020-11-02,0.013731647891107658
2020-11-04,-0.011521537235055883
2020-11-05,0.005257553908663172
2020-11-06,0.0012246499092301688
2020-11-09,0.0045515237939163615
2020-11-10,0.010030793744049284
2020-11-11,0.005211748205852866
2020-11-12,0.001134340306471158
2020-11-13,0.01849855677076421
2020-11-16,-0.0012414419691356246
2020-11-17,0.008674231128632297
2020-11-18,0.012856705056627254
2020-11-19,0.020669918413716567
2020-11-20,0.024266977640594243
2020-11-24,0.008053407595308551
2020-11-25,0.004011819960655732
2020-11-26,-0.0004804613854150475
2020-11-30,0.01015185765736102
2020-12-01,0.019746204727721085
2020-12-02,0.004007788261364991
2020-12-03,0.0042867646046521905
2020-12-04,0.0039054192041181966
2020-12-07,0.009705179778783279
2020-12-08,0.01068740029217785
2020-12-09,0.005708876625572567
2020-12-10,-0.007488732103449285
2020-12-11,0.0037781859578407398
2020-12-14,0.015764646067917942
2020-12-15,0.009712999742800408
2020-12-16,0.0006632715943494249
2020-12-17,0.006180454121767885
2020-12-18,0.013215706211810207
2020-12-21,0.003485195326683191
2020-12-22,-0.009181401706356016
2020-12-23,0.004174844990059347
2020-12-24,0.0067137778772727195
2020-12-25,0.012992660278575898
2020-12-29,0.0032033128524265866
2020-12-30,0.010406060209497385
2021-01-04,0.014731871788287233
2021-01-05,0.012841874337976051
2021-01-06,-8.263214024608213e-05
2021-01-07,0.029767436747330157
2021-01-08,0.0007963994100555936
2021-01-12,0.011699668088633302
2021-01-13,0.003069860833656537
2021-01-14,-0.006299736021426697
2021-01-15,0.01048790663711348
2021-01-18,0.022666123698688343
2021-01-20,0.008149515308102186
2021-01-21,-0.0004987208896559843
2021-01-22,-0.0007070292532847583
2021-01-25,0.008391671755459832
2021-01-26,0.009439690495212627
2021-01-27,0.0030374069931474092
2021-01-28,-0.004403642830241642
2021-01-29,-0.002591801547475674
2021-02-01,0.005338168034925542
2021-02-02,0.0047939365427142975
2021-02-03,0.003484194208518386
2021-02-04,0.0029769421512404214
2021-02-05,-0.0030486345763848484
2021-02-08,-0.012772972645661768
2021-02-09,-0.004954075453678186
2021-02-10,0.01494468569390205
2021-02-12,0.006289516750226055
2021-02-15,-0.0022862101535990453
2021-02-17,-0.014100240349293943
2021-02-18,0.009947338411951641
2021-02-19,0.007271094941037218
2021-02-22,0.02461812665636034
2021-02-24,-0.003831649510402625
2021-02-25,0.00057291042419958
2021-02-26,-0.026129712123677745
2021-03-01,0.03253981102269809
2021-03-02,0.0017926055620119817
2021-03-03,0.030766103559231813
2021-03-04,-0.0008777446220160304
2021-03-05,0.013972369098121985
2021-03-08,-0.003933756686741983
2021-03-09,-0.003741144974753238
2021-03-10,0.004913467167908476
2021-03-11,0.0041488065144022835
2021-03-12,0.03147321448703316
2021-03-15,-0.0030089928974893205
2021-03-16,-0.004898488636966921
2021-03-17,0.005420974155543304
2021-03-18,-0.008976906993710917
2021-03-19,-0.00462881301903406
2021-03-22,0.02310843018815569
2021-03-23,-0.0024265918928684897
2021-03-24,0.0064196845570634615
2021-03-25,0.010701424222676035
2021-03-26,0.003512462211123971
2021-03-29,-0.013199846136002025
2021-03-30,0.009034074412963014
2021-03-31,0.006305570717122452
2021-04-01,0.000431593614212346
2021-04-02,0.0012552687471893296
2021-04-06,0.002260241767510397
2021-04-07,0.009657273667415242
2021-04-08,0.002317305190011833
2021-04-09,0.006293818489492779
2021-04-12,0.006933263206647374
2021-04-13,0.02079851915889986
2021-04-14,-0.004312355835908478
2021-04-15,-0.005816440843160101
2021-04-16,0.0027566417512223003
2021-04-19,0.013235899923312163
2021-04-20,0.0247620832173688
2021-04-21,-0.00046128954633639597
2021-04-22,0.004510584807776545
2021-04-23,0.004140063881535416
2021-04-26,-0.004250135816151978
2021-04-27,0.008103960573445793
2021-04-28,0.0010684474564310268
2021-04-30,-0.0031108700719857433
2021-05-06,0.00398179668878129
2021-05-07,0.02607038207959094
2021-05-10,0.0048999840952007835
2021-05-11,0.025614086218044046
2021-05-12,0.0029577077302662368
2021-05-13,0.017408363513860506
2021-05-14,0.026810497554780845
2021-05-17,0.007362114312333657
2021-05-18,-0.006750014406289756
2021-05-19,-0.0017394962531918933
2021-05-20,0.010367489854314096
2021-05-21,0.017429200219472005
2021-05-24,0.00544369545558928
2021-05-25,0.010915989710956782
2021-05-26,0.0022381716718132025
2021-05-27,0.0007136011756656406
2021-05-28,0.0014466663991619345
2021-05-31,0.005709052794829379
2021-06-02,0.013679732270168764
2021-06-03,-0.003916951536979222
2021-06-04,0.006409543402987052
2021-06-07,-0.011613649937233956
2021-06-08,-0.034175987014732866
2021-06-09,-0.011845144191738944
2021-06-10,-0.0007817913543983329
2021-06-11,0.011142988405713629
2021-06-14,0.004149852334907759
2021-06-15,-0.001609028293172116
2021-06-16,-0.0080137252218792
2021-06-17,0.015322637041337194
2021-06-18,-0.009730885089870155
2021-06-21,0.016775642633209308
2021-06-22,0.015650261727248583
2021-06-23,0.0015235538108727368
2021-06-24,0.004019631324489209
2021-06-25,0.006684731013733987
2021-06-28,-0.0012115820551467599
2021-06-29,-0.00221268818951188
2021-06-30,0.006504153544736567
2021-07-01,0.004414275671431954
2021-07-02,0.0004597972781808018
2021-07-05,-0.002772339581252921
2021-07-07,0.0030041739202186267
2021-07-08,-0.007509726555504132
2021-07-09,0.00631057846748421
2021-07-12,0.0008523905374423766
2021-07-13,-0.009612359171506735
2021-07-14,-0.004988626202491133
2021-07-15,0.012578129019336535
2021-07-16,-0.003576506493598217
2021-07-19,0.002590646041579817
2021-07-20,0.012215687709137764
2021-07-21,0.010679104124815592
2021-07-26,0.0055368129423998946
2021-07-27,-0.00887022996754439
2021-07-28,0.0013212919934372193
2021-07-29,0.0032086786200672566
2021-07-30,0.003645239084500741
2021-08-02,0.0023965755134375665
2021-08-03,-0.009888032163790214
2021-08-04,0.0024574857788502357
2021-08-05,-0.003141028837768117
2021-08-06,0.0021434808865750405
2021-08-10,-0.0004001799279975721
2021-08-11,-0.0004824510007064198
2021-08-12,0.00011409838310136701
2021-08-13,-0.010028110621392902
2021-08-16,0.006700374160215689
2021-08-17,0.010737546981600812
2021-08-18,-0.0031527598315555898
2021-08-19,-0.01586440623445958
2021-08-20,0.004861178540930475
2021-08-23,0.027928266744919106
2021-08-24,-0.0019262697659657622
2021-08-25,-0.0012487912360973042
2021-08-26,0.0014748166704856573
2021-08-27,0.0004206850130755338
2021-08-30,-0.0030909865386736634
2021-08-31,0.011100660948806027
2021-09-01,0.0026577629597153447
2021-09-02,-0.00028042035840526464
2021-09-03,0.004110356910233841
2021-09-06,0.016825859741316472
2021-09-08,0.001389427074156988
2021-09-09,0.010654238220733712
2021-09-10,0.023432445073467523
2021-09-13,0.010501090360466916
2021-09-14,-0.004094585035207765
2021-09-15,0.0016536729153399877
2021-09-16,-0.003089127398504214
2021-09-17,0.0011546181466675573
2021-09-21,-0.005556839128445588
2021-09-22,0.014198464992458637
2021-09-24,0.01173230502039277
2021-09-27,-0.0087347747793831
2021-09-28,-0.0021274665756661074
2021-09-29,0.01673655524056166
2021-09-30,-0.005836180783097528
2021-10-01,0.006915276238800136
2021-10-04,0.012205640309094665
2021-10-05,7.102608050559836e-05
2021-10-06,-0.011450198235848107
2021-10-07,0.002590324072127931
2021-10-08,-0.0007918045534370094
2021-10-11,0.011128614526124379
2021-10-12,0.012302487874395005
2021-10-13,-0.011922147507141984
2021-10-14,-0.00506570870267464
2021-10-15,-0.003907977320663879
2021-10-18,-0.0063586070030987145
2021-10-19,-0.0016787021740199016
2021-10-20,0.005752026216507815
2021-10-21,0.0026688806001954964
2021-10-22,0.005079207333678744
2021-10-25,-0.004874622955307434
2021-10-26,-0.006678825624093689
2021-10-27,-0.0011761318177880879
2021-10-28,-0.0029440577295662797
2021-10-29,0.009569435275993729
2021-11-01,0.003704566021446384
2021-11-02,-0.0007717920682818132
2021-11-04,0.0035458291676674575
2021-11-05,0.0018758721467070129
2021-11-08,0.0037362121014992674
2021-11-09,-0.0033913986559945732
2021-11-10,-0.0035624090696048287
2021-11-11,0.005950404062819102
2021-11-12,-0.0010162894832788571
2021-11-15,-0.0019834048480818984
2021-11-16,-0.005747207236133246
2021-11-17,0.014663878255898112
2021-11-18,-0.004228640355605691
2021-11-19,-0.012320271446628502
2021-11-22,0.028856115765493937
2021-11-24,-0.004347809856394519
2021-11-25,-0.0005484518764635477
2021-11-29,0.01858774536568027
2021-11-30,0.01869844228339323
2021-12-01,0.0013677454761095655
2021-12-02,0.03551664004339324
2021-12-03,0.03102722058146821
2021-12-06,0.027321023102453133
2021-12-07,-0.002600967395037574
2021-12-08,0.014101800507698365
2021-12-09,0.002315649640932575
2021-12-10,0.008758454151408307
2021-12-13,0.008197564195403458
2021-12-14,0.013890821911256518
2021-12-15,0.016582493462452164
2021-12-16,0.008095250661073604
2021-12-17,0.013973736744753036
2021-12-20,0.009584860540062112
2021-12-21,0.016911819940589136
2021-12-22,0.007711405030713491
2021-12-23,-0.004609303129693562
2021-12-24,0.0052246362352447
2021-12-28,0.014156908224392752
2021-12-29,0.009746804989131884
2021-12-30,0.0029749651198316233
2022-01-04,0.024705480636445617
2022-01-05,0.03542051095265781
2022-01-06,0.014192020566746615
2022-01-07,0.02146234133937157
2022-01-11,0.02035106020421374
2022-01-12,-0.004259646164290681
2022-01-13,-0.005100908360108866
2022-01-14,0.01755887598600497
2022-01-17,0.004761761512734951
2022-01-19,0.004341133156727804
2022-01-20,-0.004877364586264645
2022-01-21,0.009771609311113462
2022-01-24,-0.0012132626909526513
2022-01-25,-0.008310500673068565
2022-01-26,-0.008875712957214593
2022-01-27,0.02317476034575024
2022-01-28,-0.0009823635893296268
2022-01-31,-0.008552219635903984
2022-02-01,0.0022618726054753507
2022-02-02,0.01370442982432681
2022-02-03,0.0029103673708743647
2022-02-04,-0.00422490607595322
2022-02-07,0.003698849959385476
2022-02-08,0.022855032137864037
2022-02-09,0.01264296795116274
2022-02-10,-0.009442179650744032
2022-02-14,0.0009038457232586963
2022-02-15,-0.002790131236590287
2022-02-16,0.007406896924658705
2022-02-17,0.0012219707544357777
2022-02-18,-0.0014722021801776718
2022-02-21,0.008483071822096507
2022-02-24,0.005210622258924524
2022-02-25,0.011611794351387105
2022-02-28,0.012850911714170849
2022-03-01,-0.0007540392778761465
2022-03-02,-0.0034139066194764306
2022-03-03,-0.01324828184303877
2022-03-04,0.011117601540259212
2022-03-07,-0.0038694428934180412
2022-03-08,-0.003458147588675099
2022-03-09,-0.0004118753961037931
2022-03-10,0.027480303626504783
2022-03-11,0.03336321634009688
2022-03-14,-0.0006422078677721984
2022-03-15,0.014379566055998506
2022-03-16,-0.00566891261943297
2022-03-17,0.003966338280602758
2022-03-18,0.01131219071892119
2022-03-22,0.004945928447630258
2022-03-23,0.0047810821192742145
2022-03-24,0.012608851747066724
2022-03-25,0.014612528640968833
2022-03-28,-0.0037316804234741505
2022-03-29,0.013430715354460698
2022-03-30,0.008748507440432816
2022-03-31,-0.007412451812623887
2022-04-01,-0.0019466105701474246
2022-04-04,0.02281147387751494
2022-04-05,0.002023606103323584
2022-04-06,-0.007178408000261536
2022-04-07,0.0038590270270651176
2022-04-08,0.002654804667807527
2022-04-11,-0.00559823501727284
2022-04-12,0.011500593868238023
2022-04-13,0.009868661405191983
2022-04-14,0.01549508677122221
2022-04-15,0.009216602135829432
2022-04-19,0.0022206908108791806
2022-04-20,0.0052900986647552856
2022-04-21,0.0008747618732754304
2022-04-22,-0.009922577445977044
2022-04-25,0.00844350179743051
2022-04-26,0.013695575779918718
2022-04-27,0.011715079884660456
2022-04-28,0.023586439261575227
2022-05-02,0.006786798001244277
2022-05-06,-0.001279109308384283
2022-05-09,0.01632965432371034
2022-05-10,-6.582291528235023e-05
2022-05-11,0.013133251002248329
2022-05-12,0.007374366529486055
2022-05-13,0.010122727041564543
2022-05-16,0.0023785154803553
2022-05-17,-0.012660160692334986
2022-05-18,0.006046665003315994
2022-05-19,0.00981521303003002
2022-05-20,-0.000651193959556361
2022-05-23,-0.001033964749738605
2022-05-24,-0.0005631176994406397
2022-05-25,0.004478797368876179
2022-05-26,0.010857285249881162
2022-05-27,0.00905926540385555
2022-05-30,0.02023085728185753
2022-06-01,0.010469886557273541
2022-06-02,0.010746744041563236
2022-06-03,-0.01079843396633193
2022-06-06,-0.0009336600339659323
2022-06-07,0.0019103732655863003
2022-06-08,-0.010159530738977603
2022-06-09,-0.008279135700812313
2022-06-10,0.013574926106823738
2022-06-13,0.008353403149477719
2022-06-14,0.00853580620869226
2022-06-15,-0.0068807738459189605
2022-06-16,0.008155634202091979
2022-06-17,0.002367320846083229
2022-06-20,-0.008540615486013876
2022-06-22,-0.009494887168603078
2022-06-23,0.016635483803681083
2022-06-24,0.00906242001320636
2022-06-27,-0.0022095171784754196
2022-06-28,0.008037392080197377
2022-06-29,0.005341193264868276
2022-06-30,0.0033103740813008554
2022-07-01,0.016076513825799728
2022-07-04,0.006527273765415919
2022-07-06,0.0022777450737793557
2022-07-07,-0.0005303769869713182
2022-07-08,0.008515234228854503
2022-07-11,0.0026713219985226517
2022-07-12,0.0036303138687594433
2022-07-13,-0.009168567177686786
2022-07-14,0.011867351691051523
2022-07-15,0.021007411997288686
2022-07-19,0.001976261345397236
2022-07-20,0.00583058017012015
2022-07-21,0.007663178669424148
2022-07-22,-0.004011159532119354
2022-07-25,0.005823527831895507
2022-07-26,0.0022154644363760823
2022-07-27,0.0033292144804664987
2022-07-28,-0.011622997399678675
2022-07-29,-0.006791678497789065
2022-08-01,-0.007842464753404998
2022-08-02,0.006431848654866121
2022-08-03,-0.004060819568171255
2022-08-04,-0.004581316090695342
2022-08-05,0.004704058668077205
2022-08-08,0.004338168192779643
2022-08-09,0.002812015355724581
2022-08-10,0.009124212962519146
2022-08-12,0.01319574920716627
2022-08-15,-0.010863386032590086
2022-08-16,-0.00038615289930609277
2022-08-17,0.004647193128328135
2022-08-18,0.013176378620537749
2022-08-19,0.0009502509174857863
2022-08-22,-0.0033271161531121946
2022-08-23,-0.0053082441699705985
2022-08-24,0.010175538302459349
2022-08-25,0.008307054881314597
2022-08-26,0.004700452201231373
2022-08-29,-0.007785757385719187
2022-08-30,0.0023985058443410324
2022-08-31,-0.003809916102809706
2022-09-01,0.003594455357050875
2022-09-02,-0.001352431396171384
2022-09-05,0.0033610683033021256
2022-09-07,-0.0008817302820817508
2022-09-08,0.011744247212611313
2022-09-09,0.007714909988785124
2022-09-12,-0.0008414691340196264
2022-09-13,-0.00041599774087072976
2022-09-14,0.00888330632754537
2022-09-15,-0.004019292021387701
2022-09-16,-0.004788349419939459
2022-09-20,-0.003900709720007411
2022-09-21,-0.008333286311737536
2022-09-22,0.0020969634239120776
2022-09-26,-0.018490036628946202
2022-09-27,-0.0006250373963782791
2022-09-28,-0.0005362623706939081
2022-09-29,0.004517572500867574
2022-09-30,-0.0007712982160417979
2022-10-03,0.0031975436917987795
2022-10-04,0.007174329058254336
2022-10-05,0.010480099141779657
2022-10-06,0.008014954367554864
2022-10-07,-0.002339653635888391
2022-10-11,-0.008506805068827068
2022-10-12,0.0096342647048279
2022-10-13,0.009009984732941309
2022-10-14,0.012967685375348535
2022-10-17,0.013506435521323178
2022-10-18,0.004160222497167727
2022-10-19,0.001043575975041904
2022-10-20,0.007167647724712217
2022-10-21,0.007386155884821264
2022-10-24,0.008753950677594184
2022-10-25,0.005240397531344522
2022-10-26,0.0004747341285367137
2022-10-27,0.003356266236559539
2022-10-28,0.0079620144863791
2022-10-31,0.00811658693629568
2022-11-01,-0.011179261199066665
2022-11-02,0.023615241744383886
2022-11-04,0.00013456756765865634
2022-11-07,0.007891558298947655
2022-11-08,0.0015460955449049013
2022-11-09,-0.003794174523896289
2022-11-10,0.0089009006483397
2022-11-11,2.928396557677279e-05
2022-11-14,0.007708967482719516
2022-11-15,-0.0036235333960301158
2022-11-16,0.0014239989126689353
2022-11-17,0.004552053011517536
2022-11-18,0.009450815986362153
2022-11-21,0.0024922222106982875
2022-11-22,0.01681079612257053
2022-11-24,-0.00899757520473767
2022-11-28,0.009598202159998386
2022-11-29,0.00514008660486745
2022-11-30,0.01937769505702775
2022-12-01,0.003814983937793347
2022-12-02,0.008762660194552574
2022-12-05,0.014196484893232816
2022-12-06,0.0015800566425450554
2022-12-07,0.005110989822820823
2022-12-08,0.02005677630342958
2022-12-09,0.0034921757234462492
2022-12-12,0.003951969957153459
2022-12-13,0.017926015978860614
2022-12-14,8.741303533531058e-05
2022-12-15,0.006674636862791301
2022-12-16,0.006409103411531436
2022-12-19,0.0024663278953219884
2022-12-20,0.049503288797498345
2022-12-21,0.01866456050865108
2022-12-22,-0.0015529140361847129
2022-12-23,-0.013462216590376677
2022-12-26,-0.011625757966117091
2022-12-28,0.003051497843747485
2022-12-29,-0.005625606643640001
2022-12-30,0.017737077677544098
2023-01-04,-0.001394336449111258
2023-01-05,0.003843103007734828
2023-01-06,0.0024137079646972155
2023-01-10,0.002019272437072819
2023-01-11,0.005857643382931476
2023-01-12,-0.0036359559807406573
2023-01-13,-0.019314486582975323
2023-01-16,0.025030668421775523
2023-01-18,-0.01023159802357946
2023-01-19,-0.0032418697854624673
2023-01-20,0.009827029876113308
2023-01-23,0.003775105673641554
2023-01-24,-0.0016028728259756505
2023-01-25,-7.189750182014058e-06
2023-01-26,0.0018339864784361096
2023-01-27,-0.0049957669870712975
2023-01-30,0.009176170410714168
2023-01-31,-0.007264009551461087
2023-02-01,0.002618547850451945
2023-02-02,-0.0008791381962371934
2023-02-03,0.0008348571944568005
2023-02-06,0.007803711613935894
2023-02-07,-0.007016712376976465
2023-02-08,0.003340979775173651
2023-02-09,0.002649177127073914
2023-02-10,-0.0007140078513196688
2023-02-13,-0.002115604191558573
2023-02-14,-0.004795401293305016
2023-02-15,0.003095412755731883
2023-02-16,-0.000639613976978731
2023-02-17,-0.0017869778738034644
2023-02-20,-0.004422648103737407
2023-02-22,0.00853388501905231
2023-02-24,-0.004082567414230969
2023-02-27,0.015623356699712815
2023-02-28,0.004583213885755291
2023-03-01,-0.005098986786572822
2023-03-02,0.006515366170517916
2023-03-03,0.011552145189354908
2023-03-06,0.0011985323725187036
2023-03-07,-0.009979327058326075
2023-03-08,0.0005792965664668534
2023-03-09,-0.005791636848728694
2023-03-10,0.010511549773087317
2023-03-13,-0.02044704597243153
2023-03-14,0.006278240747217839
2023-03-15,-0.0006757776642339257
2023-03-16,0.018886814963465736
2023-03-17,-0.007973727809332594
2023-03-20,0.007153538421818238
2023-03-22,0.00959865069809759
2023-03-23,0.004870097667564498
2023-03-24,0.0028608911484159574
2023-03-27,0.009107920272863682
2023-03-28,0.0013555149021286757
2023-03-29,0.009314264235289587
2023-03-30,0.003689975016576413
2023-03-31,0.006753382431153182
2023-04-03,-0.009975325422118337
2023-04-04,-0.0035735892301847778
2023-04-05,0.0014025924265958266
2023-04-06,0.00023790492356034272
2023-04-07,0.0009870793279968468
2023-04-11,0.0028437501461502923
2023-04-12,0.0030483056438477428
2023-04-13,0.0013698828042960655
2023-04-14,0.00983150118786182
2023-04-17,5.5348290955289144e-05
2023-04-18,-0.003124821677432308
2023-04-19,0.008648862651218357
2023-04-20,-0.0021052674944474032
2023-04-21,0.007671596225397854
2023-04-24,0.003947812805700938
2023-04-25,-0.0022908058884918655
2023-04-26,0.00500305769766133
2023-04-27,-0.0043793895625516156
2023-04-28,0.006722871929286921
2023-05-01,0.0002101397957353971
2023-05-02,-0.004178053861196225
2023-05-08,0.00813288288522094
2023-05-09,0.0017042087985880453
2023-05-10,-0.002552103548060815
2023-05-11,-0.011618637360227339
2023-05-12,0.009556534259170245
2023-05-15,0.0024765967745430436
2023-05-16,-0.0005889049759874238
2023-05-17,0.012100478248333905
2023-05-18,-0.0024809349936787007
2023-05-19,-0.00461811945419059
2023-05-22,0.008090019144908901
2023-05-23,-0.007115162194549875
2023-05-24,-0.011473028837364233
2023-05-25,0.0022965864194375825
2023-05-26,-0.0012732566877344674
2023-05-29,0.010346696201377651
2023-05-31,-0.007843814370190478
2023-06-01,0.008487013941141139
2023-06-02,0.0053850657610952325
2023-06-05,-0.00019521585151861245
2023-06-06,0.005906365130490864
2023-06-07,0.004206477070239636
2023-06-08,-0.0025204060098073405
2023-06-09,0.009753038360897241
2023-06-12,0.0033397830559491054
2023-06-13,0.0009850187403152458
2023-06-14,-0.009219007801351917
2023-06-15,0.0044627789780606365
2023-06-16,0.006953089808134024
2023-06-19,0.008071083421081201
2023-06-21,0.01171529603055273
2023-06-22,-0.000291339059723118
2023-06-23,-0.003208259444555952
2023-06-26,0.005105126786929871
2023-06-27,0.005527340335079672
2023-06-28,0.010454386303414618
2023-06-29,0.007825370825730454
2023-06-30,0.0024504605706836746
2023-07-03,0.0027787207015366176
2023-07-04,-0.017663486752185008
2023-07-06,0.004893182428369685
2023-07-07,0.005305530464885142
2023-07-10,0.006865168150143334
2023-07-11,0.0014322216768186543
2023-07-12,-0.014469456429736646
2023-07-13,-0.009249643379849255
2023-07-14,0.013201125384989515
2023-07-18,-0.0026724274769538256
2023-07-19,-0.008415781258809495
2023-07-20,-0.003416767130457234
2023-07-21,0.018531576025870772
2023-07-24,0.006088734992575388
2023-07-25,-0.004336016473740776
2023-07-26,-0.002521880658846487
2023-07-27,-0.001970253255428416
2023-07-28,-0.007282197860686502
2023-07-31,0.001129448503035401
2023-08-01,-0.01246715963641175
2023-08-02,-0.007244045119136245
2023-08-03,0.009974150780179757
2023-08-04,0.009215235262785074
2023-08-07,0.003860473916490953
2023-08-08,-0.007137582716164638
2023-08-09,-0.01077340310727775
2023-08-10,-0.01339297587290254
2023-08-14,-0.004998496594850889
2023-08-15,0.0018694560595751426
2023-08-16,-0.007422583380392585
2023-08-17,0.006053776781688766
2023-08-18,-0.0029298535783506474
2023-08-21,0.003731282698656651
2023-08-22,-0.006669974159075558
2023-08-23,0.010126042546164704
2023-08-24,0.0039892359579188665
2023-08-25,0.002038837143691376
2023-08-28,-0.002316545486002553
2023-08-29,-0.0019889195253647435
2023-08-30,-0.001430742142096944
2023-08-31,0.002196280249888628
2023-09-01,-0.002331262417846743
2023-09-04,0.005658468631982427
2023-09-06,0.0027762419815861774
2023-09-07,-0.008719729161710741
2023-09-08,0.0163281174933431
2023-09-11,-0.013923888204315537
2023-09-12,0.006710939668915528
2023-09-13,0.005864412666240341
2023-09-14,0.002537678718336216
2023-09-15,-0.0046665437791279275
2023-09-19,0.001410290680727329
2023-09-20,0.008780787022989827
2023-09-21,0.001930296618031235
2023-09-22,0.009466782003767556
2023-09-25,-0.012543101902660767
2023-09-26,-0.0011357934095530737
2023-09-27,0.0106066513864741
2023-09-28,0.007604026631651967
2023-09-29,-0.0012026726235526684
2023-10-02,0.004359728670617321
2023-10-03,0.01476899943768397
2023-10-04,0.006323490627157164
2023-10-05,0.004681979839009306
2023-10-06,0.007787298466076252
2023-10-10,0.024058576566056658
2023-10-11,0.0024046822288626467
2023-10-12,0.002741499487653207
2023-10-13,0.0017198245351779723
2023-10-16,0.007395483291311293
2023-10-17,0.0021297858790550604
2023-10-18,-0.00430928541760635
2023-10-19,0.03282358393971683
2023-10-20,-0.005429850142298235
2023-10-23,-0.007476403048255655
2023-10-24,0.0044286370942890636
2023-10-25,0.025345617501067137
2023-10-26,0.01075691887479809
2023-10-27,0.0013670540267402094
2023-10-30,0.01730630393187385
2023-10-31,0.013340471672716434
2023-11-01,-0.00020767436260013213
2023-11-02,0.025965992906260713
2023-11-06,-0.012482849590372831
2023-11-07,0.004037974215708572
2023-11-08,0.010569913904328213
2023-11-09,-0.004124159289097096
2023-11-10,0.00917961441837722
2023-11-13,0.00102447636641362
2023-11-14,-0.007122988741151437
2023-11-15,-0.012802756563312348
2023-11-16,-0.004450054720242628
2023-11-17,0.008967261826189059
2023-11-20,-0.0027390894289232547
2023-11-21,0.005309351403345525
2023-11-22,0.0025550619683257546
2023-11-24,0.0028046675855008317
2023-11-27,-0.00039409853443304443
2023-11-28,-0.001387383799688336
2023-11-29,0.00401666458305928
2023-11-30,0.007286670636346941
2023-12-01,-0.001251854919942456
2023-12-04,0.00024158614143726317
2023-12-05,0.0050998114453457465
2023-12-06,3.8902358977422604e-05
2023-12-07,0.02179117784640082
2023-12-08,-0.003791463110281909
2023-12-11,0.020538722904183713
2023-12-12,0.0073318667784508795
2023-12-13,-0.007332466450590757
2023-12-14,-0.012639185397596089
2023-12-15,-0.0061275937996618565
2023-12-18,0.009942276247837098
2023-12-19,0.020480835820486973
2023-12-20,-0.001326282991924856
2023-12-21,0.007385713608832088
2023-12-22,-0.0013895844953462106
2023-12-25,0.017329713490508058
2023-12-27,0.006385389699686197
2023-12-28,-0.003120065771754603
2023-12-29,-0.002601063136854124
2024-01-04,0.023958566022111796
2024-01-05,0.000769314993394361
2024-01-09,0.008687991638161707
2024-01-10,0.009767982363691939
2024-01-11,0.0009008297317843865
2024-01-12,0.014271632143168199
2024-01-15,0.024673079996422428
2024-01-17,-0.00035040654670005474
2024-01-18,0.010371812802772289
2024-01-19,0.015678801155745905
2024-01-22,0.0034206990234012186
2024-01-23,-0.00471708360458364
2024-01-24,0.0007681810355135775
2024-01-25,0.0022020438937585614
2024-01-26,0.001443202058975733
2024-01-29,0.0011842407332451458
2024-01-30,-0.0026109959978087107
2024-01-31,0.012530055829852935
2024-02-01,0.0016303049198198242
2024-02-02,-0.005344420742821897
2024-02-05,-0.010883316644812268
2024-02-06,-0.004381108810803691
2024-02-07,-0.009601900978159127
2024-02-08,-0.011892635632033969
2024-02-09,-0.0008876935794695092
2024-02-13,-0.006881395744155666
2024-02-14,0.00258854111366207
2024-02-15,-0.00724314946269531
2024-02-16,0.030427836854174842
2024-02-19,0.0038418507668683986
2024-02-21,0.007573779599735285
2024-02-22,6.766334418016129e-06
2024-02-26,0.005640233224501375
2024-02-27,0.006107965323447816
2024-02-28,0.016528966301697343
2024-02-29,-0.0026422691578898926
2024-03-01,0.024218017563570775
2024-03-04,0.026935070661168976
2024-03-05,-0.006894536810276621
2024-03-06,0.005289016333335095
2024-03-07,0.013067949790784685
2024-03-08,0.004044902951610113
2024-03-11,0.018617257092624115
2024-03-12,0.02461298770881901
2024-03-13,0.00370582160510972
2024-03-14,-0.00996236877877879
2024-03-15,0.00025276836975338546
2024-03-18,0.018017412960764773
2024-03-19,0.017429371120428278
2024-03-21,0.02693637118426268
2024-03-22,0.0013526400839912163
2024-03-25,0.013762330403349773
2024-03-26,0.010049437099604245
2024-03-27,0.012233119041055628
2024-03-28,0.018890166466410323
2024-03-29,-0.0035686278371982365
2024-04-02,0.020033273007685665
2024-04-03,0.012918346587954722
2024-04-04,-0.002023848595928417
2024-04-05,0.004949140998164579
2024-04-08,0.00034819256518904746
2024-04-09,0.009671349326080042
2024-04-10,-0.002888661656374106
2024-04-11,0.013743096173557111
2024-04-12,0.0071075392634406265
2024-04-15,0.011668273744977035
2024-04-16,0.028520538393312207
2024-04-17,0.016498226796382423
2024-04-18,0.008040260758961875
2024-04-19,0.02170609573080986
2024-04-22,-0.004239062424386216
2024-04-23,0.0033038123999357205
2024-04-24,-0.0019798826313421874
2024-04-25,0.003843931636829102
2024-04-26,-0.009584375302970113
2024-04-30,0.002996107797602134
2024-05-01,-0.0029952502745005296
2024-05-02,-0.00039360739889372277
2024-05-07,0.001120472118182956
2024-05-08,-0.0010189276007621195
2024-05-09,0.0037121536555133833
2024-05-10,0.007919754858808673
2024-05-13,-0.003334611998446771
2024-05-14,-0.00419696675673921
2024-05-15,-0.00547751773297402
2024-05-16,-0.0004569081579403587
2024-05-17,0.003230307285245194
2024-05-20,0.013735868686400116
2024-05-21,0.007383265338007459
2024-05-22,0.0040773899102524635
2024-05-23,-0.00395806265605774
2024-05-24,0.005646359717435908
2024-05-27,-0.008867186970500145
2024-05-29,-0.01040809421070563
2024-05-30,0.006080233547427431
2024-05-31,0.01157265215166542
2024-06-03,-0.00710874144770055
2024-06-04,0.020978795970870316
2024-06-05,-0.007414307729454125
2024-06-06,6.920397778526345e-05
2024-06-07,0.015746530031235016
2024-06-10,-0.0040499172441467845
2024-06-11,0.00045760880570019837
2024-06-12,-0.0016642954293349574
2024-06-13,-0.003741532336558686
2024-06-14,0.00171708824509634
2024-06-17,0.008017867760614007
2024-06-18,0.013678511544561461
2024-06-19,0.005829294382713868
2024-06-21,0.011514369250079646
2024-06-24,0.005658008649130539
2024-06-25,0.0016742307805222242
2024-06-26,0.008465974965215898
2024-06-27,0.01681417314473163
2024-06-28,0.004140065518211707
2024-07-01,0.011498577330417621
2024-07-02,-0.0032004369392238767
2024-07-03,-0.0038371325503264967
2024-07-04,-0.008526690194497583
2024-07-08,0.0062460351553003226
2024-07-09,0.001505990692234794
2024-07-10,0.008169192581363342
2024-07-11,0.009386963823605553
2024-07-12,8.836758680585781e-05
2024-07-16,0.0022244432167242596
2024-07-17,-0.007343020413994368
2024-07-18,0.013408948736540315
2024-07-19,-0.0035821613604560165
2024-07-22,0.006743206003872569
2024-07-23,0.001101122018586208
2024-07-24,0.006394842042286205
2024-07-25,0.019227687692848938
2024-07-26,0.0022435687960139844
2024-07-29,0.008238628145518739
2024-07-30,-0.0018969893368519393
2024-07-31,-0.027974541670449774
2024-08-01,-0.00407513720036759
2024-08-02,-0.019100339256759517
2024-08-05,0.04080114209331163
2024-08-06,0.013111060384769425
2024-08-07,-0.004167827623390443
2024-08-08,0.027756741285375433
2024-08-09,0.007175074303767914
2024-08-13,0.01672048362957742
2024-08-14,0.007215734856994886
2024-08-15,0.007046232833088046
2024-08-16,0.0019937503727391255
2024-08-19,0.004546181074670419
2024-08-20,-0.00398848562467705
2024-08-21,0.014576148381156175
2024-08-22,0.0007642991512215043
2024-08-23,0.0064038434414792214
2024-08-26,0.005667267886215391
2024-08-27,0.0021706975749422935
2024-08-28,0.008847290582737512
2024-08-29,0.00643414782666772
2024-08-30,0.0046185892300448115
2024-09-02,-0.0007914070479726619
2024-09-04,0.012832588579391117
2024-09-05,0.004028751472660053
2024-09-06,-0.013597151591286232
2024-09-09,-0.0005517953258245775
2024-09-10,-0.005632615437618327
2024-09-11,0.010412943734798868
2024-09-12,0.0010618890994061765
2024-09-13,0.01439367008153275
2024-09-17,-0.0035849554070825165
2024-09-18,0.00781442060578223
2024-09-19,0.005262051782614185
2024-09-20,0.008761661997034348
2024-09-24,0.0223609203652737
2024-09-25,0.018506789933884427
2024-09-26,0.013155047025722984
2024-09-27,0.0037263827610431108
2024-09-30,0.018095139006694533
2024-10-01,0.01805569929078934
2024-10-02,-0.0026667360219387454
2024-10-03,0.0056712326479907245
2024-10-04,-0.0076030269083004615
2024-10-07,0.020571657138234802
2024-10-08,0.009348283542172264
2024-10-09,0.003971799542480492
2024-10-10,0.0029419651115229714
2024-10-11,0.004923758593470752
2024-10-15,-0.0028681629656204296
2024-10-16,0.002632132538062007
2024-10-17,0.011701405410946072
2024-10-18,0.0045179343729845126
2024-10-21,0.007114497534031166
2024-10-22,0.004943343169569831
2024-10-23,-0.005451462428779261
2024-10-24,0.0024239860686708723
2024-10-25,0.010969399409558513
2024-10-28,0.010967099581864297
2024-10-29,0.008974639582094823
2024-10-30,-0.01633753343902772
2024-10-31,-0.0039597348371375254
2024-11-01,-0.012246609126058667
2024-11-05,0.01076021514375614
2024-11-06,-0.02666774453839033
2024-11-07,-0.00774297909393697
2024-11-08,0.00926348646019207
2024-11-11,0.007191767766133231
2024-11-12,0.008476021486960809
2024-11-13,-0.008860745264792287
2024-11-14,-0.011531536575362086
2024-11-15,0.00457679571125304
2024-11-18,0.01204129121121327
2024-11-19,0.005872119987111645
2024-11-20,-0.0018875462830296036
2024-11-21,-0.0052609127744295365
2024-11-22,-0.0071824685933787775
2024-11-25,-0.0014865556767799223
2024-11-26,0.016740843496830707
2024-11-27,0.015314742292841004
2024-11-28,0.005908683393038417
2024-12-02,0.0012795712568089718
2024-12-03,0.013819966104142234
2024-12-04,0.005572085847008113
2024-12-05,0.005859159539538775
2024-12-06,0.0020628682283413565
2024-12-09,0.008107591808273607
2024-12-10,-0.0017682451277731758
2024-12-11,0.005702836538546411
2024-12-12,0.009745103465136972
2024-12-13,0.01154029617984292
2024-12-16,0.01198214116040652
2024-12-17,0.00944494988499947
2024-12-18,-0.004776086697145095
2024-12-19,0.010230373132343271
2024-12-20,-0.025290929163215372
2024-12-23,-0.0070927313618129595
2024-12-24,-0.00456568892233381
2024-12-25,0.015182613800261029
2024-12-27,0.002511396402854933
2024-12-30,-0.007653004589216403
2025-01-06,0.004111385907375765
2025-01-07,0.00817541283817468
2025-01-08,-0.004207035703984355
2025-01-09,-0.010652784516071913
2025-01-14,0.0030826764255688817
2025-01-15,0.01160004336824019
2025-01-16,-0.005530291299402992
2025-01-17,0.009118876559224921
2025-01-20,-5.569134127677991e-05
2025-01-22,0.01529331255151261
2025-01-23,0.0006756898444375081
2025-01-24,0.0016559054509207322
2025-01-27,0.01133692800268052
2025-01-28,0.01339279050891382
2025-01-29,0.008404462655153688
2025-01-30,0.007153261756030909
2025-01-31,-0.0033534113327191367
2025-02-03,0.010920839821825006
2025-02-04,0.007120822172294776
2025-02-05,0.003541239631076781
2025-02-06,0.0017586577510375968
2025-02-07,-0.0031265987705288707
2025-02-10,0.012314506531983968
2025-02-12,0.010632184647994175
2025-02-13,-0.005824501001111261
2025-02-14,0.011088167434266816
2025-02-17,0.002501456634213291
2025-02-19,0.007601357363869304
2025-02-20,0.004400751555981091
2025-02-21,0.0015055067239899429
2025-02-25,0.005762104443536554
2025-02-26,0.014058002387095881
2025-02-27,0.004268655753377416
2025-02-28,0.017953812500918005
2025-03-03,0.008174248723575778
2025-03-04,0.02018315730772589
2025-03-05,0.021379395702410202
2025-03-06,-0.0026168108882319097
2025-03-07,0.01499301521320104
2025-03-10,0.034908015601557485
2025-03-11,0.0038620894185362317
2025-03-12,0.015207035902671171
2025-03-13,0.0014504980968652614
2025-03-14,0.004108685852937679
2025-03-17,0.007327279531157303
2025-03-18,0.009411556382367164
2025-03-19,0.004653663552293379
2025-03-21,-0.0024532300863100457
2025-03-24,-0.00322411529962645
2025-03-25,0.008997212722918367
2025-03-26,-0.004322010242557366
2025-03-27,0.002807994870202566
2025-03-28,0.00534280140745204
2025-03-31,0.015479874039170997
2025-04-01,0.0025437187693986506
2025-04-02,-0.002343642223526499
2025-04-03,-0.0287769235871816
2025-04-04,-0.02032081009574461
2025-04-07,0.1333110102683018
2025-04-08,0.01344792884672665
2025-04-09,0.047715866744957335
2025-04-10,0.05691710995883138
2025-04-11,0.03765461267416879
2025-04-14,-0.0012570693421967618
2025-04-15,0.022816792727486407
2025-04-16,0.0057928516873680495
2025-04-17,0.016153876945739196
2025-04-18,-0.016682499682221442
2025-04-22,-0.0005766074515981289
2025-04-23,0.003737273577698372
2025-04-24,0.010399077346703362
2025-04-25,0.009131545345789544
2025-04-28,-0.0008888040230620041
2025-04-30,-0.014268270550457967
2025-05-01,0.005081591926106879
2025-05-02,0.005997981619953009
2025-05-07,-0.007112668940327958
2025-05-08,0.012093496685580876
2025-05-09,0.028264340151295683
2025-05-12,0.020509210662140585
2025-05-13,0.005770741970307822
2025-05-14,0.013744871629774917
2025-05-15,0.003915960140499738
2025-05-16,-0.0011300817237312965
2025-05-19,0.0253007774117505
2025-05-20,-0.006940481218379727
2025-05-21,-0.003989673600151726
2025-05-22,0.00113257717012699
2025-05-23,0.006165087058661841
2025-05-26,0.007502940123815618
2025-05-28,0.0017138613600541962
2025-05-29,-0.002473921807583701
2025-05-30,0.0007891271922180277
2025-06-02,0.007889676262071536
2025-06-03,0.00890265868915548
2025-06-04,0.004814071460986004
2025-06-05,0.000411336438637773
2025-06-06,0.007751398481826575
2025-06-09,0.0025683981535443764
2025-06-10,-0.0031346713500328876
2025-06-11,9.829156299994736e-05
2025-06-12,0.003816433863553728
2025-06-13,-0.001040580682572088
2025-06-16,-0.01105835043801055
2025-06-17,0.0060879200119378744
2025-06-18,-0.003765649638787982
2025-06-19,-0.0010582178364865638
2025-06-23,0.01971889989056074
2025-06-24,0.0039166179778158325
2025-06-25,0.009726844038115962
2025-06-26,-0.013217629777920275
2025-06-27,0.005656557347085215
2025-06-30,-0.0002369040938948715
2025-07-01,0.010076618296774361
2025-07-02,0.0041063667074273105
2025-07-03,0.004104713577908299
2025-07-04,0.008578438725922613
2025-07-08,-0.004551877724700803
2025-07-09,0.013519274200389897
2025-07-10,0.0033308486600124756
2025-07-11,-0.004508748369629664
2025-07-14,-0.0016803418132587532
2025-07-15,0.009065158936410281
2025-07-16,0.0019387250090183677
2025-07-17,0.002239924872476896
2025-07-18,0.006224300237535368
2025-07-22,-0.0005546049275585857
2025-07-23,-0.022322152280683696
2025-07-24,-0.00979673034320162
2025-07-25,-0.0011444343871923114
2025-07-28,-0.00045903248094372
2025-07-29,2.5276117112480595e-05
2025-07-30,-0.003073778670582583
2025-07-31,0.0013099640847803956
2025-08-01,-0.010834460749481438
2025-08-04,0.0066752949966583704
2025-08-05,-0.0021213375178739165
2025-08-06,-0.0015808548498724608
2025-08-07,0.0027585584663857234
2025-08-08,-0.0065840205794682576
2025-08-12,0.007656809904642824
2025-08-13,-0.0006698175237258553
2025-08-14,0.0010875439529045782
2025-08-15,0.010767044015294354
2025-08-18,0.0193629182209486
2025-08-19,-0.010803620004316554
2025-08-20,0.005334918406983376
2025-08-21,-0.012394896200765013
2025-08-22,0.008730239548117082
2025-08-25,0.0023174353073265597
2025-08-26,0.005584963725796078
2025-08-27,-0.0024859135980847048
2025-08-28,0.004126995822897957
2025-08-29,-0.0015104575647385315
2025-09-01,-0.0007018201679160937
2025-09-03,0.002813343537117023
2025-09-04,0.006581074428490927
2025-09-05,0.006235167143257045
2025-09-08,0.010291889634206065
2025-09-09,-0.011160484947177817
2025-09-10,-0.002745212568864947
2025-09-11,0.012874645428436905
2025-09-12,0.005164529423375034
2025-09-16,-0.0030841450814763673
2025-09-17,0.004461457971537172
2025-09-18,0.006686134487931517
2025-09-19,0.017646486791587746
2025-09-22,-0.0033685993140773465
2025-09-24,0.007996045468170697
2025-09-25,0.0030940994877974672
2025-09-26,-0.007082158718123146
2025-09-29,0.007763855437144011
2025-09-30,-0.002520931916701016
2025-10-01,0.0033516912881373477
2025-10-02,0.007027231676172705
2025-10-03,0.004397545919934723
2025-10-06,0.03014967805757203
2025-10-07,-0.0010848991231719035
2025-10-08,0.007750115098706925
2025-10-09,0.0061273790241054655
2025-10-10,-0.004880966420970419
2025-10-14,0.01237250313451276
2025-10-15,0.00851285510616812
2025-10-16,0.002811770137131086
2025-10-17,0.013733324146005485
2025-10-20,0.003374095023485682
2025-10-21,0.01717386179959778
2025-10-22,0.00407992643006637
2025-10-23,0.009351978020777937
2025-10-28,0.02243756841789989
2025-10-29,-0.0006572258552588973
2025-10-30,0.01382798696047909
2025-10-31,-0.008815001434171705
2025-11-04,0.004539522213753661
2025-11-05,0.013190560751344095
2025-11-06,0.008266936684288686
2025-11-07,-0.002480566395421671
2025-11-10,8.696758492503969e-05
2025-11-11,0.00035883027815808975
2025-11-12,0.0014997742502494038
2025-11-13,0.01483011028073053
2025-11-14,-0.006688052491745588
2025-11-17,0.005368664155188967
2025-11-18,0.02246118070655028
2025-11-19,0.021875730605140253
2025-11-20,0.007570853500198299
2025-11-21,0.0015076820033315215
2025-11-25,-0.0036769004881008873
2025-11-26,-0.002700348263600186
2025-11-27,0.0051969814557065105
2025-12-01,0.013877947831456131
2025-12-02,0.013409049917881118
2025-12-03,0.005982768145399615
2025-12-04,-0.0022912829560162162
2025-12-05,0.009218833151982403
2025-12-08,-0.001393871257063179
2025-12-09,-0.0043084789080114014
2025-12-10,-0.002301258853168197
2025-12-11,0.013570087171572355
2025-12-12,0.015403106395284595
2025-12-15,0.011126024463172728
2025-12-16,0.015461933931870217
2025-12-17,0.008156104974610567
2025-12-18,0.016687690298277612
2025-12-19,0.0072205405707364235
2025-12-22,0.01220014320320981
2025-12-23,0.01460132092619498
2025-12-24,0.003107805760370108
2025-12-25,0.004394935756549311
2025-12-29,-0.004895143901518596
2025-12-30,0.021208048534954786
2026-01-05,-0.008128876701092174
2026-01-06,0.0035763004068411737
2026-01-07,0.01939232244630891
2026-01-08,-0.00027292471075173103
2026-01-09,0.00012299555118575902
2026-01-13,0.015025032208425755
2026-01-14,0.006266692719006224
2026-01-15,0.0007249139234186113
2026-01-16,-0.0017053479163272667
2026-01-19,0.014176972953739335
2026-01-21,0.00010123692483126668
2026-01-22,0.011398373497451307
2026-01-23,0.012247664715131494
2026-01-26,0.0012197303739444445
2026-01-27,0.0071784701852999075
2026-01-28,0.003479272430406539
2026-01-29,0.02801978784981236
2026-01-30,0.015749028701897427
2026-02-02,0.021332045858086665
2026-02-03,0.004866614036939523
2026-02-04,0.014364933926033246
2026-02-05,0.026290782299090293
2026-02-06,0.01441118179088072
2026-02-09,0.02683686096732669
2026-02-10,-0.002735985064835752
2026-02-12,0.011652091933180541
2026-02-13,0.024079909014871455
2026-02-16,0.003956662836996234
2026-02-18,0.006564542756782926
2026-02-19,0.0028960553131747043
2026-02-20,-0.0010197495158705543
2026-02-24,0.006463799206112342
2026-02-25,-0.007247562443767629
2026-02-26,0.022572676289715134
2026-02-27,0.013468915277083344
2026-03-02,0.016800708760192705
2026-03-03,0.0019178951788242002
2026-03-04,-0.004579933694322356
2026-03-05,0.00815785727797657
2026-03-06,-0.012746140375940636
2026-03-09,0.011406961342069834
2026-03-10,0.015594936405868755
2026-03-11,0.00986914559096374
2026-03-12,0.01881106608941926
2026-03-13,0.028335077567374602
2026-03-16,0.0012930936358458145
2026-03-17,0.011381619493844442
2026-03-18,-0.013182802056409797
2026-03-19,-0.0035907333779690177
2026-03-23,0.0016731456546780034
2026-03-24,0.007398170337140479
2026-03-25,0.023113843726018178
2026-03-26,-0.020163805453008693
2026-03-27,-0.004779440609866491
2026-03-30,0.0015173483523133742
2026-03-31,0.05048920895340876
2026-04-01,-0.012833777251045678
2026-04-02,-0.01539867789191745
2026-04-03,0.016846406004886297
2026-04-07,0.010015388532810808
2026-04-08,-0.00473881329837072
2026-04-09,0.009493602780397927
2026-04-10,0.02203297834403848
2026-04-13,0.01648257479337514
2026-04-14,0.016014541113574223
2026-04-15,0.02816224102327277
2026-04-16,0.005693846428906536
2026-04-17,0.0019959511844128155
2026-04-20,0.021482284954130963
2026-04-21,0.008445186866532135
2026-04-22,0.0059881899562568555
2026-04-23,0.040171855899357824
2026-04-24,0.010280359030692502
2026-04-27,0.011095328740200784
2026-04-28,-0.0001820081386804816
2026-04-30,0.025232062061313544
2026-05-01,0.006002453110026075
2026-05-07,0.00027503751637445264
2026-05-08,0.03605983797059292
2026-05-11,0.010140465360707231
2026-05-12,0.030560363339702773
2026-05-13,-0.001749072780923441
2026-05-14,0.0002877263850109971
2026-05-15,0.010488432064363706
2026-05-18,-0.010897000006318446
2026-05-19,0.05038599382551434
2026-05-20,0.03910857706294627
2026-05-21,0.011508858389876107
2026-05-22,-0.008489613767288429
2026-05-25,-0.027880376842368
2026-05-27,-0.01795975543287681
2026-05-28,0.016909516948847205
2026-05-29,0.009101694888980131
2026-06-01,-0.004608250627303041
2026-06-02,0.013270024593212542
2026-06-03,0.014531230928123681
2026-06-04,-0.006182341395332555
2026-06-05,0.007846043841744045
2026-06-08,0.025554192876534362
2026-06-09,0.011593672294443145
2026-06-10,-0.0059675857309828325
2026-06-11,0.03448054952673681
2026-06-12,-1.524998376972687e-05
2026-06-15,-0.010752393700985267
2026-06-16,-0.008882782701870706
2026-06-17,0.02603067396818105
2026-06-18,0.0017320985863325496
2026-06-19,-0.017484142387111597
2026-06-23,0.0637316417013199
2026-06-24,0.03335720651453773
2026-06-25,0.022709234102343292
2026-06-26,-0.004212834697880079
2026-06-29,0.020261035007450936
2026-06-30,-0.0019037603541880777
2026-07-01,0.003007328951405326
2026-07-02,-0.012331115375147413
2026-07-03,0.021585205638313117
2026-07-07,-0.020556465389850436
2026-07-08,0.011286503788496589
2026-07-09,-0.006433100663171298
2026-07-10,0.02243610727074551
2026-07-13,0.006755668276495205
