ticker,observations,mean_abs_weight,adaptive_alpha_long,adaptive_alpha_short,mean_estimated_same_probability
1617.T,95,0.110238999502,0.844389733533,0,0.3777679926
1618.T,86,0.112064801998,1,0,0.237964841306
1619.T,91,0.102553757419,0.986219070742,0,0.282367694456
1620.T,95,0.113870881708,0.976763333455,0,0.380053094073
1621.T,91,0.101325412292,0.716576445175,0,0.287816740934
1622.T,95,0.107207969923,0.925249926073,0,0.295173132958
1623.T,104,0.125721258498,1,0,0.334105528907
1624.T,91,0.107704708472,1,0,0.313674374646
1625.T,119,0.157182011505,1,0,0.321784593781
1626.T,102,0.132930976099,1,0,0.375721126562
1627.T,88,0.105979837546,0.978499110328,0,0.297914406551
1628.T,96,0.10834470447,0.302573708736,0,0.427644175635
1629.T,89,0.107063907445,1,0,0.338998923595
1630.T,87,0.10908207444,0.514868154606,0,0.377012144282
1631.T,90,0.0974300028472,0.980519634259,0,0.374345927164
1632.T,81,0.0973321973411,1,0,0.383893502456
1633.T,90,0.100192913589,0.981246692175,0,0.35441328775
