trade_date,daily_return
2015-01-05,0.0035676313907697004
2015-01-06,0.00022909286358570357
2015-01-07,0.008631755630031593
2015-01-08,0.009296012614504884
2015-01-09,0.0073158923934519456
2015-01-13,0.009458338054231756
2015-01-14,0.010249832861136114
2015-01-15,0.003932594497242247
2015-01-16,-0.003993240574779762
2015-01-19,-0.0014439917657009483
2015-01-21,0.002883107853743557
2015-01-22,0.000573624783032511
2015-01-23,0.003974690064894558
2015-01-26,0.00023399846982701718
2015-01-27,0.009033821936866604
2015-01-28,0.005549616803333411
2015-01-29,0.001128490820750498
2015-01-30,-0.0020202941129969574
2015-02-02,0.005105389209505762
2015-02-03,0.01616982134174056
2015-02-04,0.014901683746148276
2015-02-05,0.0021938701064403952
2015-02-06,0.003115820340337917
2015-02-09,0.005850990328235014
2015-02-10,-0.0029289440109972788
2015-02-12,0.00466053723749731
2015-02-13,0.005299537910987106
2015-02-16,0.009017492048040334
2015-02-18,0.001876574505729599
2015-02-19,0.006855164213752376
2015-02-20,0.0037202182264128077
2015-02-23,0.004165500354433553
2015-02-24,0.004986399060140814
2015-02-25,0.015791442501921507
2015-02-26,0.008294978045599272
2015-02-27,0.0026533006626184895
2015-03-02,0.002877179124304914
2015-03-03,0.008205417965452351
2015-03-04,-0.00021310818049712695
2015-03-05,0.0013964636033268049
2015-03-06,0.006575686584857906
2015-03-09,0.010732081170611075
2015-03-10,0.003921027375502008
2015-03-11,0.005651124513057927
2015-03-12,0.006396142169340584
2015-03-13,0.004161901701809191
2015-03-16,-0.007492768351202348
2015-03-17,0.00923744267161777
2015-03-18,0.006553530240690096
2015-03-19,0.01208021305284064
2015-03-20,0.0057883472568512635
2015-03-23,0.009065306679017001
2015-03-24,0.007225918625935331
2015-03-25,0.0026414509052332213
2015-03-26,0.01099440889818232
2015-03-27,0.0154184241574402
2015-03-30,0.007552402085972512
2015-03-31,0.009747649276057632
2015-04-01,0.0032720671050925076
2015-04-02,0.01832445631857568
2015-04-03,0.00411976158331275
2015-04-07,0.005118865882766016
2015-04-08,0.0029317911412246747
2015-04-09,0.005774817404060064
2015-04-10,0.00618563396464973
2015-04-13,0.005827933129938483
2015-04-14,0.005440282802076095
2015-04-15,0.004445596262907693
2015-04-16,0.010832560471056487
2015-04-17,0.0036223879978491504
2015-04-20,0.013377706047381591
2015-04-21,0.003728209570712481
2015-04-22,-0.0064007830213441775
2015-04-23,0.005195471500657796
2015-04-24,0.0025960616886558244
2015-04-27,-0.005671470850741081
2015-04-28,0.009998219230958267
2015-04-30,0.018519746637064634
2015-05-01,-0.0033276690873338143
2015-05-07,0.0010809595406849391
2015-05-08,0.017875909277709493
2015-05-11,0.015945283769284987
2015-05-12,0.0012871052250012604
2015-05-13,-0.0023529426608109205
2015-05-14,0.0008880133126361049
2015-05-15,0.01230710137148434
2015-05-18,0.017268287630157364
2015-05-19,0.00444759878966177
2015-05-20,0.00848438208840921
2015-05-21,0.0007039685338403775
2015-05-22,0.0019164928396726677
2015-05-25,0.006338321857333695
2015-05-27,-0.004276488038127824
2015-05-28,0.02612498521086777
2015-05-29,0.0016132164406377591
2015-06-01,0.004023983178280282
2015-06-02,0.0039724653351570025
2015-06-03,0.009351270937516896
2015-06-04,0.006043600412765252
2015-06-05,-0.005513417121868713
2015-06-08,0.007926792525145514
2015-06-09,0.015560796441707773
2015-06-10,0.006816248911696155
2015-06-11,0.01891617976603443
2015-06-12,0.0005603060096282236
2015-06-15,0.009172164495034003
2015-06-16,0.008834405865611517
2015-06-17,0.002009585778533776
2015-06-18,0.00945952450932518
2015-06-19,0.019124982284862698
2015-06-22,0.002542622131407069
2015-06-23,0.01215658770820402
2015-06-24,0.007561136334016495
2015-06-25,0.009668087962469351
2015-06-26,0.009196931491815339
2015-06-29,0.03311153614249619
2015-06-30,0.008382770588652236
2015-07-01,0.004398843563692403
2015-07-02,-0.005302551925430261
2015-07-03,0.006601304589306394
2015-07-07,0.017489401650295472
2015-07-08,0.011959242914065468
2015-07-09,0.03843612766240287
2015-07-10,0.008413652343442542
2015-07-13,-0.007722319406256526
2015-07-14,0.013854742593768319
2015-07-15,0.017880860676852274
2015-07-16,0.006624817576779028
2015-07-17,0.004791423412301488
2015-07-21,0.01523321672428578
2015-07-22,0.010068830264510671
2015-07-23,0.007166729895469717
2015-07-24,-2.8529939905649416e-05
2015-07-27,0.009826718644752503
2015-07-28,0.02200633869143705
2015-07-29,0.014813983833062826
2015-07-30,0.010184965551450216
2015-07-31,-0.0031518844050224745
2015-08-03,0.00145685263232978
2015-08-04,0.02120261850524765
2015-08-05,0.0037170376375995503
2015-08-06,0.010016308093343182
2015-08-07,-0.0008159143566311461
2015-08-10,0.010841477258291043
2015-08-11,0.0094314608528157
2015-08-12,0.016131552989663227
2015-08-13,0.00548646069126036
2015-08-14,0.002514894576637258
2015-08-17,0.006137566530515087
2015-08-18,-0.0029862804531460042
2015-08-19,0.010642302108723894
2015-08-20,0.01255425864421113
2015-08-21,0.03654499951449356
2015-08-24,0.026479415407360138
2015-08-25,0.030207967303813057
2015-08-26,-0.005613460947565121
2015-08-27,0.027804887801840723
2015-08-28,0.032600751691705177
2015-08-31,0.010968763017070856
2015-09-01,0.024020389044658655
2015-09-02,0.0356042718150979
2015-09-03,0.008333073980941384
2015-09-04,0.01864002342579154
2015-09-07,0.008740285874227127
2015-09-09,0.04126336157423659
2015-09-10,0.005204810189266284
2015-09-11,0.008684408051902797
2015-09-14,0.013261231750903778
2015-09-15,0.016001415229374056
2015-09-16,0.01140200834407508
2015-09-17,0.003718537782159876
2015-09-18,0.019516154616002493
2015-09-24,0.02938230661853934
2015-09-25,0.015188830824357267
2015-09-28,0.004468161433213196
2015-09-29,0.035942341767123756
2015-09-30,0.009515080388528286
2015-10-01,0.005918297676458602
2015-10-02,0.011494302950276872
2015-10-05,0.017851452862809127
2015-10-06,0.004330580679761912
2015-10-07,0.01009483784346292
2015-10-08,0.011081484034750828
2015-10-09,0.0022504430652407273
2015-10-13,0.006271340142319785
2015-10-14,0.008365948174247052
2015-10-15,0.008140516738637128
2015-10-16,0.007794253455206712
2015-10-19,-0.0002680928056412067
2015-10-20,0.016742128662745714
2015-10-21,0.0005497601431797561
2015-10-22,0.00607991399214987
2015-10-23,0.013024862530411241
2015-10-26,0.012059192029179216
2015-10-27,0.005094376158515056
2015-10-28,0.009335537106477481
2015-10-29,0.004745862527147942
2015-10-30,0.00792360850917963
2015-11-02,0.027218769116722195
2015-11-04,0.009272701276508144
2015-11-05,2.7158420235718402e-05
2015-11-06,0.0044323959798692174
2015-11-09,0.015029344971535073
2015-11-10,0.0007219163812094253
2015-11-11,-0.01559933112519702
2015-11-12,0.008748420613360907
2015-11-13,0.01810447297951717
2015-11-16,0.03871263550696449
2015-11-17,0.008652571970527972
2015-11-18,0.009077049214303719
2015-11-19,0.0166854766027235
2015-11-20,0.003830753827612836
2015-11-24,0.006997798203359708
2015-11-25,0.004262402743680138
2015-11-26,0.011451146712306133
2015-11-30,0.009735002071031878
2015-12-01,0.002251432212250779
2015-12-02,0.004633781565556664
2015-12-03,0.010704057566662728
2015-12-04,0.011985283793197818
2015-12-07,0.015089088529399986
2015-12-08,0.01610807850768884
2015-12-09,0.008090742322828904
2015-12-10,-0.0007775673602164806
2015-12-11,0.0093294434307468
2015-12-14,0.01214175654451976
2015-12-15,0.011941089030732264
2015-12-16,0.0071394652921043175
2015-12-17,0.03335964002291195
2015-12-18,0.02237467935855045
2015-12-21,0.01282947067767419
2015-12-22,0.006448764189687706
2015-12-24,-0.0027156385017340187
2015-12-25,0.012657869784837673
2015-12-29,0.009158111537985151
2015-12-30,0.009451391589480631
2016-01-04,0.015461920083682908
2016-01-05,0.02032743017487616
2016-01-06,0.01294323720766985
2016-01-07,0.016100855556226513
2016-01-08,0.020100353179845078
2016-01-12,0.02689612870222332
2016-01-13,0.01675067165346757
2016-01-14,0.023151692693127064
2016-01-15,0.020941900450249688
2016-01-18,0.025250710087317038
2016-01-20,0.01775790238901102
2016-01-21,0.02815815585092476
2016-01-22,0.028984747042430623
2016-01-25,0.02713539511546778
2016-01-26,0.01061024175778605
2016-01-27,0.016197472533586433
2016-01-28,0.007994464576144254
2016-01-29,0.004843354880858981
2016-02-01,0.0024221869722787868
2016-02-02,0.021963268697166437
2016-02-03,0.009310359699027188
2016-02-04,0.013238488559678862
2016-02-05,0.018385694400543533
2016-02-08,0.035436242550684484
2016-02-09,0.046492083926672284
2016-02-10,0.03603556032771814
2016-02-12,0.03948531032671023
2016-02-15,0.05170501269556979
2016-02-17,0.012177014455688754
2016-02-18,0.011680290565667637
2016-02-19,0.010150476696294432
2016-02-22,0.009977404641626159
2016-02-23,0.013488417170362178
2016-02-24,0.007357176776091803
2016-02-25,0.015441002275596334
2016-02-26,0.01289854770782182
2016-02-29,0.029763515389447978
2016-03-01,0.005425786926794935
2016-03-02,0.02667808929775567
2016-03-03,-0.01535638153160252
2016-03-04,0.005189269925553665
2016-03-07,0.009746629476248578
2016-03-08,0.014571692755435645
2016-03-09,0.004369102206288358
2016-03-10,0.008311536962217
2016-03-11,0.003743905624256276
2016-03-14,0.022202915635370867
2016-03-15,0.011231210904024937
2016-03-16,0.00853610999616151
2016-03-17,0.020065969407492622
2016-03-18,0.011708559168054763
2016-03-22,0.006669625595637291
2016-03-23,0.00723239677716366
2016-03-24,0.011160309911012403
2016-03-25,0.0101025340003342
2016-03-29,0.01427675631501153
2016-03-30,0.005786792373740363
2016-03-31,0.0029062008232122946
2016-04-01,0.031054183540479077
2016-04-04,0.016249701071337268
2016-04-05,0.01751957838134717
2016-04-06,0.0053144066662257836
2016-04-07,0.006543546988694065
2016-04-08,0.017799195956648375
2016-04-11,0.012898605166481959
2016-04-12,0.021249524201306717
2016-04-13,0.012246609579816995
2016-04-14,0.0227239087448709
2016-04-15,0.012864165819078108
2016-04-18,0.010523145631428546
2016-04-19,0.0005794271274553358
2016-04-20,0.021801711286645337
2016-04-21,0.007358756966656438
2016-04-22,0.00292865348156151
2016-04-25,0.00668055792077906
2016-04-26,0.00840531148709235
2016-04-27,0.008273410292344989
2016-04-28,0.02380596150388127
2016-05-02,0.028610041570752948
2016-05-06,0.007056800115905383
2016-05-09,0.013933322807887751
2016-05-10,0.008786929919060625
2016-05-11,0.014115344864698249
2016-05-12,0.017949336229335186
2016-05-13,0.012011920052176809
2016-05-16,0.004855875742696069
2016-05-17,0.010600849517422163
2016-05-18,0.02190975220511563
2016-05-19,0.004258168895264575
2016-05-20,0.0064666068374018264
2016-05-23,0.008696028242520243
2016-05-24,0.0037524486284961256
2016-05-25,0.009994626393712626
2016-05-26,0.004527620493066175
2016-05-27,0.012322695653693198
2016-05-30,0.007407368159285297
2016-06-01,0.010036100305732565
2016-06-02,0.009356524444184604
2016-06-03,0.0035777798684640517
2016-06-06,0.009495108652721677
2016-06-07,0.004666746524662171
2016-06-08,0.008752762465075439
2016-06-09,0.0026201479748173264
2016-06-10,0.00473566424003807
2016-06-13,0.028690561027421044
2016-06-14,0.014978485687753737
2016-06-15,0.007374007263286552
2016-06-16,-0.003793876359896104
2016-06-17,0.013935615742624764
2016-06-20,0.015458444448631571
2016-06-21,0.010548192690143485
2016-06-22,-0.0010082244961227393
2016-06-23,0.021768454254989623
2016-06-24,0.0701550835560831
2016-06-27,0.021247463894903208
2016-06-28,0.02411972289842515
2016-06-29,0.017081455366412025
2016-06-30,0.011505286120464074
2016-07-01,0.020750243048732794
2016-07-04,0.01208945727656703
2016-07-06,0.017319053695765002
2016-07-07,0.014111685243018597
2016-07-08,0.03186178723728072
2016-07-11,0.018651219682137676
2016-07-12,0.012314869206518848
2016-07-13,0.0036888569941398554
2016-07-14,0.0008580128726490284
2016-07-15,0.008167957672110251
2016-07-19,0.012720594679253489
2016-07-20,-0.005545389605547183
2016-07-21,0.00494181915294771
2016-07-22,0.009118764177615191
2016-07-25,0.0033692414179381583
2016-07-26,0.013984937185527568
2016-07-27,-0.0012595529322460065
2016-07-28,0.004424639207364614
2016-07-29,-0.015519606127120495
2016-08-01,0.016874120991498327
2016-08-02,0.007516000303753908
2016-08-03,0.028053151534977012
2016-08-04,0.004961091049071673
2016-08-05,0.008239614818588675
2016-08-08,0.012308890303583767
2016-08-09,0.0057067045804317165
2016-08-10,-0.0023612629521279943
2016-08-12,0.006827805911489965
2016-08-15,0.005053044080412473
2016-08-16,0.01723899141380237
2016-08-17,0.012632514631389728
2016-08-18,0.01721258433236795
2016-08-19,-0.0007153954579207886
2016-08-22,0.009593565914576644
2016-08-23,0.001790032706644161
2016-08-24,0.01467368897192907
2016-08-25,0.0008917529581100392
2016-08-26,0.011054879764248854
2016-08-29,0.014023321151055491
2016-08-30,0.0003363088974130656
2016-08-31,0.02274073118821638
2016-09-01,0.006019135358092842
2016-09-02,-0.002344647008578526
2016-09-05,0.005805837593338316
2016-09-07,0.005666143314892985
2016-09-08,0.0037723821538514267
2016-09-09,0.008781996599732729
2016-09-12,0.006049420577756519
2016-09-13,-0.00016678968727406592
2016-09-14,0.005353841316647059
2016-09-15,-0.0021417901527820736
2016-09-16,0.00013982117264587583
2016-09-20,0.011637452824944274
2016-09-21,0.01840157107484328
2016-09-23,0.003637549344993005
2016-09-26,0.010924102422742471
2016-09-27,0.004037521036949963
2016-09-28,0.012658209802657812
2016-09-29,0.022588875621741066
2016-09-30,0.017042270891604896
2016-10-03,0.0086772553311723
2016-10-04,0.009519215909189636
2016-10-05,0.0028720275919066323
2016-10-06,0.0102117808512617
2016-10-07,-0.0019283657967445983
2016-10-11,0.00010637621912470367
2016-10-12,0.005990443703601133
2016-10-13,0.00962087649643322
2016-10-14,-0.0030571068766357744
2016-10-17,0.0033581196512261395
2016-10-18,0.0037379956906281667
2016-10-19,-0.00023926833567695558
2016-10-20,0.005717636653353969
2016-10-21,0.004133667478832207
2016-10-24,0.0028940634933775724
2016-10-25,0.013204916722417394
2016-10-26,0.005598116609474972
2016-10-27,0.002070897393656574
2016-10-28,0.008313948630862768
2016-10-31,0.009322049534546975
2016-11-01,0.011290299259672773
2016-11-02,0.019416642052427185
2016-11-04,0.010135356625135176
2016-11-07,0.019179343445345956
2016-11-08,0.003253843547484048
2016-11-09,0.046327698562740896
2016-11-10,0.013424878652378187
2016-11-11,0.014716834956222747
2016-11-14,0.0009638044295895987
2016-11-15,0.005327612677025376
2016-11-16,0.007731838215516594
2016-11-17,-0.0005930754813042983
2016-11-18,0.007720021277808009
2016-11-21,-0.002879468790087813
2016-11-22,0.006678700407069424
2016-11-24,0.008285265520689686
2016-11-28,0.0137673014677929
2016-11-29,0.002921414896321815
2016-11-30,0.00805680853632203
2016-12-01,0.010041947236221458
2016-12-02,0.0027419319559745907
2016-12-05,0.005708996223945646
2016-12-06,0.010981879722747096
2016-12-07,0.021703723068963454
2016-12-08,0.00525347881629083
2016-12-09,0.013403196890676478
2016-12-12,0.011317622349732213
2016-12-13,0.008655114404497032
2016-12-14,0.004118444482544657
2016-12-15,-0.0006360760508268508
2016-12-16,0.0047786063062821675
2016-12-19,0.015746197124338262
2016-12-20,0.0025243467164743835
2016-12-21,0.0007737375902550365
2016-12-22,0.0013894822899870526
2016-12-26,0.007042500799298562
2016-12-28,0.008642922914622285
2016-12-29,0.006778210281785977
2016-12-30,-0.003076561540716649
2017-01-04,0.020352782464624124
2017-01-05,0.008945730447065935
2017-01-06,0.009012981790968424
2017-01-10,0.0025979562200487004
2017-01-11,0.010029041314724747
2017-01-12,0.013569538130526098
2017-01-13,0.004612453231065494
2017-01-16,0.008310512122925183
2017-01-18,-0.00041772119097489954
2017-01-19,0.004509484407764358
2017-01-20,0.007259555434234416
2017-01-23,2.788373775824927e-05
2017-01-24,0.0007681073272369372
2017-01-25,0.009730760896802106
2017-01-26,0.008178736035132148
2017-01-27,0.00452181036262523
2017-01-30,0.004553230604805519
2017-01-31,0.009516556525084827
2017-02-01,0.012062954567011189
2017-02-02,0.007291822116108654
2017-02-03,0.00899198194560252
2017-02-06,0.016936171925315713
2017-02-07,-0.0032602673856526546
2017-02-08,0.01824001826808641
2017-02-09,0.0071159727931795706
2017-02-10,0.017791103747979056
2017-02-13,0.006141055952714009
2017-02-14,0.005791569013989765
2017-02-15,0.00012963179540973293
2017-02-16,0.0006141303382217207
2017-02-17,0.005719722463931681
2017-02-20,0.01134000848363768
2017-02-22,0.010537146156611056
2017-02-23,0.0028604957061976106
2017-02-24,0.010057470211122285
2017-02-27,0.008842085836820094
2017-02-28,0.01221915425689493
2017-03-01,0.0037834917087932714
2017-03-02,0.0028183348395059756
2017-03-03,0.007976953069839374
2017-03-06,0.0055257189336607735
2017-03-07,-0.00012038126771378118
2017-03-08,0.002095180652848282
2017-03-09,0.005162322874562177
2017-03-10,0.010191031058965351
2017-03-13,0.003966634866209304
2017-03-14,0.005716781572417719
2017-03-15,-0.0005410741890660435
2017-03-16,0.0033571960611462623
2017-03-17,0.009332252968957884
2017-03-21,0.006826034998373276
2017-03-22,0.011456697037162029
2017-03-23,0.00686057762247371
2017-03-24,0.014156242462061883
2017-03-27,0.006927558526064397
2017-03-28,0.007819839344046686
2017-03-29,0.001116307781450743
2017-03-30,0.0003758124221977515
2017-03-31,0.004489697490296874
2017-04-03,0.002771884112827619
2017-04-04,0.011087763293259924
2017-04-05,0.007244528988007072
2017-04-06,0.012390896065886316
2017-04-07,0.0036618110607603404
2017-04-10,0.012209111457793593
2017-04-11,-0.0016217556702235556
2017-04-12,0.006864013162014913
2017-04-13,0.012120314498478333
2017-04-14,0.00048397070881761367
2017-04-18,0.005674681526517081
2017-04-19,0.0059962107268975735
2017-04-20,0.002767505083217188
2017-04-21,-0.003208218557019731
2017-04-24,0.0006650968173268836
2017-04-25,-0.0016671979494652844
2017-04-26,0.0025052215696660367
2017-04-27,0.0038047837318761725
2017-04-28,-0.0025081997288892285
2017-05-01,0.004131728639518523
2017-05-02,-0.004227195044724859
2017-05-08,0.004947115452787527
2017-05-09,0.005138775043748987
2017-05-10,0.001763593582002109
2017-05-11,0.0027180566372397665
2017-05-12,0.010698336334382618
2017-05-15,0.002690800726400953
2017-05-16,0.0036607361075379416
2017-05-17,-0.004908682091257504
2017-05-18,0.0096212723532866
2017-05-19,0.005536210240515838
2017-05-22,0.0005857300791209471
2017-05-23,0.0011664877842199593
2017-05-24,0.005828084172211074
2017-05-25,-0.0024563516526144935
2017-05-26,0.005432451612007867
2017-05-29,0.0016593430033532653
2017-05-31,-0.0011622991802830182
2017-06-01,0.011550236367568873
2017-06-02,-0.0004867119602698642
2017-06-05,0.005272648477228492
2017-06-06,0.004930663684023768
2017-06-07,-0.00021395598935060735
2017-06-08,-0.0037411203839144004
2017-06-09,0.010481997044540678
2017-06-12,0.017683250261078653
2017-06-13,0.0022883474652053686
2017-06-14,-0.0008561284682075953
2017-06-15,0.009949715413190252
2017-06-16,0.0003040783682090099
2017-06-19,0.007489839517915614
2017-06-20,0.004868340797176155
2017-06-21,0.004434914308803629
2017-06-22,-0.0017901418946199136
2017-06-23,-0.0010201046900240114
2017-06-26,0.0075889711848044815
2017-06-27,0.002280729769219952
2017-06-28,0.0028344036274570864
2017-06-29,0.005167977517721018
2017-06-30,0.006600507556009969
2017-07-03,0.004876881774538734
2017-07-04,0.007960393415975752
2017-07-06,-0.0008078156849737688
2017-07-07,0.002436891515338642
2017-07-10,0.007390453859110118
2017-07-11,-0.0006719080939431975
2017-07-12,-0.003690144588082775
2017-07-13,-0.0033909928125684034
2017-07-14,0.00023421369975652263
2017-07-18,-0.0035573432877052005
2017-07-19,0.0006562751758719383
2017-07-20,0.009210735493609408
2017-07-21,0.003643353635470568
2017-07-24,0.006083095916078403
2017-07-25,0.006726638321210923
2017-07-26,0.01029017816316124
2017-07-27,-0.000159631782167731
2017-07-28,0.0007057735718048862
2017-07-31,0.0032049894632282037
2017-08-01,0.00013873049073446836
2017-08-02,0.0019207124376113258
2017-08-03,-0.0007631049617307507
2017-08-04,0.0020350402885720197
2017-08-07,0.0025240855913836843
2017-08-08,-0.0013228957981766742
2017-08-09,-0.00874862847370588
2017-08-10,0.002295402061526884
2017-08-11,0.0
2017-08-14,0.0007481199319730432
2017-08-15,0.0008808048802293029
2017-08-16,-0.005359659851728494
2017-08-17,0.005479161368724009
2017-08-18,0.006236451426208741
2017-08-21,-0.005549977873783942
2017-08-22,-0.001849849831862698
2017-08-23,0.01009945277960456
2017-08-24,0.0010280970957046007
2017-08-25,-0.0033151578479856236
2017-08-28,0.002623000465603908
2017-08-29,0.0006894617011682171
2017-08-30,0.0020580510589888745
2017-08-31,0.001860650335629686
2017-09-01,0.004774668946958597
2017-09-04,0.005141882994456658
2017-09-06,0.00419441829085796
2017-09-07,-0.0024010361620983318
2017-09-08,0.0023445809729650676
2017-09-11,-0.001951260313233044
2017-09-12,0.0001610311603123631
2017-09-13,0.000360001786133288
2017-09-14,0.0022247177818309287
2017-09-15,-0.0016966131550651747
2017-09-18,0.0
2017-09-19,0.021803184995539106
2017-09-20,0.005420299491417494
2017-09-21,-0.00015475734164126665
2017-09-22,0.0005490837916242428
2017-09-25,0.009848280528582904
2017-09-26,0.00404225201016127
2017-09-27,0.00515415340933479
2017-09-28,0.006123454086574724
2017-09-29,0.006279008652432154
2017-10-02,0.001992296819517494
2017-10-03,0.008875886877110589
2017-10-04,-8.766422425653727e-05
2017-10-05,0.003942986744673469
2017-10-06,0.0038615291917914545
2017-10-09,0.0
2017-10-10,0.0024123014194458677
2017-10-11,0.006680887762524213
2017-10-12,-0.005979710310820428
2017-10-13,0.009760468493590458
2017-10-16,0.008497279692224354
2017-10-17,0.005549398404270224
2017-10-18,0.0038516024369724335
2017-10-19,0.0037400690568142546
2017-10-20,0.004484340844955624
2017-10-23,0.006459025527320397
2017-10-24,0.00838652525046419
2017-10-25,0.01120642063625513
2017-10-26,-0.006118896700565079
2017-10-27,0.006395114575451489
2017-10-30,0.0010369997996218555
2017-10-31,0.006566477070468261
2017-11-01,0.006958768343931974
2017-11-02,0.00043550425717496185
2017-11-03,0.0
2017-11-06,0.012507776877724072
2017-11-07,0.008763951070831152
2017-11-08,0.007155154842638874
2017-11-09,0.019542562056131862
2017-11-10,0.0031264312849464066
2017-11-13,0.005197681385465099
2017-11-14,-0.0009400768500089904
2017-11-15,0.015584416432062629
2017-11-16,0.004645586865019078
2017-11-17,0.011271485995903198
2017-11-20,0.016801570558063254
2017-11-21,-0.0006323815203897248
2017-11-22,0.020651168477404093
2017-11-23,0.0
2017-11-27,0.04977766734946869
2017-11-28,-0.0019444009173441715
2017-11-29,0.0015181911739209214
2017-11-30,0.005296853582778626
2017-12-01,0.005117915005881542
2017-12-04,0.009588308588492406
2017-12-05,-0.004279616996384676
2017-12-06,0.006941545205406439
2017-12-07,0.005282331550507892
2017-12-08,0.001020615431106302
2017-12-11,0.00703363470130132
2017-12-12,0.011980860123819648
2017-12-13,-0.0012546927749372359
2017-12-14,0.004104948598688242
2017-12-15,0.0014979394913641362
2017-12-18,-0.0024206592473119265
2017-12-19,0.001667802037625715
2017-12-20,0.00602399698392643
2017-12-21,0.0012729861321219892
2017-12-22,0.006608482122136631
2017-12-25,0.0008542923676465065
2017-12-27,0.021419468907040655
2017-12-28,-1.7110444701667503e-05
2017-12-29,0.0027832898991899495
2018-01-01,0.0
2018-01-03,0.0
2018-01-04,0.005552874746487225
2018-01-05,-0.0019046623913995628
2018-01-08,0.0
2018-01-09,0.003757767650256889
2018-01-10,0.0019169849432829913
2018-01-11,0.0020541257622109627
2018-01-12,0.005266770929459036
2018-01-15,0.0111670147453895
2018-01-17,0.0020542609068487793
2018-01-18,0.02153414994844063
2018-01-19,0.004487418832147656
2018-01-22,0.004468133548118041
2018-01-23,-0.005756736850315144
2018-01-24,0.00223840228363355
2018-01-25,0.006949772357429326
2018-01-26,0.0010173425839238265
2018-01-29,0.002727997205249172
2018-01-30,0.013064867780696935
2018-01-31,0.014003817912482112
2018-02-01,0.005006888879026173
2018-02-02,4.0732544160877846e-05
2018-02-05,-0.022368949159656402
2018-02-06,0.01861126348841846
2018-02-07,0.03126805867271774
2018-02-08,0.011505642183865138
2018-02-09,0.033148355834473855
2018-02-12,0.0
2018-02-13,0.020226317712832072
2018-02-14,0.007733284621429229
2018-02-15,0.013812999281570388
2018-02-16,-0.001325279664500161
2018-02-19,0.007098965849670473
2018-02-21,0.0021684075445410757
2018-02-22,0.0024185722866824945
2018-02-23,-0.0024660321580902266
2018-02-26,0.005276465337692723
2018-02-27,-6.988951579364587e-05
2018-02-28,-0.0028468858046498177
2018-03-01,-0.0023921072153587825
2018-03-02,-0.002468464647304861
2018-03-05,0.010529940042663784
2018-03-06,0.008630083237863063
2018-03-07,-0.0013939264309147604
2018-03-08,0.0009682977921692273
2018-03-09,0.005905465821034558
2018-03-12,0.008285078603099499
2018-03-13,0.0007661538633657384
2018-03-14,0.0018516509973038873
2018-03-15,-0.0007677174431722064
2018-03-16,0.002117204132220252
2018-03-19,-0.0013833332392677443
2018-03-20,0.004079106525896989
2018-03-21,0.0
2018-03-22,0.00040588881156439997
2018-03-23,0.022394852634853035
2018-03-26,0.007765366893249449
2018-03-27,-0.012972971937248398
2018-03-28,0.0054602931621097915
2018-03-29,0.0023077494562930836
2018-03-30,0.006861775913820724
2018-04-03,0.009430790541817852
2018-04-04,0.0005157764230746198
2018-04-05,0.005873118415298139
2018-04-06,0.003968016308770677
2018-04-09,0.006445871875116899
2018-04-10,0.0021654104719647247
2018-04-11,-0.00652304182369822
2018-04-12,0.0008633130997596521
2018-04-13,0.006220844310340483
2018-04-16,-0.001908797120939638
2018-04-17,0.0008352619901704941
2018-04-18,-0.003369934313956654
2018-04-19,0.008350056885138155
2018-04-20,0.000379926781539045
2018-04-23,0.002670851218759453
2018-04-24,-0.003535027551646931
2018-04-25,0.008752471601997032
2018-04-26,-0.000876433618864947
2018-04-27,0.002618414748452911
2018-04-30,0.0
2018-05-01,0.006888003379260669
2018-05-02,0.01408233909935578
2018-05-03,0.0
2018-05-04,0.0
2018-05-07,0.007197370244198553
2018-05-08,-0.002093694882701146
2018-05-09,-0.0007505533862552009
2018-05-10,0.006275010635321675
2018-05-11,0.008967833937928878
2018-05-14,0.006828091534593779
2018-05-15,-0.0017048104254976403
2018-05-16,0.005264308765483214
2018-05-17,-0.00295424086817967
2018-05-18,0.006152155527606172
2018-05-21,0.0025493451572397236
2018-05-22,0.005921258420526987
2018-05-23,0.002394445740753294
2018-05-24,0.004563822199327756
2018-05-25,0.004230443238710342
2018-05-28,0.0008287503719802437
2018-05-30,-0.0036411088803762455
2018-05-31,0.011238534283523987
2018-06-01,-0.0062154001700298386
2018-06-04,-0.0038001532321489864
2018-06-05,0.010451913496815854
2018-06-06,0.0006798602755614366
2018-06-07,0.006784961643558494
2018-06-08,0.005265445183411236
2018-06-11,0.004500286452555422
2018-06-12,0.0021477132800898947
2018-06-13,0.005309098391713309
2018-06-14,0.0036546042117805455
2018-06-15,0.003145943894352905
2018-06-18,0.008625977945934846
2018-06-19,0.002182241699976285
2018-06-20,0.0055626374171886366
2018-06-21,-0.00041087335401956103
2018-06-22,0.006067681314882326
2018-06-25,0.024115488181579017
2018-06-26,0.009146198827267017
2018-06-27,-0.019110071534781097
2018-06-28,0.002591092574843578
2018-06-29,-0.00153192447226538
2018-07-02,0.0021680952104671464
2018-07-03,0.0065081495392598785
2018-07-04,0.0026862476218489084
2018-07-06,0.004835434153590688
2018-07-09,-0.0019844481284139463
2018-07-10,0.02238889688396949
2018-07-11,-0.00541448871085
2018-07-12,0.0029643716743916805
2018-07-13,-0.005050044802561413
2018-07-16,0.0
2018-07-17,0.006240935343665346
2018-07-18,0.006417754451891945
2018-07-19,-0.00931732820184196
2018-07-20,0.0004875886489245514
2018-07-23,-0.005215036619285162
2018-07-24,-0.0055157943514010255
2018-07-25,-0.00036324463014353217
2018-07-26,-0.002183715583645338
2018-07-27,0.003164997004827551
2018-07-30,-0.004346755996864496
2018-07-31,0.0018403864532310305
2018-08-01,-0.006807758650965679
2018-08-02,0.00802757436653728
2018-08-03,-0.003063503602922692
2018-08-06,3.828902421278862e-06
2018-08-07,0.0001308124358324407
2018-08-08,-0.013758446375573717
2018-08-09,0.0003102655632211251
2018-08-10,-0.0023621239648331654
2018-08-13,-0.007898318599852454
2018-08-14,0.00351402056265469
2018-08-15,0.00802776382781675
2018-08-16,0.007184654324281544
2018-08-17,0.006139133256984246
2018-08-20,0.004144898601400525
2018-08-21,-0.0015625747986572113
2018-08-22,-0.00034881655768630274
2018-08-23,0.0
2018-08-24,9.06184503846487e-05
2018-08-27,-0.004948050456537551
2018-08-28,0.005569302909489099
2018-08-29,-0.00042842105226861295
2018-08-30,0.002357305956081991
2018-08-31,0.009153708669237896
2018-09-03,-0.0011943108518542782
2018-09-05,-0.0022234306751903136
2018-09-06,-0.0021170495389023825
2018-09-07,0.0021506244104422456
2018-09-10,0.0014908114493022654
2018-09-11,0.006743668458095075
2018-09-12,0.001288604027983146
2018-09-13,-0.0019864150720042906
2018-09-14,0.0060720792409262965
2018-09-17,0.0
2018-09-18,0.01629459997969299
2018-09-19,-0.0047358686733535585
2018-09-20,-0.0021220404563367214
2018-09-21,-0.015704630942719032
2018-09-24,0.0
2018-09-25,0.00048328802089694467
2018-09-26,0.01166044467749213
2018-09-27,0.009616464469011156
2018-09-28,0.013459809590224563
2018-10-01,0.0008780631892394303
2018-10-02,0.008831244287109793
2018-10-03,0.003553465138095362
2018-10-04,0.0017627480744632933
2018-10-05,0.0010393138174755404
2018-10-08,0.0
2018-10-09,0.0026727834207855095
2018-10-10,-0.006389075654165534
2018-10-11,0.01692170034087897
2018-10-12,0.008999967839289911
2018-10-15,0.002682801623670214
2018-10-16,-0.001004031528603005
2018-10-17,-0.0008763049825101205
2018-10-18,0.004440538947003585
2018-10-19,0.0034643445627409956
2018-10-22,0.009135478901108118
2018-10-23,0.010876449690129913
2018-10-24,0.012309872456991527
2018-10-25,-0.0038064495111336657
2018-10-26,0.009012241377115947
2018-10-29,0.0050451654660901134
2018-10-30,0.0032440505914673266
2018-10-31,-0.006268666710272816
2018-11-01,-0.005389919524481905
2018-11-02,-0.0012381196750175611
2018-11-05,0.0013969048420206407
2018-11-06,-0.00021315576320252248
2018-11-07,-0.009609062986030934
2018-11-08,-0.005543908174753929
2018-11-09,0.0019728491609570732
2018-11-12,-0.001030049706787822
2018-11-13,0.0008975047864732619
2018-11-14,0.00036403027909842503
2018-11-15,-0.0021861028487334226
2018-11-16,0.003436033986750488
2018-11-19,0.007133112740684896
2018-11-20,0.0093470670814445
2018-11-21,0.002274797665115338
2018-11-22,-0.0043332150981433525
2018-11-26,0.0031907187306913116
2018-11-27,-0.0018468769033289693
2018-11-28,0.0010037555969441762
2018-11-29,0.007752098863593157
2018-11-30,0.006033859321133348
2018-12-03,0.006666321523577852
2018-12-04,0.02923346199050867
2018-12-05,0.008747930159347519
2018-12-07,0.0019605939079764107
2018-12-10,0.0013586813884079955
2018-12-11,0.009697370691151588
2018-12-12,-0.003247171679427679
2018-12-13,0.006957240013579179
2018-12-14,0.008808591605972478
2018-12-17,-0.006723892329830188
2018-12-18,0.0010237336843033108
2018-12-19,-0.001986789227121553
2018-12-20,0.005544259676532998
2018-12-21,-0.002893491230518395
2018-12-24,0.0
2018-12-25,0.028017263890861815
2018-12-27,-0.006188052853677773
2018-12-28,0.0038044969565694097
2018-12-31,0.0
2019-01-04,0.0010771775690039038
2019-01-07,0.003046376795132091
2019-01-08,0.006039745815863291
2019-01-09,0.00327444297963804
2019-01-10,-0.001592391945436469
2019-01-11,0.00724395158546958
2019-01-15,-0.00225179449063541
2019-01-16,-0.0020959075617570187
2019-01-17,0.0005595720112301652
2019-01-18,-0.005706624700245123
2019-01-21,-0.0015616388212212112
2019-01-23,0.002800212923871946
2019-01-24,0.003983238513944488
2019-01-25,0.0010991723565182388
2019-01-28,0.0
2019-01-29,0.0220368675529479
2019-01-30,-0.0019702155258238944
2019-01-31,-0.0026479956292395886
2019-02-01,-8.07334649452205e-05
2019-02-04,0.0004967320982179685
2019-02-05,0.004029477826959517
2019-02-06,-0.002555189166726739
2019-02-07,0.0013142476232723228
2019-02-08,-0.001640246027007913
2019-02-12,-0.005788223164460092
2019-02-13,-0.0005312298813246236
2019-02-14,-0.0006115480221517058
2019-02-15,0.0008726676136103692
2019-02-18,0.000298671599893236
2019-02-20,0.0059626506044402495
2019-02-21,0.002233094432317743
2019-02-22,-0.0005147629224176941
2019-02-25,-0.007809142457483783
2019-02-26,-0.0023093799544201396
2019-02-27,-0.0017849620570571123
2019-02-28,-0.00037547057852254425
2019-03-01,0.0011244012538602912
2019-03-04,0.0011718776338134804
2019-03-05,0.002124442751987358
2019-03-06,0.002410073788484735
2019-03-07,0.002638410511350906
2019-03-08,-8.664106687366344e-05
2019-03-11,-0.0029610568494194663
2019-03-12,0.0012872413109559799
2019-03-13,0.0005699582693076213
2019-03-14,0.006788360301117541
2019-03-15,-0.0036707911379336845
2019-03-18,0.0006710137187791379
2019-03-19,0.0018979498510693232
2019-03-20,0.005651123075078593
2019-03-22,-0.012201385759249525
2019-03-25,0.013662171701553875
2019-03-26,0.009653921783854824
2019-03-27,-0.004762679991954653
2019-03-28,-0.0019075393083851264
2019-03-29,7.781318466163444e-05
2019-04-01,0.0029950209410391777
2019-04-02,0.004595567275171773
2019-04-03,-0.002187519224720525
2019-04-04,0.005066924253402851
2019-04-05,0.0050538571268554525
2019-04-08,-0.0007498435125422566
2019-04-09,0.010563907824866523
2019-04-10,-0.004880342216536709
2019-04-11,0.003812702217939272
2019-04-12,0.008484796675097283
2019-04-15,0.009705064628111914
2019-04-16,0.0037604017420212223
2019-04-17,0.004669184981201049
2019-04-18,0.006252071237439261
2019-04-19,0.00032824994814519075
2019-04-23,0.006373563843313656
2019-04-24,0.0012367453519610233
2019-04-25,0.003533963264439624
2019-04-26,0.002722585116400257
2019-05-07,0.012169848951722483
2019-05-08,0.005405966191762145
2019-05-09,0.02230435467563318
2019-05-10,-0.003113377140374322
2019-05-13,0.0002164213785982639
2019-05-14,0.016029542967889776
2019-05-15,-0.005349745111642053
2019-05-16,0.0017851722336045448
2019-05-17,-0.0011038323048501546
2019-05-20,0.020360228546904897
2019-05-21,-0.0001472495956557102
2019-05-22,0.0027778804735377727
2019-05-23,0.0019068897184583377
2019-05-24,0.0017446299519326039
2019-05-27,-0.0010767730971027669
2019-05-29,0.0068805286099776755
2019-05-30,-0.00515047936512413
2019-05-31,0.004768641772453357
2019-06-03,0.016221690745764555
2019-06-04,0.0033784371649321345
2019-06-05,0.01853208453904167
2019-06-06,0.0007363523069962118
2019-06-07,0.0009228429683137041
2019-06-10,-0.0038727564966920297
2019-06-11,0.001192075407686438
2019-06-12,-0.0001697855082042378
2019-06-13,-0.0017064791731421568
2019-06-14,0.007148809807367408
2019-06-17,-0.0009784552201343544
2019-06-18,-0.0010926644661083135
2019-06-19,-0.0016045642814245813
2019-06-20,-0.0025170917753989503
2019-06-21,0.00110620338292105
2019-06-24,0.002669968549418248
2019-06-25,0.021991503467484783
2019-06-26,0.00025758684945153046
2019-06-27,0.0034068366220080344
2019-06-28,0.007842168781948686
2019-07-01,0.011472758790008331
2019-07-02,0.002777567991618547
2019-07-03,0.0071251163336691955
2019-07-04,8.939586174533951e-05
2019-07-08,0.014264965511841267
2019-07-09,0.0038500235409142823
2019-07-10,-0.005243506217751709
2019-07-11,0.006453814193543131
2019-07-12,0.0012619273867262304
2019-07-16,0.0037346045573403296
2019-07-17,-0.001069633390804274
2019-07-18,0.0180229310580977
2019-07-19,0.00641669158225503
2019-07-22,-0.000641641190264586
2019-07-23,0.0023506798110919684
2019-07-24,0.0009184449506399239
2019-07-25,-6.10635335858479e-05
2019-07-26,0.007622354636271739
2019-07-29,0.004374656135242731
2019-07-30,0.0027434124598177405
2019-07-31,0.0004968262907899925
2019-08-01,0.003879421518611906
2019-08-02,0.016951366587543582
2019-08-05,0.008201035571593511
2019-08-06,0.02335488022003962
2019-08-07,-0.0015972150883597914
2019-08-08,0.002613541707782097
2019-08-09,0.024090590643394222
2019-08-13,0.01628285608177951
2019-08-14,0.00026571096877698425
2019-08-15,0.016657021752532558
2019-08-16,0.0001487411224970962
2019-08-19,-0.0002005458141729939
2019-08-20,0.0007623605736586965
2019-08-21,0.009946867533847322
2019-08-22,0.003924103197898229
2019-08-23,0.0013903100439795115
2019-08-26,0.016029538331281724
2019-08-27,0.009707360522559955
2019-08-28,0.00035770801328024906
2019-08-29,-0.00027386585773720557
2019-08-30,-0.004426441100979482
2019-09-02,0.004824107681039587
2019-09-04,0.0016660082196043602
2019-09-05,-0.0015803833045204335
2019-09-06,0.0009582497161922038
2019-09-09,-0.0008480440064739746
2019-09-10,-0.0012954940574350544
2019-09-11,-0.006640859278143023
2019-09-12,0.0026674418569434164
2019-09-13,0.0453232033846868
2019-09-17,-0.002931189733923154
2019-09-18,-0.0021446646070844167
2019-09-19,0.0057944349495353455
2019-09-20,0.003374437976229677
2019-09-24,0.0051625196324140985
2019-09-25,0.002068385572281129
2019-09-26,-0.0004996203004654623
2019-09-27,0.004206680888886999
2019-09-30,0.006938425024697376
2019-10-01,0.003764242537381327
2019-10-02,0.013698313138677361
2019-10-03,0.008592189860843397
2019-10-04,0.004815947973958497
2019-10-07,0.001318263526682198
2019-10-08,-0.0009894387956258359
2019-10-09,0.006188114725555778
2019-10-10,0.00012896172791875427
2019-10-11,0.0027829069520131826
2019-10-15,0.0026452573646336065
2019-10-16,0.007977777873924239
2019-10-17,0.0027493634140624947
2019-10-18,0.002227121306534855
2019-10-21,-0.0005349509432247064
2019-10-23,-0.0021362045582945734
2019-10-24,0.005313206770810479
2019-10-25,0.006520931072414541
2019-10-28,0.005085703857818039
2019-10-29,0.0034561728966481095
2019-10-30,0.002637977083786282
2019-10-31,0.0005188929214900587
2019-11-01,0.003677976023754797
2019-11-05,0.009378413571720121
2019-11-06,-0.000905838745340217
2019-11-07,0.0076276407405786156
2019-11-08,0.036584918305993856
2019-11-11,-0.00041555342921812955
2019-11-12,0.001172079005157586
2019-11-13,0.00020051155043858513
2019-11-14,-0.0006763873950087573
2019-11-15,0.006857109169458011
2019-11-18,-0.007407117084104293
2019-11-19,0.017000386177881757
2019-11-20,-0.002381716727510393
2019-11-21,0.0005773572662043443
2019-11-22,0.004452580217674168
2019-11-25,0.00045749301944704966
2019-11-26,0.005257724378333498
2019-11-27,0.0038039853253594527
2019-11-28,0.004457423340627645
2019-12-02,0.014383818135996611
2019-12-03,0.005930996079875287
2019-12-04,0.006214086164039368
2019-12-05,0.0005850627145432955
2019-12-06,0.0040809993143213
2019-12-09,0.00322698156975521
2019-12-10,0.0030535759415095402
2019-12-11,-0.0042402757500377385
2019-12-12,0.002733967332024385
2019-12-13,0.01742791630203409
2019-12-16,0.01056295125270092
2019-12-17,0.010026794645886506
2019-12-18,0.006771025675765137
2019-12-19,0.005629394824107513
2019-12-20,0.005311136539672469
2019-12-23,0.005893885859844964
2019-12-24,0.006633375573866734
2019-12-25,0.004008115413724921
2019-12-27,0.0018369658999487283
2019-12-30,0.00119390077944326
2020-01-06,-0.0073492683905647515
2020-01-07,0.005177043747930039
2020-01-08,0.010426523455644985
2020-01-09,0.014556238107320266
2020-01-10,0.003520543420242029
2020-01-14,9.539938666879608e-06
2020-01-15,0.0033929261067575526
2020-01-16,0.011207077060410514
2020-01-17,0.01569972875035138
2020-01-20,0.0008915661100688283
2020-01-22,0.00296437560567654
2020-01-23,-0.0004483833248975234
2020-01-24,-0.003363701696468705
2020-01-27,0.007195915401764523
2020-01-28,0.004269428332654081
2020-01-29,-0.0003969406235372789
2020-01-30,0.0036516062456310935
2020-01-31,0.004047313190314484
2020-02-03,0.011108945318684924
2020-02-04,0.005955146558437908
2020-02-05,0.006957658696350895
2020-02-06,0.016166298013046344
2020-02-07,0.0010772398728326894
2020-02-10,-0.004073856285460721
2020-02-12,-0.001018603040194947
2020-02-13,0.003602499096456444
2020-02-14,0.00224080091154841
2020-02-17,0.007569049861172211
2020-02-19,0.02000117585879683
2020-02-20,0.0014622583343912774
2020-02-21,0.012334082697185535
2020-02-25,0.008360110157344449
2020-02-26,0.005282187422695912
2020-02-27,0.010138160710873829
2020-02-28,0.006119714001626253
2020-03-02,0.002149659730503791
2020-03-03,-0.002464980320034451
2020-03-04,0.005281486841829962
2020-03-05,0.00442304450644964
2020-03-06,0.02813720460083771
2020-03-09,0.03994940578063792
2020-03-10,0.004093956573476939
2020-03-11,-0.005611463645344253
2020-03-12,0.02523201630876304
2020-03-13,0.04207563188825846
2020-03-16,-0.026607780543379967
2020-03-17,0.0037152445853621124
2020-03-18,-0.0029674142665441225
2020-03-19,0.0004188413731152081
2020-03-23,0.006146260167329733
2020-03-24,0.0012722122508404855
2020-03-25,0.024925442298941898
2020-03-26,0.03419021490449725
2020-03-27,0.029962483049740328
2020-03-30,0.007751818935036888
2020-03-31,-0.012456049236723532
2020-04-01,0.007598415550541701
2020-04-02,0.0044299495085444104
2020-04-03,0.05586417088789011
2020-04-06,-0.004848280163713564
2020-04-07,-0.004292802408146464
2020-04-08,0.0007962959277801277
2020-04-09,0.017506367187298033
2020-04-10,-0.0036345846102442993
2020-04-14,0.004942979249425354
2020-04-15,0.006887713305820544
2020-04-16,0.01313055364147047
2020-04-17,0.009160978003889658
2020-04-20,-0.001090203677665284
2020-04-21,0.005469929176602214
2020-04-22,0.001294463398344016
2020-04-23,-0.009693939484450215
2020-04-24,0.017745696729328415
2020-04-27,0.009348647838443188
2020-04-28,-0.0051523398752473665
2020-04-30,-0.0032075261276697103
2020-05-01,0.02421782113703041
2020-05-07,0.009514513127670512
2020-05-08,0.02096603482364084
2020-05-11,0.004059973837692899
2020-05-12,0.007036277014579307
2020-05-13,0.005984401704353274
2020-05-14,-0.007380749646413244
2020-05-15,-0.00023455473759419285
2020-05-18,0.008283347911662232
2020-05-19,0.018160835055262267
2020-05-20,1.6195195045223994e-05
2020-05-21,0.010904521242116303
2020-05-22,0.010073650426982154
2020-05-25,0.008626824656925271
2020-05-27,0.007596519157507277
2020-05-28,-0.006966064760232731
2020-05-29,0.009123542415479807
2020-06-01,0.014437045711290087
2020-06-02,0.0012059624551218249
2020-06-03,0.0056606738985653035
2020-06-04,0.01325200543404118
2020-06-05,0.019616616860071656
2020-06-08,0.03104153595746211
2020-06-09,0.0072115391014687825
2020-06-10,0.00662201072512303
2020-06-11,0.038154414322276176
2020-06-12,0.021312919873964095
2020-06-15,-0.013539420751258028
2020-06-16,0.0002102152187550678
2020-06-17,0.006155171965411701
2020-06-18,0.007756713655586005
2020-06-19,0.010474236431984882
2020-06-22,0.013362235765445853
2020-06-23,0.012535294213905914
2020-06-24,0.0032692575334999554
2020-06-25,-0.0029573503758414926
2020-06-26,0.008101040288763928
2020-06-29,0.003666599643804846
2020-06-30,0.007056880018014617
2020-07-01,0.015017707294755885
2020-07-02,0.005657366562280051
2020-07-03,0.001640672454079273
2020-07-07,0.00605685046333359
2020-07-08,0.0033955294366504914
2020-07-09,0.00795865584492148
2020-07-10,0.005995446783173333
2020-07-13,0.002901884343503104
2020-07-14,-0.005336942683918799
2020-07-15,0.00058984480530523
2020-07-16,0.0065836325777359
2020-07-17,0.015332584782249043
2020-07-20,0.017227881782749133
2020-07-21,-0.004797523695155157
2020-07-22,0.01012950371096573
2020-07-27,0.002246521774811488
2020-07-28,0.002916320065772333
2020-07-29,0.007974835818433956
2020-07-30,0.02979344362486789
2020-07-31,0.017127405156029014
2020-08-03,0.0036347212604142375
2020-08-04,0.004923561985541903
2020-08-05,0.008766944674058683
2020-08-06,0.02626865548543631
2020-08-07,0.00012303388268800237
2020-08-11,-0.015976777705046262
2020-08-12,0.027607753757212604
2020-08-13,0.023913646097895556
2020-08-14,0.01738880396666243
2020-08-17,0.012805967247397531
2020-08-18,0.005132181553396474
2020-08-19,0.0023336908561546587
2020-08-20,0.0022684301563909385
2020-08-21,0.005524496760932136
2020-08-24,0.009373496393945132
2020-08-25,0.004362402989997946
2020-08-26,0.00045952497249313187
2020-08-27,1.6691660593672747e-05
2020-08-28,0.005218342614198033
2020-08-31,0.016544933629889385
2020-09-01,0.00669004739105481
2020-09-02,-0.0006341214687397914
2020-09-03,0.0036789170394476525
2020-09-04,-0.0007916102701119047
2020-09-07,-0.0017622797542956063
2020-09-09,0.008964797310001852
2020-09-10,0.0006712026053819267
2020-09-11,0.0053703402727823
2020-09-14,0.01153692773138532
2020-09-15,0.012531128534458827
2020-09-16,-0.002983131051920039
2020-09-17,0.009859473952462902
2020-09-18,0.008340215738172395
2020-09-23,0.0035971907581128938
2020-09-24,0.00590642788072384
2020-09-25,0.005412906437844304
2020-09-28,0.004105034742884741
2020-09-29,1.1085207138709376e-05
2020-09-30,0.004971297162880595
2020-10-02,0.0012562791516428158
2020-10-05,0.017768513017062205
2020-10-06,-0.003339217173320478
2020-10-07,0.003297549724570107
2020-10-08,0.0015366570333779448
2020-10-09,0.0002119181406701337
2020-10-12,0.0006860204816616101
2020-10-13,-0.002412728768635057
2020-10-14,-0.0061309656799968665
2020-10-15,0.001317095687441495
2020-10-16,0.0033416844226198178
2020-10-19,0.009818621793537274
2020-10-20,-0.0001541987052400568
2020-10-21,0.005895393436740075
2020-10-22,0.009935264763020198
2020-10-23,0.02067040750638329
2020-10-26,0.011454653604350482
2020-10-27,-0.00014269043009297122
2020-10-28,0.029715029384242676
2020-10-29,0.00957924116350487
2020-10-30,0.014748398591000782
2020-11-02,-0.0009310800195248227
2020-11-04,-0.009691249621053645
2020-11-05,-0.00881343519979371
2020-11-06,0.002032613117558614
2020-11-09,0.001980377399674653
2020-11-10,0.01339483284458027
2020-11-11,0.0058859168945282255
2020-11-12,0.007204833183056578
2020-11-13,0.01458554520872055
2020-11-16,-0.0019819767390497336
2020-11-17,-0.001192652995948714
2020-11-18,0.004540788238512592
2020-11-19,0.018963030466295838
2020-11-20,0.018031659513005314
2020-11-24,0.0030225218320892424
2020-11-25,0.006435194605590583
2020-11-26,0.0019213718902752214
2020-11-30,0.0035775674888599476
2020-12-01,0.014244537540810424
2020-12-02,0.0027609542278060895
2020-12-03,0.012668362350622159
2020-12-04,-0.001393901681405285
2020-12-07,0.007823061965238238
2020-12-08,0.007726873834810967
2020-12-09,0.009694738768303688
2020-12-10,-0.000584932104964366
2020-12-11,-0.003482877463793122
2020-12-14,0.013033038209682398
2020-12-15,0.006777457030276039
2020-12-16,0.009474056537579932
2020-12-17,0.005364628761703752
2020-12-18,0.018143657405331994
2020-12-21,0.006872408263356922
2020-12-22,-0.0062550094998960835
2020-12-23,-0.005226534055828353
2020-12-24,0.0012732847016766091
2020-12-25,0.010670253603663051
2020-12-29,0.005451750235050357
2020-12-30,0.008189494525508916
2021-01-04,0.013610118918586642
2021-01-05,0.018038548071248352
2021-01-06,-0.012813922545849694
2021-01-07,0.027189516264828007
2021-01-08,0.005675931964390107
2021-01-12,0.01206826664435583
2021-01-13,0.01951187480335654
2021-01-14,0.008343117266372524
2021-01-15,0.011490045277997664
2021-01-18,0.02393874681844023
2021-01-20,0.008332764032520852
2021-01-21,0.0010212082275236794
2021-01-22,0.002040244481163199
2021-01-25,0.012557890814298695
2021-01-26,0.011974538426160908
2021-01-27,-0.0013049944402172453
2021-01-28,-0.001208479765045292
2021-01-29,0.0009724713881249548
2021-02-01,-0.0030634557565851284
2021-02-02,0.00012768084462588293
2021-02-03,0.0027606838900067114
2021-02-04,0.005142536433792372
2021-02-05,-0.0038702067871510867
2021-02-08,-0.006239998048670993
2021-02-09,5.8333199372438086e-05
2021-02-10,0.01164251931873683
2021-02-12,0.011833814120054336
2021-02-15,0.003146110099962927
2021-02-17,0.005199667616547356
2021-02-18,0.006811210847554711
2021-02-19,0.0006161223847536204
2021-02-22,0.014683131081398567
2021-02-24,-0.00036805617416447523
2021-02-25,0.0008194689295922821
2021-02-26,-0.03929012480264658
2021-03-01,0.023442621813659126
2021-03-02,0.005663883151471479
2021-03-03,0.02800403206219616
2021-03-04,0.0001401864341552064
2021-03-05,0.01045513626914206
2021-03-08,0.0008503474789586423
2021-03-09,-0.0027906739172213896
2021-03-10,0.0016673369844970305
2021-03-11,0.015901915753596518
2021-03-12,0.02646709120430765
2021-03-15,0.0050634324610414954
2021-03-16,-0.000857093897381389
2021-03-17,0.0043463116538502424
2021-03-18,0.0017322593871063642
2021-03-19,0.0051911211637754515
2021-03-22,0.01701859794016674
2021-03-23,-0.006740295734297081
2021-03-24,0.004528543263767325
2021-03-25,0.010781594949802903
2021-03-26,0.00013731981282371513
2021-03-29,-0.007328539076905241
2021-03-30,0.010425372625470844
2021-03-31,0.009544640109345503
2021-04-01,-0.003133900327358251
2021-04-02,0.0013163346342434307
2021-04-06,-7.51478543724438e-05
2021-04-07,0.006961268707775391
2021-04-08,-0.0005368499345315154
2021-04-09,0.008921407526162389
2021-04-12,0.009139228728873454
2021-04-13,0.026074598630252466
2021-04-14,0.0052366307052606744
2021-04-15,0.00017425207212605248
2021-04-16,0.0017750437230476582
2021-04-19,0.013941120319099247
2021-04-20,0.024983677536436044
2021-04-21,0.002049246753075411
2021-04-22,0.0032696340406918236
2021-04-23,-0.002052660376228172
2021-04-26,4.1492407800289375e-05
2021-04-27,0.005457362392161174
2021-04-28,0.0010831695468818657
2021-04-30,0.011002198673064102
2021-05-06,-0.0020368128397737703
2021-05-07,0.015033506075605144
2021-05-10,-0.00024068750635088446
2021-05-11,0.022545737420403444
2021-05-12,0.0097453518208525
2021-05-13,0.009332979135618908
2021-05-14,0.028813667496476705
2021-05-17,0.01375377242187666
2021-05-18,0.001151368518624317
2021-05-19,0.0037978246876867947
2021-05-20,0.0034200406683826566
2021-05-21,0.015236829413121662
2021-05-24,0.005913065634460925
2021-05-25,0.010153913968172931
2021-05-26,-0.006287369426308945
2021-05-27,-0.0017708102045403242
2021-05-28,0.0025563446269901303
2021-05-31,0.00557552404242795
2021-06-02,0.0168239755559801
2021-06-03,0.0013724938356066121
2021-06-04,0.007155676011380772
2021-06-07,-0.0054356313710265365
2021-06-08,-0.034401894082093966
2021-06-09,-0.0073874632158611175
2021-06-10,-0.0020222694344130617
2021-06-11,0.005835050284725138
2021-06-14,0.008679574194219873
2021-06-15,0.0030608647207814484
2021-06-16,-0.001848688701025978
2021-06-17,0.00518785602854905
2021-06-18,-0.0006364308999777567
2021-06-21,0.008624749801361476
2021-06-22,0.012620590214004097
2021-06-23,-0.002549193973794277
2021-06-24,0.0025877640769991616
2021-06-25,0.00423565220663869
2021-06-28,0.002214539942867258
2021-06-29,0.002975232299455837
2021-06-30,0.007830595859081173
2021-07-01,0.0017381954873504834
2021-07-02,0.007686987381734379
2021-07-05,0.00806201494719145
2021-07-07,0.006828843813776459
2021-07-08,-0.004320745280083615
2021-07-09,0.003218340068920505
2021-07-12,0.0007995546307616318
2021-07-13,-0.00025183918492402337
2021-07-14,-0.0022743465465714235
2021-07-15,0.008866681395597029
2021-07-16,-0.0018227524869164477
2021-07-19,0.006871386617531493
2021-07-20,0.009814200882403253
2021-07-21,0.009448926398709902
2021-07-26,0.00617474832752327
2021-07-27,-0.0033357824920821717
2021-07-28,-0.0006926737829130082
2021-07-29,0.006033648388881092
2021-07-30,-0.001465479489837574
2021-08-02,0.010586999922112731
2021-08-03,-0.011219345544185598
2021-08-04,-0.0021220418878958513
2021-08-05,-0.0004169564031660571
2021-08-06,-6.484930133010802e-05
2021-08-10,-0.0001332374599124428
2021-08-11,-0.0015561855797078016
2021-08-12,0.004383870067971333
2021-08-13,-0.006804855070727359
2021-08-16,0.006826392340908493
2021-08-17,0.010772567270909708
2021-08-18,0.00032373906349270114
2021-08-19,-0.02116952315086187
2021-08-20,0.009071448014779446
2021-08-23,0.02378748002061748
2021-08-24,0.0007420279641099629
2021-08-25,0.0006420750395297018
2021-08-26,0.0011572757682286237
2021-08-27,0.0014490268854981132
2021-08-30,-0.0015127527287819777
2021-08-31,0.005071936616122047
2021-09-01,0.00563888334172539
2021-09-02,-0.0028768550315393204
2021-09-03,0.0025735218131918316
2021-09-06,0.01775950886104343
2021-09-08,0.0045161534801531535
2021-09-09,0.0077048719700630736
2021-09-10,0.022105382405402947
2021-09-13,0.010516766617978532
2021-09-14,-0.002197889796209363
2021-09-15,0.005902170315547505
2021-09-16,-0.002813884902223676
2021-09-17,0.00533005119576098
2021-09-21,0.0002566884690886153
2021-09-22,0.008699208484160694
2021-09-24,0.0062488671801832025
2021-09-27,-0.00772190296442617
2021-09-28,0.008683724967698276
2021-09-29,0.008761548643513247
2021-09-30,0.0009591897805079847
2021-10-01,0.0023812108619203094
2021-10-04,0.01652947623785531
2021-10-05,0.0017524371207543127
2021-10-06,-0.01461524139027584
2021-10-07,0.012041104870978906
2021-10-08,-0.002642859022519317
2021-10-11,0.018179650884545172
2021-10-12,0.012421272087839316
2021-10-13,-0.010133958349778432
2021-10-14,-0.003096173130163523
2021-10-15,-0.001641858977974414
2021-10-18,-0.008512697179598898
2021-10-19,0.0015807878263286942
2021-10-20,0.006595983546074604
2021-10-21,0.005848331193717573
2021-10-22,0.001284731652263556
2021-10-25,-0.0034327249139636876
2021-10-26,-0.0057691732574156745
2021-10-27,0.0016830140547216808
2021-10-28,0.0012847278796114588
2021-10-29,0.009364173826859326
2021-11-01,0.004789907514061754
2021-11-02,0.002319235859990569
2021-11-04,0.005668494559028785
2021-11-05,0.0022984849508865712
2021-11-08,0.0009734869124932506
2021-11-09,0.0002888980545318869
2021-11-10,-0.004779559724399028
2021-11-11,0.001286188263795547
2021-11-12,0.0014589676681751008
2021-11-15,0.0004548485899226048
2021-11-16,-0.0003575252432914493
2021-11-17,0.012464782875311569
2021-11-18,0.0011044365254106805
2021-11-19,-0.004349018510843602
2021-11-22,0.008127437545263863
2021-11-24,0.002788984410293185
2021-11-25,0.013556058629607355
2021-11-29,0.02335791785786775
2021-11-30,0.01831392783630256
2021-12-01,0.008731273001953414
2021-12-02,0.0291051304229389
2021-12-03,0.025278040483814698
2021-12-06,0.026779153602518382
2021-12-07,0.00024772300664422297
2021-12-08,0.015546781817482976
2021-12-09,0.0075702118706716445
2021-12-10,0.005475417641301598
2021-12-13,0.01802796290763543
2021-12-14,0.010211382836601814
2021-12-15,0.01215445394144981
2021-12-16,0.012947368207463884
2021-12-17,0.01628824656733323
2021-12-20,0.0009024939423329416
2021-12-21,0.017296852098441527
2021-12-22,0.006467747199351521
2021-12-23,-0.003984488182771609
2021-12-24,0.005782472884754047
2021-12-28,0.008526646404567042
2021-12-29,0.010575516334257597
2021-12-30,0.008486251216133285
2022-01-04,0.026012815358117936
2022-01-05,0.023009875654654233
2022-01-06,0.009664500372499874
2022-01-07,0.01619841073990351
2022-01-11,0.008941985878093297
2022-01-12,0.001772211275059441
2022-01-13,0.005377291428547222
2022-01-14,0.010923596808369058
2022-01-17,0.010149561438615328
2022-01-19,0.008932533605714188
2022-01-20,-0.0007696416275613954
2022-01-21,0.00911359868500971
2022-01-24,0.00391551770161429
2022-01-25,-0.0036076219952355213
2022-01-26,0.0007798402876648645
2022-01-27,0.029979783852395296
2022-01-28,0.013646556037197138
2022-01-31,-0.011834681863974848
2022-02-01,0.004036689938694868
2022-02-02,0.014820220185976892
2022-02-03,0.014129923771601813
2022-02-04,-0.0033908253429955205
2022-02-07,0.000534385784180625
2022-02-08,0.0284826864133744
2022-02-09,0.012826649862139362
2022-02-10,-0.0038803551607620138
2022-02-14,-0.0002799752497876641
2022-02-15,0.014444614509076923
2022-02-16,0.010147945078099086
2022-02-17,0.00969275385095106
2022-02-18,0.0024314718680436154
2022-02-21,0.008263894345298109
2022-02-24,0.006504883239870048
2022-02-25,0.010034950565028431
2022-02-28,0.018061839909733975
2022-03-01,0.0023346227152159236
2022-03-02,0.011559912877151506
2022-03-03,-0.004443203019613392
2022-03-04,0.01092932300580315
2022-03-07,0.012127697034116515
2022-03-08,-0.026755451032192762
2022-03-09,0.0024285059499895407
2022-03-10,0.019648958934983217
2022-03-11,0.04014779704482709
2022-03-14,0.005040272839865021
2022-03-15,-0.000724322729328535
2022-03-16,-0.009390672152609796
2022-03-17,0.004919054835941881
2022-03-18,0.003654950457798276
2022-03-22,0.009108443211753109
2022-03-23,0.008086031225525026
2022-03-24,0.003123548674482588
2022-03-25,0.01284104105718658
2022-03-28,-0.005609212610335784
2022-03-29,0.014809077467585597
2022-03-30,0.015297184587916427
2022-03-31,-0.007135791247472511
2022-04-01,-0.005952763748157218
2022-04-04,0.004567392977423991
2022-04-05,0.0028564647633226516
2022-04-06,-0.0019996958843761115
2022-04-07,0.0018260746043045428
2022-04-08,0.004482919296107439
2022-04-11,-0.003182480821049295
2022-04-12,0.01131804866460127
2022-04-13,0.009100810356335566
2022-04-14,0.01085553113463766
2022-04-15,0.0007207106824744619
2022-04-19,0.0014511804439139996
2022-04-20,0.002365840800128919
2022-04-21,-0.011657338001808525
2022-04-22,-0.0019534618514089087
2022-04-25,0.005116592663082127
2022-04-26,0.013689870857613577
2022-04-27,0.0009568909789901831
2022-04-28,0.021073547585617792
2022-05-02,0.012717214830445831
2022-05-06,-0.006869570108156434
2022-05-09,0.008406247117282073
2022-05-10,0.006992482008821589
2022-05-11,0.006266611891729051
2022-05-12,0.0064456657861173185
2022-05-13,0.005411643373876322
2022-05-16,0.006439884392969103
2022-05-17,-0.006729992867990249
2022-05-18,0.014537313457094718
2022-05-19,0.009309489152877404
2022-05-20,-0.006253326875849407
2022-05-23,-0.0022217241682920864
2022-05-24,0.006765246957651085
2022-05-25,0.0011740883811107604
2022-05-26,0.0037725809453353705
2022-05-27,0.009876071219348933
2022-05-30,0.011735478887566403
2022-06-01,0.0070463722113583704
2022-06-02,0.005885163080073682
2022-06-03,-0.005560748730171501
2022-06-06,0.005170803925796032
2022-06-07,-0.0014934318016325602
2022-06-08,-0.002735790698272887
2022-06-09,0.005283701615239887
2022-06-10,0.01075852124261259
2022-06-13,0.01501387053513661
2022-06-14,-0.0021437624410362097
2022-06-15,-0.011585338593158048
2022-06-16,0.011030404995552398
2022-06-17,0.002970624920678002
2022-06-20,-0.015056489362976325
2022-06-22,-0.0088351776773281
2022-06-23,0.01566390947843198
2022-06-24,0.007051170387503507
2022-06-27,-0.01266410586303625
2022-06-28,0.010466942152153531
2022-06-29,0.007399471400151108
2022-06-30,0.003094095717122159
2022-07-01,0.012908394574490015
2022-07-04,0.010264123298996453
2022-07-06,-0.009089739601197773
2022-07-07,0.002895512577521075
2022-07-08,0.0008392660282672859
2022-07-11,0.005722732641139614
2022-07-12,0.02026949117987407
2022-07-13,0.014380201581856648
2022-07-14,0.007483439767575166
2022-07-15,0.01708198344195198
2022-07-19,-0.005220601757172334
2022-07-20,0.010035072708912584
2022-07-21,0.0069610660418304845
2022-07-22,-0.004381203986781575
2022-07-25,0.004023858062688185
2022-07-26,0.0033850432654102466
2022-07-27,-0.0016842659222986176
2022-07-28,-0.014829985861939815
2022-07-29,0.005050174898151818
2022-08-01,0.00021792359452937676
2022-08-02,0.006280901489387316
2022-08-03,-0.002438448437247529
2022-08-04,0.0013491332173373297
2022-08-05,0.000799220295522584
2022-08-08,0.006622995700634975
2022-08-09,0.0034399587356321116
2022-08-10,0.003329361956301678
2022-08-12,0.01329089943029043
2022-08-15,-0.005575354060010476
2022-08-16,0.002710730828214877
2022-08-17,0.008016603524446959
2022-08-18,0.008309030810550233
2022-08-19,0.0003920980613499206
2022-08-22,2.1215837494955973e-05
2022-08-23,0.001420542321333929
2022-08-24,0.0008848116683581181
2022-08-25,0.007966059134028395
2022-08-26,0.004786221288514777
2022-08-29,0.0021906569805432243
2022-08-30,0.003157337811185298
2022-08-31,-0.0041201450202448305
2022-09-01,0.0022311537401825
2022-09-02,0.0022284404997797934
2022-09-05,-0.00015516379715109973
2022-09-07,0.005405853082807134
2022-09-08,0.008590848877334984
2022-09-09,0.009556250444644601
2022-09-12,0.0033988043174842638
2022-09-13,0.004141567576438425
2022-09-14,0.013663493617649814
2022-09-15,0.0010066743069527277
2022-09-16,-0.009248016754047185
2022-09-20,-0.0023702083740642353
2022-09-21,-0.007259534302087702
2022-09-22,0.007345839076569114
2022-09-26,-0.013154443973962069
2022-09-27,-0.0013846713244269708
2022-09-28,-0.0014117193397122502
2022-09-29,0.008093072310144373
2022-09-30,0.009656825573220462
2022-10-03,-0.007432389937635727
2022-10-04,0.011662137027764015
2022-10-05,0.008952559086461058
2022-10-06,0.011879882682702738
2022-10-07,0.0025417968505624046
2022-10-11,-0.0009893170129528534
2022-10-12,0.0037858651434288827
2022-10-13,0.0029461707620224396
2022-10-14,0.014138162569749639
2022-10-17,0.005503379755543482
2022-10-18,0.0029538211045877956
2022-10-19,-0.001792134390860387
2022-10-20,0.009662208034404414
2022-10-21,0.008865718115703537
2022-10-24,0.009747354296440067
2022-10-25,0.007496313814758576
2022-10-26,0.00047198719384152464
2022-10-27,0.004827931745270554
2022-10-28,0.006492664634327169
2022-10-31,0.008871601907513103
2022-11-01,-0.003001477072623824
2022-11-02,0.023720772248555053
2022-11-04,-0.001017891400699497
2022-11-07,0.005803540099109105
2022-11-08,0.0020044408706418253
2022-11-09,0.004403830401337064
2022-11-10,0.003980998322677698
2022-11-11,-0.000524662719847612
2022-11-14,0.010088959884820675
2022-11-15,-0.008485213329807255
2022-11-16,0.002105459795438927
2022-11-17,-0.001236464928258284
2022-11-18,0.010132792747103691
2022-11-21,0.0063140986988296875
2022-11-22,0.01839531977150266
2022-11-24,-0.006063133575303886
2022-11-28,0.011192408737197766
2022-11-29,0.0008325714434178461
2022-11-30,0.016467785239402843
2022-12-01,-0.0033017403128562392
2022-12-02,0.014311296733377343
2022-12-05,0.011176560037536793
2022-12-06,0.003263256348985833
2022-12-07,0.00886660081199577
2022-12-08,0.014301352260882836
2022-12-09,0.006191697413216092
2022-12-12,0.00198557849699403
2022-12-13,0.021549294691605037
2022-12-14,0.0006903588580256797
2022-12-15,-0.00025730867629370174
2022-12-16,0.010583335017381772
2022-12-19,0.0006078638863482277
2022-12-20,0.030625375304628152
2022-12-21,0.0199336067138381
2022-12-22,-0.0027848942373401957
2022-12-23,-0.009714264967493615
2022-12-26,-0.00479421329959492
2022-12-28,0.0032115403503364132
2022-12-29,-0.00454833369420348
2022-12-30,0.018608262575414106
2023-01-04,0.006760515850406575
2023-01-05,0.0024650062477453646
2023-01-06,-0.00011323201651324742
2023-01-10,-0.00270447848280845
2023-01-11,0.014537874049028262
2023-01-12,0.021101391674409695
2023-01-13,-0.00823465280718908
2023-01-16,0.0174351428306734
2023-01-18,-0.013349702756728664
2023-01-19,-0.002025464318183368
2023-01-20,0.010401859920266144
2023-01-23,-0.00020621806096212287
2023-01-24,0.005909472893516824
2023-01-25,0.003381591887954312
2023-01-26,-0.0015373924698255112
2023-01-27,-0.002796283994738098
2023-01-30,0.007359820143144126
2023-01-31,-0.004024490081722631
2023-02-01,0.005109660333550947
2023-02-02,0.005420066238094562
2023-02-03,0.0043001627466864745
2023-02-06,0.0072279676301697385
2023-02-07,0.005809016073660231
2023-02-08,0.0033533162815079396
2023-02-09,0.008507085617652562
2023-02-10,-0.004811340152552069
2023-02-13,0.001448082965313304
2023-02-14,0.001356417085722786
2023-02-15,0.005298655538930111
2023-02-16,-0.001581565143515628
2023-02-17,0.0036527526984428014
2023-02-20,0.006454661414415834
2023-02-22,0.006853877965761043
2023-02-24,-0.002290438448541798
2023-02-27,0.013775804942462683
2023-02-28,0.0010677513538984056
2023-03-01,-0.002228809343965709
2023-03-02,0.006935785669668954
2023-03-03,0.007067923330061029
2023-03-06,0.005183796611186903
2023-03-07,0.0012105759104483282
2023-03-08,-0.002458296410960083
2023-03-09,0.006851601241635303
2023-03-10,0.009886363878522235
2023-03-13,-0.00601167326777832
2023-03-14,-0.016305113189013804
2023-03-15,0.00250285532483723
2023-03-16,0.012943127612981335
2023-03-17,0.00020231216491578335
2023-03-20,0.008497772513516818
2023-03-22,0.015413772921842588
2023-03-23,0.011089165533163352
2023-03-24,0.005441830301351067
2023-03-27,0.0016282686637768332
2023-03-28,0.0013250077693707295
2023-03-29,0.0035223368678816277
2023-03-30,-0.003655623267201077
2023-03-31,0.0076007830855800455
2023-04-03,-0.008928441544925053
2023-04-04,-0.003387618984278171
2023-04-05,0.0028537357810998615
2023-04-06,0.0037706164684831104
2023-04-07,-0.00016852549917999174
2023-04-11,0.0030721660061463012
2023-04-12,0.0062377852180814574
2023-04-13,-0.0037943927226918453
2023-04-14,0.013116360617316039
2023-04-17,-0.005206531701006778
2023-04-18,-0.004356011385657628
2023-04-19,0.01021653760453635
2023-04-20,0.0006077088279024887
2023-04-21,0.010472782461149483
2023-04-24,0.003432284482867644
2023-04-25,0.0003252038601638308
2023-04-26,0.007902108835625673
2023-04-27,-0.004414851241916051
2023-04-28,0.004994898129813715
2023-05-01,0.001026711507675412
2023-05-02,-0.0006218734413200998
2023-05-08,0.009027668941184931
2023-05-09,-0.002949221171823006
2023-05-10,-0.005559880074650564
2023-05-11,-0.009221028751306396
2023-05-12,0.012562984089210557
2023-05-15,0.0031163961121203616
2023-05-16,-0.0022798290262283118
2023-05-17,0.010731842693573693
2023-05-18,0.0018571566415836076
2023-05-19,-0.007759335495013534
2023-05-22,0.0096852899484028
2023-05-23,-0.00362584448734577
2023-05-24,-0.01296793315749729
2023-05-25,0.007297056417709873
2023-05-26,0.003578636771790521
2023-05-29,0.004853944747751045
2023-05-31,-0.0017821531615074488
2023-06-01,0.013262617249679077
2023-06-02,-0.0037471613329666887
2023-06-05,-0.0010743187079139183
2023-06-06,0.004471945892410642
2023-06-07,0.004825616770621507
2023-06-08,-0.0017739717549118484
2023-06-09,0.013300201646235972
2023-06-12,0.004243804638792544
2023-06-13,0.008910080975446395
2023-06-14,-0.011296202671012456
2023-06-15,0.00451561479030662
2023-06-16,0.01126274101817445
2023-06-19,0.010435134053386462
2023-06-21,0.021972338265494728
2023-06-22,-0.00467459399389103
2023-06-23,0.0018094441759430617
2023-06-26,0.0044614746867432985
2023-06-27,-0.002449698310403066
2023-06-28,0.010360041068538165
2023-06-29,0.003848808895004127
2023-06-30,0.0038279811185438274
2023-07-03,0.00315860329354878
2023-07-04,-0.016038048422869752
2023-07-06,0.005256751003327863
2023-07-07,0.001938776301144073
2023-07-10,0.004710570067015024
2023-07-11,0.008363570449677962
2023-07-12,-0.0054094841489072416
2023-07-13,-0.008622007011625145
2023-07-14,0.011729459140541382
2023-07-18,0.006785065983461696
2023-07-19,0.00023903495265979562
2023-07-20,0.000687589264976936
2023-07-21,0.015666039965864322
2023-07-24,0.007396546867423557
2023-07-25,0.005214273476406522
2023-07-26,-0.005336238267774121
2023-07-27,0.00166012972144532
2023-07-28,-0.0028392615714861484
2023-07-31,-1.6155261655512263e-05
2023-08-01,-0.011745346584994473
2023-08-02,-0.0002492631712602599
2023-08-03,0.006740918236164229
2023-08-04,0.011262514470073034
2023-08-07,-0.0005261395351930979
2023-08-08,-0.005703173167773238
2023-08-09,-0.008608361691344648
2023-08-10,-0.010021689579214642
2023-08-14,-0.004442199442646977
2023-08-15,0.004718875756166201
2023-08-16,0.004839890268562101
2023-08-17,0.006067160404557626
2023-08-18,0.002087362673368472
2023-08-21,0.0019801704643435166
2023-08-22,0.0009930845544058654
2023-08-23,0.009336263612197561
2023-08-24,0.00308339690802028
2023-08-25,0.006624938106043818
2023-08-28,-0.0015329068452183303
2023-08-29,-0.0022046413999053886
2023-08-30,0.0035148191625459305
2023-08-31,0.0004287809976481465
2023-09-01,0.004096731304127079
2023-09-04,0.014718051501829046
2023-09-06,0.0009406577768220738
2023-09-07,-0.0013982417383207775
2023-09-08,0.01635274047900537
2023-09-11,-0.0208725813719675
2023-09-12,0.007649981798526155
2023-09-13,-0.0007272060825029593
2023-09-14,0.0015684103825532114
2023-09-15,-0.0068168700929443545
2023-09-19,0.008847073997131258
2023-09-20,-0.002411425802375403
2023-09-21,0.011460749973730885
2023-09-22,0.01405055042573111
2023-09-25,-0.011953933499701351
2023-09-26,0.005959205974927951
2023-09-27,0.004324507190902715
2023-09-28,0.0017499580596404734
2023-09-29,-0.005171877475113025
2023-10-02,0.007476797984930695
2023-10-03,0.00585564532418971
2023-10-04,-0.012243261716604765
2023-10-05,0.012604537077289722
2023-10-06,0.0034248781373375603
2023-10-10,0.022900142551076204
2023-10-11,-0.005815303091068853
2023-10-12,-0.003856911772488062
2023-10-13,0.006109294130860664
2023-10-16,-0.0011573195076235378
2023-10-17,0.0015005756820462251
2023-10-18,0.009098067122609157
2023-10-19,0.019639543919169524
2023-10-20,0.0019611863461771314
2023-10-23,-0.0018133745794772119
2023-10-24,0.0030469442024244325
2023-10-25,0.005621585855435448
2023-10-26,0.0038573093781407056
2023-10-27,0.0006614715689058914
2023-10-30,0.01626246602956764
2023-10-31,0.000494519480131462
2023-11-01,0.005896133292527665
2023-11-02,0.01941729430826219
2023-11-06,-0.011757651524594225
2023-11-07,-0.006470173142946917
2023-11-08,0.01673043066300745
2023-11-09,0.005791834536588108
2023-11-10,0.007865818744156813
2023-11-13,-0.0009636873360749041
2023-11-14,-0.0004553752790006722
2023-11-15,-0.009251912340880207
2023-11-16,-0.0005209466491851537
2023-11-17,0.005850508278758312
2023-11-20,0.0016155198755401804
2023-11-21,0.006160984129784515
2023-11-22,0.0014104871843694884
2023-11-24,0.003885218652796159
2023-11-27,-0.0011273094755337935
2023-11-28,0.0010921167467276907
2023-11-29,0.0032210812189304248
2023-11-30,0.0033360670588385064
2023-12-01,0.004391259219735491
2023-12-04,-0.0004474313725010967
2023-12-05,0.006904465150530172
2023-12-06,0.006312863507531686
2023-12-07,0.02236092720769415
2023-12-08,-0.003052427610845778
2023-12-11,0.007438669945927049
2023-12-12,0.004714468120862867
2023-12-13,0.0013660008709904395
2023-12-14,-0.007690998430434323
2023-12-15,0.005291369990592577
2023-12-18,0.011615749642799484
2023-12-19,0.012363993081099204
2023-12-20,-0.0014266924513204758
2023-12-21,0.010395794631018649
2023-12-22,-0.002972889471870656
2023-12-25,0.014859333775643047
2023-12-27,0.005880214523008782
2023-12-28,0.00011129036618415244
2023-12-29,0.004692903994988767
2024-01-04,0.019625626023126654
2024-01-05,-0.00029192378966381907
2024-01-09,0.011712268498287572
2024-01-10,0.005350237135029383
2024-01-11,-0.0008672184296526722
2024-01-12,0.016603311546679128
2024-01-15,0.029250641595036337
2024-01-17,0.0007432126105565359
2024-01-18,0.005557953078833937
2024-01-19,0.014061868550364117
2024-01-22,-0.0011625649266253928
2024-01-23,0.00030983243990302905
2024-01-24,-0.007431693627314146
2024-01-25,0.00015990395594590347
2024-01-26,0.004473923554717781
2024-01-29,0.0013305379329494652
2024-01-30,0.008198441963913896
2024-01-31,0.011359782980287825
2024-02-01,0.0014449296104297904
2024-02-02,-0.000748105118877494
2024-02-05,0.0022186360838432704
2024-02-06,-0.0040853822182539915
2024-02-07,-0.009050506455544158
2024-02-08,-0.006482320618275575
2024-02-09,0.0007824391260042676
2024-02-13,-0.0023861921401809464
2024-02-14,-0.002216392667256319
2024-02-15,-1.665333922523356e-05
2024-02-16,0.029095717909753006
2024-02-19,0.004103676411503772
2024-02-21,0.007051499060995371
2024-02-22,-0.0016580212215655714
2024-02-26,0.00033971346179774344
2024-02-27,0.013962426413771397
2024-02-28,0.00980691132988637
2024-02-29,-0.003983646039815375
2024-03-01,0.01610099080051939
2024-03-04,0.028405202594512912
2024-03-05,-0.0019890553019346995
2024-03-06,0.0023084868662767107
2024-03-07,0.00956288074672066
2024-03-08,0.00838244630818337
2024-03-11,0.020979096764418427
2024-03-12,0.020930837014260018
2024-03-13,0.0034359919481856773
2024-03-14,-0.014634750156476663
2024-03-15,-0.0026574164056789645
2024-03-18,0.01861647749173144
2024-03-19,0.020338193000093055
2024-03-21,0.027675689886625818
2024-03-22,0.01321736811398606
2024-03-25,0.017285442312428876
2024-03-26,0.00611168460000294
2024-03-27,0.0014685195554590353
2024-03-28,0.01700111189349147
2024-03-29,0.004746609533633834
2024-04-02,0.013524416160624615
2024-04-03,0.0038238957613940102
2024-04-04,-0.0068296832970887855
2024-04-05,0.007704053355551589
2024-04-08,0.0018214371889593204
2024-04-09,0.008303029655785981
2024-04-10,0.008506859722261718
2024-04-11,0.016626379044912
2024-04-12,0.006844772204100246
2024-04-15,0.02243264574851213
2024-04-16,0.029859221633103315
2024-04-17,0.006395877287747974
2024-04-18,0.012921174916915154
2024-04-19,0.019619058966774287
2024-04-22,-0.008236840597930825
2024-04-23,0.000811104289598009
2024-04-24,-0.001405768910768348
2024-04-25,-0.001156376891260705
2024-04-26,0.0028935266015941968
2024-04-30,0.0016912398978608657
2024-05-01,0.008404609190561615
2024-05-02,0.002241320744380287
2024-05-07,0.002766563524547139
2024-05-08,0.005636060146820809
2024-05-09,0.006384388054024314
2024-05-10,0.012861857349962282
2024-05-13,-0.005502776645604003
2024-05-14,-0.004896902317914198
2024-05-15,0.003359956922314901
2024-05-16,-0.002656207615547435
2024-05-17,0.007461260846382588
2024-05-20,0.017169810464421807
2024-05-21,0.009167322848550433
2024-05-22,-0.005246138493455582
2024-05-23,-0.00037903381126841223
2024-05-24,0.0017413018641983936
2024-05-27,-0.004489195523760816
2024-05-29,0.014431744555240936
2024-05-30,0.006994096364672256
2024-05-31,0.011208689269640998
2024-06-03,-0.001069654177410083
2024-06-04,-0.0025736247066025122
2024-06-05,-0.004439352541841273
2024-06-06,0.0027250730583198088
2024-06-07,0.013283420683723157
2024-06-10,0.004120647158384709
2024-06-11,0.009270018007221117
2024-06-12,-0.0010421176607483431
2024-06-13,-0.0013813486068095084
2024-06-14,0.007206901170421866
2024-06-17,0.010993789622640334
2024-06-18,0.012718837589680539
2024-06-19,0.0010421368078975288
2024-06-21,0.01209335169896414
2024-06-24,0.0057988614921176415
2024-06-25,-0.004044734917748292
2024-06-26,0.00773586489824072
2024-06-27,0.017323539802980487
2024-06-28,0.010620168376368828
2024-07-01,0.006054401963451226
2024-07-02,-0.0032961729972385188
2024-07-03,-0.0026591415075111202
2024-07-04,0.005929505779745578
2024-07-08,0.0027220959620457143
2024-07-09,0.00040117699445061793
2024-07-10,-0.002657833282828798
2024-07-11,0.00906869166607819
2024-07-12,0.009226689253288544
2024-07-16,0.011844023964903767
2024-07-17,0.003305250852078419
2024-07-18,0.011685537317071748
2024-07-19,0.008678222566534078
2024-07-22,0.007444133591591381
2024-07-23,0.006094701279823463
2024-07-24,0.010208175150487428
2024-07-25,0.019606007397411373
2024-07-26,0.00905276504360228
2024-07-29,0.01014042252724379
2024-07-30,0.003483232696564388
2024-07-31,0.0008307366324125818
2024-08-01,-0.00328371636614104
2024-08-02,0.011391259844056903
2024-08-05,0.049533825639371684
2024-08-06,0.00946868928199468
2024-08-07,0.0007276077460164274
2024-08-08,0.025525004398781456
2024-08-09,0.009332771950886446
2024-08-13,0.014144279660205646
2024-08-14,0.007045792656341579
2024-08-15,0.0023056491546319404
2024-08-16,0.007767905423227091
2024-08-19,0.0062851030438334805
2024-08-20,0.0017998346685473583
2024-08-21,0.003874705224526535
2024-08-22,-0.005022048316688239
2024-08-23,0.002085357751226535
2024-08-26,0.004966703000209565
2024-08-27,0.0017237878872900646
2024-08-28,0.009099348563274347
2024-08-29,0.006821840438297614
2024-08-30,0.004406222566878951
2024-09-02,0.005670745455276068
2024-09-04,0.0003913454017906151
2024-09-05,0.0005178611215281971
2024-09-06,0.006313956907443573
2024-09-09,-0.007202107740933467
2024-09-10,-0.0034358042557012226
2024-09-11,0.00015637410437791335
2024-09-12,0.0039019414513666822
2024-09-13,0.010455308750561264
2024-09-17,0.0010802874219515224
2024-09-18,-0.008819907931970359
2024-09-19,0.0049416338152682504
2024-09-20,0.00418480911391827
2024-09-24,0.011096247976531777
2024-09-25,0.007551932963252786
2024-09-26,0.00694325133577252
2024-09-27,0.021992580094295354
2024-09-30,0.01565185688599844
2024-10-01,0.008806728057118327
2024-10-02,-0.0037274673834879327
2024-10-03,0.005692206945802587
2024-10-04,-0.009315383777644792
2024-10-07,0.015022243064085136
2024-10-08,-0.006444104744401038
2024-10-09,0.0005458810723699631
2024-10-10,-0.004462604522529057
2024-10-11,0.00859180806211406
2024-10-15,-0.004516306814235037
2024-10-16,0.007505975951335306
2024-10-17,0.009267378400725201
2024-10-18,0.0043887178218764535
2024-10-21,-0.0011272836896813448
2024-10-22,-6.566703473856158e-05
2024-10-23,-0.004849214933161215
2024-10-24,-0.0016321188071498037
2024-10-25,0.01589543492627539
2024-10-28,0.013015335029564331
2024-10-29,0.0054549735105751595
2024-10-30,-0.006970343189047752
2024-10-31,0.003936673402039915
2024-11-01,-0.01051889408571896
2024-11-05,0.000906808898061304
2024-11-06,-0.0076567296868426185
2024-11-07,-0.0024107666795690308
2024-11-08,0.015768987000446686
2024-11-11,0.006133984252111242
2024-11-12,0.0035128546022254554
2024-11-13,-0.010085127051145656
2024-11-14,-0.007978532152040588
2024-11-15,0.0016421236519577748
2024-11-18,-0.0007744289811554019
2024-11-19,0.002910260994392414
2024-11-20,-0.001911141453405906
2024-11-21,-0.005719947975547833
2024-11-22,-0.003596115454369074
2024-11-25,0.009935227897666352
2024-11-26,0.009036731225021598
2024-11-27,0.01012389865432626
2024-11-28,0.007471754424157097
2024-12-02,0.0018391978049981954
2024-12-03,0.014872640056642537
2024-12-04,0.002167601047412458
2024-12-05,0.010055828601045615
2024-12-06,-0.0007359904014538814
2024-12-09,0.0027953908450103733
2024-12-10,-0.0024775079845288464
2024-12-11,0.006136527524891802
2024-12-12,0.006397286501989723
2024-12-13,0.01190490582877565
2024-12-16,0.012260549827031364
2024-12-17,-0.0006080893255507509
2024-12-18,-0.0016419286047643497
2024-12-19,0.009660431775583827
2024-12-20,-0.019412231371462023
2024-12-23,0.0001428713388382419
2024-12-24,-0.007856714825298896
2024-12-25,0.014686008106549827
2024-12-27,0.0020173973648411224
2024-12-30,0.0002270625325535001
2025-01-06,0.006835702432899005
2025-01-07,0.011682533511139485
2025-01-08,0.0014806540440295466
2025-01-09,-0.007856586145380276
2025-01-14,0.012240540552551655
2025-01-15,0.006761602150652359
2025-01-16,-0.004414786572558496
2025-01-17,0.007615989261501441
2025-01-20,0.0069127451874751505
2025-01-22,0.0013929086818522632
2025-01-23,0.008993882765360573
2025-01-24,0.006462242462810267
2025-01-27,0.016684847684709802
2025-01-28,0.0029352222345637976
2025-01-29,0.012498711437718527
2025-01-30,0.005643770481613733
2025-01-31,0.0015590546626836816
2025-02-03,0.0038093740818125185
2025-02-04,0.008562649553650957
2025-02-05,0.004544463773355921
2025-02-06,0.001509005847440621
2025-02-07,0.0007011087801526255
2025-02-10,0.014214861596644597
2025-02-12,0.013883894269764233
2025-02-13,-0.001203805360236119
2025-02-14,0.013562121911761899
2025-02-17,0.009767855254051034
2025-02-19,0.011206725259494971
2025-02-20,0.010165960548038198
2025-02-21,0.005899508346381954
2025-02-25,-0.0029950809729365055
2025-02-26,0.0062917396851904055
2025-02-27,0.012656564024407038
2025-02-28,0.007883560659759769
2025-03-03,0.012445809343608354
2025-03-04,0.017187520089126933
2025-03-05,0.010840240510269886
2025-03-06,0.010104836547836626
2025-03-07,0.017857608712995455
2025-03-10,0.033936675590280255
2025-03-11,0.004625304768446819
2025-03-12,0.01050403678229174
2025-03-13,0.003596256157668256
2025-03-14,0.0038547866617213026
2025-03-17,0.002324114429991306
2025-03-18,0.013883488420707392
2025-03-19,0.0047740231894614574
2025-03-21,-0.0027739684886572656
2025-03-24,0.006626723826752067
2025-03-25,0.00831213837884931
2025-03-26,0.0011757967893153746
2025-03-27,0.005080821231572045
2025-03-28,0.004221377169978559
2025-03-31,0.007023513634948138
2025-04-01,0.004553025762634225
2025-04-02,0.011286583378423622
2025-04-03,-0.013778696320810009
2025-04-04,0.0009949085733504375
2025-04-07,0.09725815905941733
2025-04-08,0.016924032742870274
2025-04-09,0.009007521216078099
2025-04-10,0.04266439549378804
2025-04-11,0.043870499437904706
2025-04-14,0.0021892932522833844
2025-04-15,0.02071171340009118
2025-04-16,0.016978148964898594
2025-04-17,0.011693234756126766
2025-04-18,0.0008921905684157617
2025-04-22,0.0010108239405211656
2025-04-23,0.005856744484573554
2025-04-24,-0.0036578110693519118
2025-04-25,0.00271849812719611
2025-04-28,0.006495849352522092
2025-04-30,-0.007524512581814712
2025-05-01,0.001899592948425443
2025-05-02,0.0031687010905034714
2025-05-07,-0.0004419602387922754
2025-05-08,0.005733516039892285
2025-05-09,0.021053827303750734
2025-05-12,0.006146694470261503
2025-05-13,0.005313822114287114
2025-05-14,0.012844294455472534
2025-05-15,0.004915595605720408
2025-05-16,0.0071314606868449855
2025-05-19,0.019650434309790972
2025-05-20,0.0010284912931058077
2025-05-21,0.004643810108458301
2025-05-22,0.004931036962026225
2025-05-23,0.004594439814485802
2025-05-26,0.008907426528323582
2025-05-28,0.002860917618044947
2025-05-29,-0.002414140010279844
2025-05-30,0.0029466266295352797
2025-06-02,0.00295793747879213
2025-06-03,0.00770132456212155
2025-06-04,0.0060428896462955736
2025-06-05,3.775712123236803e-05
2025-06-06,0.007252022447508213
2025-06-09,-0.00041616808640100285
2025-06-10,-0.005886323682049778
2025-06-11,-0.0014974535218876032
2025-06-12,0.0010935280917614989
2025-06-13,0.0021059126219192905
2025-06-16,-0.004652128390662202
2025-06-17,0.005784690755020264
2025-06-18,-0.0005407222614431952
2025-06-19,0.0022523648671064237
2025-06-23,0.005161231315358915
2025-06-24,0.0005550803120940016
2025-06-25,0.01148378370018736
2025-06-26,-0.005674647458759309
2025-06-27,0.004446738548597923
2025-06-30,-0.0022860391556452824
2025-07-01,0.016820293616128152
2025-07-02,0.008749481467240463
2025-07-03,-0.005113344771802941
2025-07-04,0.002924173713204496
2025-07-08,-0.0012302410270835428
2025-07-09,0.008904196440333802
2025-07-10,0.008771482789911612
2025-07-11,-0.00440157647986504
2025-07-14,-0.0004655041798268841
2025-07-15,0.011091957717350463
2025-07-16,0.002486878394741568
2025-07-17,-0.002728805863983096
2025-07-18,-0.0008091717301628347
2025-07-22,-0.004448907385079335
2025-07-23,-0.022008714909165217
2025-07-24,-0.0031401549836882923
2025-07-25,-0.004555972462999503
2025-07-28,-0.00119910099098412
2025-07-29,0.0011557767364138742
2025-07-30,0.0032116375217969874
2025-07-31,0.003527954808639976
2025-08-01,0.0025836297756173087
2025-08-04,0.0030952143050671046
2025-08-05,0.0032794258049541145
2025-08-06,0.003054883990434236
2025-08-07,0.0012876826967939642
2025-08-08,-0.0077511524046216945
2025-08-12,0.0009511154375212592
2025-08-13,0.0028121260975301683
2025-08-14,0.0014527917783268985
2025-08-15,0.007570594609014164
2025-08-18,-0.009894074157884397
2025-08-19,-0.002518921980071559
2025-08-20,0.007354999146759912
2025-08-21,0.0023550984580026557
2025-08-22,0.008308704988974932
2025-08-25,0.01057535471754885
2025-08-26,0.0092639750809157
2025-08-27,-0.0017660838357360007
2025-08-28,0.010412523347922486
2025-08-29,0.0020974057360246294
2025-09-01,0.005514260339164018
2025-09-03,0.0015755533409804747
2025-09-04,0.007947689089152197
2025-09-05,0.011250870005279025
2025-09-08,0.005329768270221281
2025-09-09,-0.009121198316335545
2025-09-10,-0.00132844269935225
2025-09-11,0.00979429881337433
2025-09-12,0.005265997222697763
2025-09-16,-0.0009860479314175463
2025-09-17,0.0035236506488446843
2025-09-18,-0.004766251402613979
2025-09-19,0.013520340992499554
2025-09-22,0.002150232354511954
2025-09-24,0.008080655196247045
2025-09-25,0.004993491203082942
2025-09-26,-0.008820364732176022
2025-09-29,0.024040206293127583
2025-09-30,-0.0013054427425822149
2025-10-01,0.004816333658412438
2025-10-02,0.003830992958754176
2025-10-03,-0.0015857520622887802
2025-10-06,0.02546232944281246
2025-10-07,-0.00359895098004111
2025-10-08,0.008661292436634983
2025-10-09,0.0026314221722769132
2025-10-10,-0.004292026663095817
2025-10-14,0.008943597914998016
2025-10-15,0.012415586253494003
2025-10-16,0.011591179743395626
2025-10-17,0.0020079900707053763
2025-10-20,0.001754953436874744
2025-10-21,0.01689898926982617
2025-10-22,0.013634792077560316
2025-10-23,0.014960000776290016
2025-10-28,0.012408035314991168
2025-10-29,0.009551718291290687
2025-10-30,0.003096786457830324
2025-10-31,-0.005000882047459475
2025-11-04,0.0009706115052809444
2025-11-05,0.00813853204453926
2025-11-06,0.013436474020749642
2025-11-07,-0.008847490766575712
2025-11-10,0.00404509095025345
2025-11-11,1.1077091441319485e-05
2025-11-12,0.004133642729784171
2025-11-13,0.017845475002231985
2025-11-14,0.005790247535566
2025-11-17,0.007201833656304869
2025-11-18,0.006154579611669946
2025-11-19,0.01930411374536859
2025-11-20,0.002839414463406831
2025-11-21,-0.02349518157236179
2025-11-25,0.0011331934129136145
2025-11-26,-0.0007884921107992405
2025-11-27,-0.00021996865477038078
2025-12-01,0.015859970311221758
2025-12-02,0.017182664697957453
2025-12-03,0.004093373324042799
2025-12-04,0.0015495351867968951
2025-12-05,0.007568195668396428
2025-12-08,-0.006107361946669468
2025-12-09,0.004674006316488481
2025-12-10,-0.00244633327105235
2025-12-11,0.006116449084182499
2025-12-12,0.017634932872919958
2025-12-15,-0.0032574562182695246
2025-12-16,0.013481452826125855
2025-12-17,0.015179214288215401
2025-12-18,0.0055219222449213335
2025-12-19,0.0060329603500843465
2025-12-22,0.006392798103355678
2025-12-23,0.01002916560898874
2025-12-24,0.002350755962275506
2025-12-25,0.005254486855402378
2025-12-29,-0.0027717651530125625
2025-12-30,0.014211813816236917
2026-01-05,-0.0026054662464415077
2026-01-06,0.011976614978577275
2026-01-07,0.008154289220877017
2026-01-08,-0.004348362973630932
2026-01-09,-0.0009015987631247231
2026-01-13,0.015416404596317757
2026-01-14,0.0013036414205472335
2026-01-15,0.0063678190219891035
2026-01-16,0.00743627574826896
2026-01-19,0.00881297634282599
2026-01-21,0.010401832254243152
2026-01-22,0.006542357028819699
2026-01-23,0.011783879681126184
2026-01-26,-0.0005010793600658515
2026-01-27,0.01600791848359133
2026-01-28,0.0024442965704147526
2026-01-29,0.02203475376079284
2026-01-30,0.008928598622318963
2026-02-02,0.003869448315319504
2026-02-03,0.01627971957770635
2026-02-04,0.025701816826421284
2026-02-05,-0.007933351514841867
2026-02-06,0.009864540393548202
2026-02-09,0.01159811836105272
2026-02-10,0.0031215610657003073
2026-02-12,0.020274205453773283
2026-02-13,0.015157970428834211
2026-02-16,-0.005807255405444637
2026-02-18,0.007962617354448776
2026-02-19,0.005491699706521129
2026-02-20,-0.0021254473445653146
2026-02-24,-5.868049118472611e-05
2026-02-25,-0.004560894757415242
2026-02-26,0.01724512043109899
2026-02-27,0.02228548117283444
2026-03-02,0.028352901584385973
2026-03-03,-0.00032416772961577165
2026-03-04,-0.0009131983113347352
2026-03-05,0.0197989347994319
2026-03-06,0.006823079591323876
2026-03-09,0.03726802918770391
2026-03-10,0.01278225369128844
2026-03-11,0.0006164533466977442
2026-03-12,0.008704295291716504
2026-03-13,0.03549681843767575
2026-03-16,0.006634843472867085
2026-03-17,0.00431750163210601
2026-03-18,-0.011306314933057641
2026-03-19,0.010324364557721498
2026-03-23,0.006333220259777851
2026-03-24,0.004525705660273011
2026-03-25,0.02093921316268986
2026-03-26,-0.014103179407349483
2026-03-27,0.009193333245280558
2026-03-30,-0.0027259152840427288
2026-03-31,0.03061489867232325
2026-04-01,0.004618903838734989
2026-04-02,0.0008527681105315889
2026-04-03,0.02009442787662225
2026-04-07,0.023205700152651478
2026-04-08,0.012109157395175414
2026-04-09,-0.0015750299504640542
2026-04-10,0.019397774864175186
2026-04-13,0.010632492711988066
2026-04-14,0.016716146159661344
2026-04-15,0.03204166094121576
2026-04-16,0.011952211775103026
2026-04-17,0.0051132795526604175
2026-04-20,0.007364808184821659
2026-04-21,0.012899967649044077
2026-04-22,-0.004079476772164677
2026-04-23,0.010712058384532656
2026-04-24,0.0023790803050784005
2026-04-27,-0.005395330841334938
2026-04-28,-0.022802047614049418
2026-04-30,0.024236758449939496
2026-05-01,0.019551238852548763
2026-05-07,-0.012425918680521383
2026-05-08,0.02656649117295517
2026-05-11,0.007341184045737952
2026-05-12,0.01556266755317941
2026-05-13,0.007910629461904512
2026-05-14,-0.01601355919423683
2026-05-15,-0.018573688650540696
2026-05-18,-0.012200502361792497
2026-05-19,0.010864446540884577
2026-05-20,0.023865369896173855
2026-05-21,0.013889911587094666
2026-05-22,-0.004180951412531087
2026-05-25,-0.016217155432495446
2026-05-27,-0.010677492113836378
2026-05-28,0.0
