trade_date,borrow_cost
2024-12-23,2.3630136986301367e-05
2024-12-24,1.772260273972603e-05
2024-12-25,3.544520547945204e-05
2024-12-27,7.089041095890411e-05
2024-12-30,0.00016541095890410958
2025-01-06,1.7722602739726027e-05
2025-01-07,2.3630136986301367e-05
2025-01-08,2.3630136986301367e-05
2025-01-09,8.861301369863013e-05
2025-01-14,1.7722602739726027e-05
2025-01-15,1.772260273972603e-05
2025-01-16,1.7722602739726027e-05
2025-01-17,5.3167808219178094e-05
2025-01-20,3.544520547945204e-05
2025-01-22,1.7722602739726027e-05
2025-01-23,2.3630136986301367e-05
2025-01-24,7.08904109589041e-05
2025-01-27,1.772260273972603e-05
2025-01-28,1.7722602739726027e-05
2025-01-29,1.7722602739726027e-05
2025-01-30,1.7722602739726027e-05
2025-01-31,5.316780821917808e-05
2025-02-03,1.772260273972603e-05
2025-02-04,2.3630136986301364e-05
2025-02-05,1.7722602739726027e-05
2025-02-06,1.772260273972603e-05
2025-02-07,5.316780821917808e-05
2025-02-10,3.5445205479452054e-05
2025-02-12,2.3630136986301367e-05
2025-02-13,2.3630136986301367e-05
2025-02-14,7.089041095890411e-05
2025-02-17,3.5445205479452054e-05
2025-02-19,1.772260273972602e-05
2025-02-20,2.3630136986301367e-05
2025-02-21,7.089041095890407e-05
2025-02-25,2.3630136986301364e-05
2025-02-26,2.3630136986301364e-05
2025-02-27,1.772260273972603e-05
2025-02-28,7.089041095890411e-05
2025-03-03,2.3630136986301364e-05
2025-03-04,2.3630136986301364e-05
2025-03-05,1.7722602739726027e-05
2025-03-06,2.3630136986301367e-05
2025-03-07,5.316780821917808e-05
2025-03-10,1.7722602739726027e-05
2025-03-11,1.7722602739726027e-05
2025-03-12,1.7722602739726027e-05
2025-03-13,2.3630136986301367e-05
2025-03-14,7.089041095890411e-05
2025-03-17,1.772260273972603e-05
2025-03-18,2.3630136986301367e-05
2025-03-19,4.7260273972602734e-05
2025-03-21,5.316780821917808e-05
2025-03-24,1.7722602739726027e-05
2025-03-25,2.3630136986301367e-05
2025-03-26,2.3630136986301364e-05
2025-03-27,1.7722602739726027e-05
2025-03-28,7.089041095890411e-05
2025-03-31,2.3630136986301367e-05
2025-04-01,1.7722602739726027e-05
2025-04-02,2.3630136986301367e-05
2025-04-03,2.3630136986301367e-05
2025-04-04,5.316780821917808e-05
2025-04-07,1.772260273972602e-05
2025-04-08,1.772260273972602e-05
2025-04-09,2.3630136986301374e-05
2025-04-10,1.7722602739726027e-05
2025-04-11,7.08904109589041e-05
2025-04-14,1.7722602739726027e-05
2025-04-15,2.3630136986301367e-05
2025-04-16,1.7722602739726027e-05
2025-04-17,2.3630136986301367e-05
2025-04-18,7.089041095890411e-05
2025-04-22,2.3630136986301367e-05
2025-04-23,2.3630136986301367e-05
2025-04-24,2.3630136986301367e-05
2025-04-25,7.089041095890411e-05
2025-04-28,3.5445205479452054e-05
2025-04-30,1.772260273972603e-05
2025-05-01,1.7722602739726027e-05
2025-05-02,0.00011815068493150681
2025-05-07,1.7722602739726027e-05
2025-05-08,1.772260273972603e-05
2025-05-09,7.089041095890411e-05
2025-05-12,2.3630136986301367e-05
2025-05-13,1.772260273972602e-05
2025-05-14,2.3630136986301367e-05
2025-05-15,1.772260273972603e-05
2025-05-16,5.316780821917808e-05
2025-05-19,1.7722602739726034e-05
2025-05-20,1.7722602739726027e-05
2025-05-21,1.7722602739726027e-05
2025-05-22,1.7722602739726027e-05
2025-05-23,5.316780821917808e-05
2025-05-26,3.544520547945206e-05
2025-05-28,1.7722602739726027e-05
2025-05-29,2.3630136986301367e-05
2025-05-30,7.089041095890411e-05
2025-06-02,1.7722602739726027e-05
2025-06-03,1.7722602739726034e-05
2025-06-04,1.7722602739726027e-05
2025-06-05,2.3630136986301367e-05
2025-06-06,5.316780821917808e-05
2025-06-09,2.3630136986301367e-05
2025-06-10,2.3630136986301367e-05
2025-06-11,1.7722602739726027e-05
2025-06-12,1.7722602739726027e-05
2025-06-13,5.316780821917808e-05
2025-06-16,1.772260273972602e-05
2025-06-17,2.3630136986301367e-05
2025-06-18,2.3630136986301364e-05
2025-06-19,7.089041095890411e-05
2025-06-23,1.7722602739726017e-05
2025-06-24,2.363013698630136e-05
2025-06-25,1.7722602739726027e-05
2025-06-26,1.772260273972603e-05
2025-06-27,5.316780821917808e-05
2025-06-30,1.772260273972603e-05
2025-07-01,1.772260273972602e-05
2025-07-02,1.7722602739726034e-05
2025-07-03,1.7722602739726027e-05
2025-07-04,7.089041095890408e-05
2025-07-08,1.772260273972603e-05
2025-07-09,2.3630136986301367e-05
2025-07-10,1.7722602739726027e-05
2025-07-11,5.316780821917806e-05
2025-07-14,2.3630136986301367e-05
2025-07-15,2.3630136986301374e-05
2025-07-16,2.3630136986301367e-05
2025-07-17,1.772260273972603e-05
2025-07-18,7.089041095890411e-05
2025-07-22,1.772260273972603e-05
2025-07-23,1.772260273972603e-05
2025-07-24,1.7722602739726027e-05
2025-07-25,5.316780821917808e-05
2025-07-28,2.3630136986301367e-05
2025-07-29,2.3630136986301367e-05
2025-07-30,2.3630136986301367e-05
2025-07-31,1.772260273972602e-05
2025-08-01,7.089041095890408e-05
2025-08-04,2.3630136986301367e-05
2025-08-05,1.7722602739726027e-05
2025-08-06,1.7722602739726027e-05
2025-08-07,2.3630136986301374e-05
2025-08-08,7.089041095890411e-05
2025-08-12,2.3630136986301367e-05
2025-08-13,2.3630136986301367e-05
2025-08-14,1.7722602739726027e-05
2025-08-15,5.31678082191781e-05
2025-08-18,2.3630136986301367e-05
2025-08-19,1.772260273972603e-05
2025-08-20,2.3630136986301367e-05
2025-08-21,1.7722602739726027e-05
2025-08-22,5.316780821917808e-05
2025-08-25,2.3630136986301367e-05
2025-08-26,1.7722602739726027e-05
2025-08-27,1.7722602739726027e-05
2025-08-28,1.7722602739726027e-05
2025-08-29,5.316780821917808e-05
2025-09-01,3.544520547945206e-05
2025-09-03,1.772260273972603e-05
2025-09-04,2.3630136986301367e-05
2025-09-05,5.316780821917808e-05
2025-09-08,1.7722602739726027e-05
2025-09-09,1.7722602739726017e-05
2025-09-10,1.7722602739726027e-05
2025-09-11,2.3630136986301367e-05
2025-09-12,7.089041095890411e-05
2025-09-16,2.3630136986301374e-05
2025-09-17,1.7722602739726027e-05
2025-09-18,1.772260273972602e-05
2025-09-19,7.08904109589041e-05
2025-09-22,4.7260273972602734e-05
2025-09-24,1.7722602739726027e-05
2025-09-25,1.7722602739726027e-05
2025-09-26,7.089041095890411e-05
2025-09-29,2.3630136986301367e-05
2025-09-30,1.7722602739726027e-05
2025-10-01,1.7722602739726027e-05
2025-10-02,1.7722602739726027e-05
2025-10-03,5.316780821917808e-05
2025-10-06,2.3630136986301367e-05
2025-10-07,2.3630136986301367e-05
2025-10-08,2.3630136986301374e-05
2025-10-09,2.3630136986301367e-05
2025-10-10,9.452054794520547e-05
2025-10-14,1.772260273972602e-05
2025-10-15,1.7722602739726027e-05
2025-10-16,1.7722602739726034e-05
2025-10-17,5.316780821917808e-05
2025-10-20,1.7722602739726027e-05
2025-10-21,2.3630136986301367e-05
2025-10-22,1.7722602739726027e-05
2025-10-23,0.00014178082191780822
2025-10-29,1.772260273972603e-05
2025-10-30,1.7722602739726027e-05
2025-10-31,9.452054794520547e-05
2025-11-04,2.3630136986301367e-05
2025-11-05,1.772260273972602e-05
2025-11-06,1.7722602739726027e-05
2025-11-07,7.089041095890412e-05
2025-11-10,1.7722602739726017e-05
2025-11-11,2.3630136986301367e-05
2025-11-12,2.3630136986301367e-05
2025-11-13,1.7722602739726027e-05
2025-11-14,7.08904109589041e-05
2025-11-17,2.3630136986301367e-05
2025-11-18,1.772260273972602e-05
2025-11-19,2.3630136986301367e-05
2025-11-20,2.3630136986301367e-05
2025-11-21,9.452054794520545e-05
2025-11-25,1.7722602739726027e-05
2025-11-26,2.3630136986301364e-05
2025-11-27,7.089041095890412e-05
2025-12-01,2.3630136986301364e-05
2025-12-02,1.7722602739726027e-05
2025-12-03,1.7722602739726027e-05
2025-12-04,1.7722602739726017e-05
2025-12-05,5.316780821917808e-05
2025-12-08,2.3630136986301364e-05
2025-12-09,1.772260273972602e-05
2025-12-10,2.3630136986301367e-05
2025-12-11,2.3630136986301367e-05
2025-12-12,5.3167808219178094e-05
2025-12-15,1.7722602739726027e-05
2025-12-16,2.3630136986301367e-05
2025-12-17,1.772260273972603e-05
2025-12-18,1.7722602739726027e-05
2025-12-19,7.089041095890411e-05
2025-12-22,2.3630136986301374e-05
2025-12-23,2.363013698630136e-05
2025-12-24,1.772260273972603e-05
2025-12-25,7.089041095890411e-05
2025-12-29,1.772260273972602e-05
2025-12-30,0.00014178082191780822
2026-01-05,2.3630136986301367e-05
2026-01-06,2.3630136986301364e-05
2026-01-07,1.772260273972603e-05
2026-01-08,1.772260273972603e-05
2026-01-09,9.452054794520544e-05
2026-01-13,2.3630136986301367e-05
2026-01-14,1.7722602739726017e-05
2026-01-15,2.3630136986301367e-05
2026-01-16,5.316780821917806e-05
2026-01-19,4.7260273972602734e-05
2026-01-21,2.3630136986301367e-05
2026-01-22,1.7722602739726027e-05
2026-01-23,7.089041095890411e-05
2026-01-26,2.3630136986301367e-05
2026-01-27,1.772260273972603e-05
2026-01-28,1.7722602739726027e-05
2026-01-29,1.772260273972602e-05
2026-01-30,7.08904109589041e-05
2026-02-02,2.3630136986301367e-05
2026-02-03,2.3630136986301374e-05
2026-02-04,2.363013698630136e-05
2026-02-05,2.3630136986301367e-05
2026-02-06,7.089041095890411e-05
2026-02-09,2.3630136986301367e-05
2026-02-10,4.7260273972602734e-05
2026-02-12,1.772260273972603e-05
2026-02-13,5.316780821917808e-05
2026-02-16,3.544520547945206e-05
2026-02-18,2.3630136986301367e-05
2026-02-19,1.772260273972603e-05
2026-02-20,9.452054794520547e-05
2026-02-24,1.7722602739726027e-05
2026-02-25,2.3630136986301367e-05
2026-02-26,2.3630136986301367e-05
2026-02-27,7.08904109589041e-05
2026-03-02,2.3630136986301367e-05
2026-03-03,2.3630136986301364e-05
2026-03-04,2.3630136986301367e-05
2026-03-05,2.3630136986301367e-05
2026-03-06,5.316780821917808e-05
2026-03-09,2.3630136986301374e-05
2026-03-10,2.3630136986301364e-05
2026-03-11,1.7722602739726027e-05
2026-03-12,2.3630136986301364e-05
2026-03-13,7.089041095890412e-05
2026-03-16,2.3630136986301367e-05
2026-03-17,2.3630136986301367e-05
2026-03-18,1.7722602739726027e-05
2026-03-19,7.089041095890411e-05
2026-03-23,1.7722602739726027e-05
2026-03-24,2.3630136986301367e-05
2026-03-25,1.7722602739726027e-05
2026-03-26,2.3630136986301367e-05
2026-03-27,7.089041095890411e-05
2026-03-30,2.3630136986301364e-05
2026-03-31,1.7722602739726027e-05
2026-04-01,1.7722602739726027e-05
2026-04-02,1.7722602739726017e-05
2026-04-03,9.452054794520547e-05
2026-04-07,2.363013698630136e-05
2026-04-08,2.3630136986301367e-05
2026-04-09,1.7722602739726027e-05
2026-04-10,5.316780821917808e-05
2026-04-13,2.3630136986301367e-05
2026-04-14,2.3630136986301367e-05
2026-04-15,1.772260273972603e-05
2026-04-16,1.7722602739726027e-05
2026-04-17,7.089041095890411e-05
2026-04-20,1.7722602739726027e-05
2026-04-21,1.7722602739726027e-05
2026-04-22,1.772260273972603e-05
2026-04-23,2.3630136986301364e-05
2026-04-24,7.089041095890411e-05
2026-04-27,2.3630136986301367e-05
2026-04-28,3.5445205479452054e-05
2026-04-30,2.3630136986301364e-05
2026-05-01,0.0001417808219178082
2026-05-07,2.363013698630136e-05
2026-05-08,5.316780821917808e-05
2026-05-11,2.3630136986301367e-05
2026-05-12,2.3630136986301367e-05
2026-05-13,2.3630136986301367e-05
2026-05-14,2.3630136986301367e-05
2026-05-15,7.08904109589041e-05
2026-05-18,2.3630136986301367e-05
2026-05-19,2.3630136986301364e-05
2026-05-20,2.363013698630136e-05
2026-05-21,2.3630136986301374e-05
2026-05-22,5.316780821917808e-05
2026-05-25,4.7260273972602734e-05
2026-05-27,2.3630136986301367e-05
2026-05-28,2.3630136986301367e-05
2026-05-29,7.089041095890412e-05
2026-06-01,1.7722602739726027e-05
2026-06-02,2.363013698630136e-05
2026-06-03,2.3630136986301364e-05
2026-06-04,2.3630136986301364e-05
2026-06-05,7.089041095890411e-05
2026-06-08,2.3630136986301374e-05
2026-06-09,2.3630136986301367e-05
2026-06-10,1.7722602739726027e-05
2026-06-11,2.363013698630136e-05
2026-06-12,7.08904109589041e-05
2026-06-15,1.7722602739726027e-05
2026-06-16,1.772260273972603e-05
2026-06-17,2.3630136986301367e-05
2026-06-18,2.3630136986301364e-05
2026-06-19,9.452054794520547e-05
2026-06-23,1.772260273972602e-05
2026-06-24,2.3630136986301367e-05
2026-06-25,2.3630136986301367e-05
2026-06-26,7.089041095890411e-05
2026-06-29,2.3630136986301367e-05
2026-06-30,2.3630136986301367e-05
2026-07-01,2.3630136986301367e-05
2026-07-02,2.3630136986301367e-05
2026-07-03,9.452054794520544e-05
2026-07-07,2.363013698630136e-05
2026-07-08,2.3630136986301367e-05
2026-07-09,2.363013698630136e-05
2026-07-10,7.089041095890411e-05
2026-07-13,1.772260273972602e-05
2026-07-14,1.7722602739726027e-05
2026-07-15,2.3630136986301367e-05
2026-07-16,1.7722602739726027e-05
2026-07-17,7.089041095890411e-05
2026-07-21,2.3630136986301367e-05
2026-07-22,1.7722602739726027e-05
2026-07-23,2.3630136986301367e-05
2026-07-24,5.316780821917806e-05
2026-07-27,2.3630136986301367e-05
2026-07-28,1.7722602739726027e-05
2026-07-29,2.363013698630136e-05
