trade_date,slip_cost
2024-12-23,0.0020625000000000005
2024-12-24,0.0015688374088252686
2024-12-25,0.0018659188138638368
2024-12-27,0.002344155259559771
2024-12-30,0.0024197760212418583
2025-01-06,0.0019920542601888167
2025-01-07,0.00207969893591464
2025-01-08,0.002651889631981071
2025-01-09,0.0021029128263175163
2025-01-14,0.0018863377788491884
2025-01-15,0.002062197435222084
2025-01-16,0.001629201361002797
2025-01-17,0.0018705142529418617
2025-01-20,0.0019564357077121617
2025-01-22,0.0019176727515421094
2025-01-23,0.0021818919242145456
2025-01-24,0.0022171198921925915
2025-01-27,0.002110627908301774
2025-01-28,0.0014744367771521835
2025-01-29,0.0017737481868340514
2025-01-30,0.0019149256215988135
2025-01-31,0.0016263572088068222
2025-02-03,0.00213607629985455
2025-02-04,0.002474302976696884
2025-02-05,0.0019732179604029267
2025-02-06,0.002143795024754314
2025-02-07,0.0018467226727948197
2025-02-10,0.001716135741549778
2025-02-12,0.00222799070050985
2025-02-13,0.002733581681094888
2025-02-14,0.0026199693061092345
2025-02-17,0.0021047399476450774
2025-02-19,0.0014797892183771298
2025-02-20,0.0024882500197066764
2025-02-21,0.002131517920011649
2025-02-25,0.00234526227781462
2025-02-26,0.0025501908574631247
2025-02-27,0.001956076168670658
2025-02-28,0.002410398868070011
2025-03-03,0.0027303324683799458
2025-03-04,0.002546674017126901
2025-03-05,0.001976225488909995
2025-03-06,0.0022252906455831833
2025-03-07,0.0022961156430802935
2025-03-10,0.002104030772562903
2025-03-11,0.0015810342649540783
2025-03-12,0.0020002357602734344
2025-03-13,0.001936354611813025
2025-03-14,0.0022982706084723552
2025-03-17,0.0019994264835717737
2025-03-18,0.0022415488068462503
2025-03-19,0.002228843807905748
2025-03-21,0.0017310020752022706
2025-03-24,0.0020974714466205392
2025-03-25,0.0019820512707379345
2025-03-26,0.0017492234005619018
2025-03-27,0.0019853878371590334
2025-03-28,0.0018171970776830193
2025-03-31,0.0020456383463223807
2025-04-01,0.0019182163526199208
2025-04-02,0.002256260689730816
2025-04-03,0.002647512237775691
2025-04-04,0.002165324648109521
2025-04-07,0.0018645705034102988
2025-04-08,0.0018231511839575715
2025-04-09,0.001744862809677005
2025-04-10,0.0021381135476566757
2025-04-11,0.002254776331712336
2025-04-14,0.0015433083009165714
2025-04-15,0.0019721767810719705
2025-04-16,0.0017276553483438894
2025-04-17,0.002250924143490748
2025-04-18,0.0021692212708119044
2025-04-22,0.002130434363644533
2025-04-23,0.0028424244369125145
2025-04-24,0.0027765141379979355
2025-04-25,0.002394037373356829
2025-04-28,0.0011764159489476176
2025-04-30,0.0018714548570699617
2025-05-01,0.0018090014703543733
2025-05-02,0.0025985339291410498
2025-05-07,0.0018460710372845213
2025-05-08,0.0016587688308082808
2025-05-09,0.002123300666832887
2025-05-12,0.002203692302779966
2025-05-13,0.001677693307066824
2025-05-14,0.002173590242897189
2025-05-15,0.0015745849955810481
2025-05-16,0.0020039546198744266
2025-05-19,0.0015290870057069626
2025-05-20,0.0018631938669443266
2025-05-21,0.001468637012419723
2025-05-22,0.0012626125895786025
2025-05-23,0.0016583339915205461
2025-05-26,0.002100445840905362
2025-05-28,0.0021012573682146277
2025-05-29,0.0018310528927674794
2025-05-30,0.002875938514833175
2025-06-02,0.0015514990161207072
2025-06-03,0.0022500000000000003
2025-06-04,0.0017564863315614634
2025-06-05,0.002402764919485128
2025-06-06,0.0023812624948907255
2025-06-09,0.0022677474327081914
2025-06-10,0.00195821936401919
2025-06-11,0.0016271711143756363
2025-06-12,0.0019126883142355445
2025-06-13,0.0017607454759571656
2025-06-16,0.001884014737923446
2025-06-17,0.0020403526285348067
2025-06-18,0.0023931041113833314
2025-06-19,0.0016728192945266217
2025-06-23,0.0014604368395168524
2025-06-24,0.0025182534585101246
2025-06-25,0.0021213950972432754
2025-06-26,0.0019405480517489396
2025-06-27,0.001699442092905362
2025-06-30,0.0017436560348299656
2025-07-01,0.0016464934442015865
2025-07-02,0.0018372397439178883
2025-07-03,0.0017023781454669838
2025-07-04,0.002024728394124063
2025-07-08,0.0017714418918813413
2025-07-09,0.0024347977847209348
2025-07-10,0.0021157705879740847
2025-07-11,0.0017219918926541882
2025-07-14,0.0023972127550952143
2025-07-15,0.002170516313212439
2025-07-16,0.0020935854938212875
2025-07-17,0.0018419797335164996
2025-07-18,0.001981989724428405
2025-07-22,0.0017078982089313217
2025-07-23,0.0016903026419066787
2025-07-24,0.0018851813120603958
2025-07-25,0.001718838305854797
2025-07-28,0.002235148322552329
2025-07-29,0.002503985560931678
2025-07-30,0.002587857256475325
2025-07-31,0.0020967186185700897
2025-08-01,0.0016360072193779699
2025-08-04,0.002731351150332076
2025-08-05,0.0018589654259416762
2025-08-06,0.002041867110631955
2025-08-07,0.002525191766823267
2025-08-08,0.002484375
2025-08-12,0.0026906774150728197
2025-08-13,0.0026062118583985608
2025-08-14,0.0020623493362933723
2025-08-15,0.0018814848002678703
2025-08-18,0.002473150467840821
2025-08-19,0.002484375
2025-08-20,0.0023133284323074094
2025-08-21,0.001854941095003006
2025-08-22,0.0018779287694172682
2025-08-25,0.0021999830991083565
2025-08-26,0.001822825948965943
2025-08-27,0.0017981085235369378
2025-08-28,0.0018128128111246573
2025-08-29,0.001872092486238005
2025-09-01,0.001830331787267803
2025-09-03,0.0020175346238290154
2025-09-04,0.002467344177063147
2025-09-05,0.0018868734521854994
2025-09-08,0.001457877505675912
2025-09-09,0.0016154419065820443
2025-09-10,0.002032688666026763
2025-09-11,0.002359475828865656
2025-09-12,0.0021799704931456405
2025-09-16,0.0022249296125416264
2025-09-17,0.0019929180978318674
2025-09-18,0.001769429508979399
2025-09-19,0.0023114756956960623
2025-09-22,0.0022174886431016944
2025-09-24,0.0022175522256606514
2025-09-25,0.0015252287405561982
2025-09-26,0.002145211598061825
2025-09-29,0.002728492335607558
2025-09-30,0.0017734572556198985
2025-10-01,0.002026922211055875
2025-10-02,0.0019506581245977326
2025-10-03,0.001619831788079821
2025-10-06,0.0023225755568823804
2025-10-07,0.002793833078339487
2025-10-08,0.0019520601998986432
2025-10-09,0.0020997455683873056
2025-10-10,0.0023435382259507113
2025-10-14,0.001789307692287393
2025-10-15,0.0019393360168515172
2025-10-16,0.0020238320585080787
2025-10-17,0.001916196271785729
2025-10-20,0.0020087869595849382
2025-10-21,0.0022203065514529753
2025-10-22,0.0017680304808102227
2025-10-23,0.0021749996899079506
2025-10-29,0.0019520680620643013
2025-10-30,0.0020833798688178547
2025-10-31,0.002765625
2025-11-04,0.002695585170781388
2025-11-05,0.00191657264011193
2025-11-06,0.0016291041156383766
2025-11-07,0.002620022477364077
2025-11-10,0.0020054311772989184
2025-11-11,0.002309639775354402
2025-11-12,0.0023526325972254092
2025-11-13,0.0020724577739893338
2025-11-14,0.002386238372708993
2025-11-17,0.002345738157264394
2025-11-18,0.001697994826022946
2025-11-19,0.0018295075483483834
2025-11-20,0.00225589169480198
2025-11-21,0.00249605671018162
2025-11-25,0.002019219717748869
2025-11-26,0.0025642810840255438
2025-11-27,0.001876362819196733
2025-12-01,0.0022069379052069905
2025-12-02,0.0019562707950263125
2025-12-03,0.0019753612049230327
2025-12-04,0.0017635268050239183
2025-12-05,0.0018328201248233678
2025-12-08,0.0021921898051023843
2025-12-09,0.0018766219488098356
2025-12-10,0.0019084895215538602
2025-12-11,0.0022765172673371485
2025-12-12,0.0023322244473022048
2025-12-15,0.001999858072494419
2025-12-16,0.00244685352712456
2025-12-17,0.0016634998405200988
2025-12-18,0.002016647804016377
2025-12-19,0.0027656250000000003
2025-12-22,0.0021078092205610386
2025-12-23,0.0023264495354600873
2025-12-24,0.0015015512710254717
2025-12-25,0.0016887201772528674
2025-12-29,0.0019480642530451968
2025-12-30,0.002234801572895267
2026-01-05,0.0019557848844104562
2026-01-06,0.0016556821520954427
2026-01-07,0.002138088386962906
2026-01-08,0.0018915352447167035
2026-01-09,0.002765625
2026-01-13,0.002055028750782109
2026-01-14,0.0015069514480265003
2026-01-15,0.002258070278417913
2026-01-16,0.001891341061363355
2026-01-19,0.0018098885041205556
2026-01-21,0.0026393413905306715
2026-01-22,0.0018623635505894888
2026-01-23,0.0024310046620785513
2026-01-26,0.002416151894490049
2026-01-27,0.0019244874639580047
2026-01-28,0.0014811598648956953
2026-01-29,0.0018671758879940856
2026-01-30,0.002159112051414456
2026-02-02,0.0024300807526778105
2026-02-03,0.0025295548778822945
2026-02-04,0.002657957144687526
2026-02-05,0.0020211559634332457
2026-02-06,0.0020484192061926507
2026-02-09,0.001867379667258112
2026-02-10,0.0023613608153285784
2026-02-12,0.0014240917580110079
2026-02-13,0.0017187858693336535
2026-02-16,0.0015357423110047964
2026-02-18,0.002224843125821162
2026-02-19,0.0018895431929818575
2026-02-20,0.002527899997433098
2026-02-24,0.0019529324342485643
2026-02-25,0.0024220875415604283
2026-02-26,0.002317585256435578
2026-02-27,0.002507190572262932
2026-03-02,0.0024647249626953494
2026-03-03,0.0026533752592737517
2026-03-04,0.002447612010887547
2026-03-05,0.0022566198537812207
2026-03-06,0.0017200856085148543
2026-03-09,0.002072741769223642
2026-03-10,0.002734093096360706
2026-03-11,0.0016392987901938686
2026-03-12,0.0024256502981311718
2026-03-13,0.002360248152735621
2026-03-16,0.0023796367364321367
2026-03-17,0.002715557269713242
2026-03-18,0.0022538598582329326
2026-03-19,0.0021513753415061346
2026-03-23,0.001628862866582738
2026-03-24,0.002548367267353235
2026-03-25,0.0015619403156013508
2026-03-26,0.002266963003183517
2026-03-27,0.0025615767683683476
2026-03-30,0.002473241487239953
2026-03-31,0.0019955505326018654
2026-04-01,0.001997670685201482
2026-04-02,0.0015193923806273517
2026-04-03,0.0024370763131478603
2026-04-07,0.0028891923320141697
2026-04-08,0.002440910098072345
2026-04-09,0.0023486019112744267
2026-04-10,0.0019667957250908415
2026-04-13,0.002366857589520224
2026-04-14,0.002915904686051944
2026-04-15,0.002229795758775663
2026-04-16,0.0020325320164147386
2026-04-17,0.00247149094981612
2026-04-20,0.0018270598641625187
2026-04-21,0.0018658534041270803
2026-04-22,0.0017997173910738057
2026-04-23,0.002101305619272484
2026-04-24,0.0024896250497234906
2026-04-27,0.0026299762500901352
2026-04-28,0.0019660211307176174
2026-04-30,0.0022856461204917534
2026-05-01,0.0027333901262080397
2026-05-07,0.0027812926090437637
2026-05-08,0.0015371325025722502
2026-05-11,0.0024707438219664403
2026-05-12,0.0026808520212735507
2026-05-13,0.0025015835397476584
2026-05-14,0.0024017156915902465
2026-05-15,0.0025206526020926058
2026-05-18,0.0025209395715269554
2026-05-19,0.002265042295715557
2026-05-20,0.00216848555547091
2026-05-21,0.0025192363517365485
2026-05-22,0.001910757113301886
2026-05-25,0.0021139971089141466
2026-05-27,0.0023319988555083604
2026-05-28,0.00202775563044262
2026-05-29,0.002617537323013133
2026-06-01,0.0016934695295558718
2026-06-02,0.0022180920548582864
2026-06-03,0.002651098717002245
2026-06-04,0.0025549179246611626
2026-06-05,0.0020963486140844786
2026-06-08,0.0020028680235123423
2026-06-09,0.002739590418567853
2026-06-10,0.0017992727173187994
2026-06-11,0.002448573693243305
2026-06-12,0.0029012813534397925
2026-06-15,0.001862877352322069
2026-06-16,0.002011783323727631
2026-06-17,0.0023715134266182546
2026-06-18,0.0019369441648911894
2026-06-19,0.0026712391574114135
2026-06-23,0.001983709429475495
2026-06-24,0.0025181370905119644
2026-06-25,0.0027363622552395005
2026-06-26,0.0029741600332222266
2026-06-29,0.0022906826324412643
2026-06-30,0.0027726028284512537
2026-07-01,0.002614986997257597
2026-07-02,0.002415144990479274
2026-07-03,0.001413276433624202
2026-07-07,0.0019275801342918761
2026-07-08,0.0022164288915834224
2026-07-09,0.0025905311590056555
2026-07-10,0.0022089012865844295
2026-07-13,0.00207883980024641
2026-07-14,0.0018635960745671636
2026-07-15,0.0025020786256142904
2026-07-16,0.001618785390296232
2026-07-17,0.0019197053977817553
2026-07-21,0.002222415227637002
2026-07-22,0.0023136292013035582
2026-07-23,0.002086535731210964
2026-07-24,0.0021198539205380044
2026-07-27,0.001977814200361343
2026-07-28,0.0018950650263603141
2026-07-29,0.002282859865030145
