trade_date,cost
2024-12-23,0.002313184931506849
2024-12-24,0.0017959160671113656
2024-12-25,0.002822781348013591
2024-12-27,0.003203369133433463
2024-12-30,0.0042190937164906924
2025-01-06,0.002160514544055075
2025-01-07,0.002326469397898608
2025-01-08,0.0026705632031674585
2025-01-09,0.0030033186554339663
2025-01-14,0.002638695241696588
2025-01-15,0.00247770761975347
2025-01-16,0.0017386702723288464
2025-01-17,0.0024302263205211627
2025-01-20,0.0023287231393288406
2025-01-22,0.0020853136327310673
2025-01-23,0.002446970369433465
2025-01-24,0.0027729637125795165
2025-01-27,0.0022891140205634607
2025-01-28,0.001746724380036691
2025-01-29,0.0017728666622953003
2025-01-30,0.001957706084263634
2025-01-31,0.0021721525548929915
2025-02-03,0.0021912673995679644
2025-02-04,0.0027533491811242154
2025-02-05,0.002293937970849636
2025-02-06,0.0023358218761636252
2025-02-07,0.002502566901452711
2025-02-10,0.0021088359774028708
2025-02-12,0.002489023017990541
2025-02-13,0.002970520594481519
2025-02-14,0.00352426174670818
2025-02-17,0.002458979242828222
2025-02-19,0.001766082153310473
2025-02-20,0.002719622514662815
2025-02-21,0.002846920026642297
2025-02-25,0.002562131006237668
2025-02-26,0.0025617752144341094
2025-02-27,0.0020249869517111195
2025-02-28,0.0030283151936486715
2025-03-03,0.002981174916419128
2025-03-04,0.0028646197743886718
2025-03-05,0.002095520909455126
2025-03-06,0.002338441604663559
2025-03-07,0.002676921214953255
2025-03-10,0.002334723636715013
2025-03-11,0.001702142901321347
2025-03-12,0.0020384861514835626
2025-03-13,0.0021198872391734315
2025-03-14,0.00300724340956428
2025-03-17,0.0021186221991201532
2025-03-18,0.0025502594535581793
2025-03-19,0.0027286602452610115
2025-03-21,0.0022616943621540475
2025-03-24,0.0022583416885758427
2025-03-25,0.002350693917118539
2025-03-26,0.0020775105594564225
2025-03-27,0.0020855850445589182
2025-03-28,0.0025799077777854213
2025-03-31,0.002294233286614254
2025-04-01,0.0020288111444474585
2025-04-02,0.0025162969976157052
2025-04-03,0.0029626917648771104
2025-04-04,0.0027096785788035664
2025-04-07,0.002027451113931376
2025-04-08,0.0018890295975409967
2025-04-09,0.0019976559674051366
2025-04-10,0.0023716817139013734
2025-04-11,0.003000126111086373
2025-04-14,0.0016547622636295268
2025-04-15,0.0022048747132039645
2025-04-16,0.0018135790102764499
2025-04-17,0.002528594850192129
2025-04-18,0.0027967161971811164
2025-04-22,0.0023805715431283398
2025-04-23,0.00302865156210564
2025-04-24,0.002967274728500948
2025-04-25,0.0031405309114940993
2025-04-28,0.0015665170930333158
2025-04-30,0.0018822740268142058
2025-05-01,0.0018852601586764341
2025-05-02,0.0037130053083754087
2025-05-07,0.0019447666673953294
2025-05-08,0.0017372218297585348
2025-05-09,0.0029203733722915457
2025-05-12,0.0023739938474202455
2025-05-13,0.0018242181094655166
2025-05-14,0.0023718883678907937
2025-05-15,0.0016889092362116968
2025-05-16,0.0023088434312596236
2025-05-19,0.0015536399623207867
2025-05-20,0.0020379625658317464
2025-05-21,0.0016411901151125714
2025-05-22,0.0015275588181193644
2025-05-23,0.002204729143107421
2025-05-26,0.0023856860573677947
2025-05-28,0.0022199059516794187
2025-05-29,0.0021071869549754278
2025-05-30,0.003663717589372641
2025-06-02,0.0017346004387694177
2025-06-03,0.0022603611313258927
2025-06-04,0.0020339128426359373
2025-06-05,0.0026740955903490605
2025-06-06,0.0029430858339347813
2025-06-09,0.0025457664378810796
2025-06-10,0.002155730523400014
2025-06-11,0.0018381805766582338
2025-06-12,0.002068401204554243
2025-06-13,0.002401148220734881
2025-06-16,0.0019220787979743151
2025-06-17,0.0021483072701457594
2025-06-18,0.0025427341152010974
2025-06-19,0.0024244030345818416
2025-06-23,0.0016567466049596173
2025-06-24,0.002643216761020083
2025-06-25,0.002106117047857929
2025-06-26,0.0021518202698547536
2025-06-27,0.0021867839068915496
2025-06-30,0.0019158672966194193
2025-07-01,0.001717904018128837
2025-07-02,0.0020317894326721295
2025-07-03,0.0019737995690622895
2025-07-04,0.002593536291966591
2025-07-08,0.0019874609580743693
2025-07-09,0.002678703764265908
2025-07-10,0.0022809398058571363
2025-07-11,0.0022718536078515784
2025-07-14,0.0026571213440624852
2025-07-15,0.00253102445098784
2025-07-16,0.002302490937575111
2025-07-17,0.0020474762399147507
2025-07-18,0.002745553972705566
2025-07-22,0.0019007840647571636
2025-07-23,0.0019281057985169848
2025-07-24,0.002091029570781838
2025-07-25,0.002284627502382573
2025-07-28,0.0024589744394572194
2025-07-29,0.0027646349207967507
2025-07-30,0.0028125881938902567
2025-07-31,0.0022499716782466202
2025-08-01,0.002361804204891219
2025-08-04,0.002881550995034684
2025-08-05,0.0022148432582141608
2025-08-06,0.002240829346195489
2025-08-07,0.002759650089881065
2025-08-08,0.0031735708346570537
2025-08-12,0.0029133819817616724
2025-08-13,0.002824849226276234
2025-08-14,0.0021917807852230007
2025-08-15,0.002475667186351221
2025-08-18,0.0027448413311154853
2025-08-19,0.002672388698630137
2025-08-20,0.0025724543194791333
2025-08-21,0.0019962223106299243
2025-08-22,0.002376827781960293
2025-08-25,0.002461861914217684
2025-08-26,0.0019552867406771126
2025-08-27,0.0018945981465336443
2025-08-28,0.0019737113017230497
2025-08-29,0.0023752653751048544
2025-09-01,0.0022035659074494175
2025-09-03,0.002096860883255036
2025-09-04,0.002669239172994359
2025-09-05,0.0025113229467756044
2025-09-08,0.0016035642670394596
2025-09-09,0.0017502654805695858
2025-09-10,0.0021925101053454016
2025-09-11,0.0026117330759228936
2025-09-12,0.002902898591382892
2025-09-16,0.002393728350666595
2025-09-17,0.0020621337155550374
2025-09-18,0.0019595664934979155
2025-09-19,0.003059324614040193
2025-09-22,0.0027871609460044964
2025-09-24,0.002404147517279309
2025-09-25,0.0017013665457096313
2025-09-26,0.002951919742459156
2025-09-29,0.0028769611035577096
2025-09-30,0.0020180717211500695
2025-10-01,0.002120150331116417
2025-10-02,0.0021098508596255217
2025-10-03,0.0021819535552397968
2025-10-06,0.002532249080807344
2025-10-07,0.0029184097917640556
2025-10-08,0.0024103592842933293
2025-10-09,0.0023609129930868087
2025-10-10,0.0033227004884508124
2025-10-14,0.001966184077335482
2025-10-15,0.0027320105416953192
2025-10-16,0.002372219002739099
2025-10-17,0.002452414895270502
2025-10-20,0.0021890720309887353
2025-10-21,0.002468795802585297
2025-10-22,0.0019623522257945255
2025-10-23,0.0037125968174995996
2025-10-29,0.0020795025582717934
2025-10-30,0.0023449695245103836
2025-10-31,0.0037683647260273972
2025-11-04,0.0029510672431311002
2025-11-05,0.0020647494121812954
2025-11-06,0.0017984206877095477
2025-11-07,0.0033462015721302495
2025-11-10,0.0021401487234439572
2025-11-11,0.0025592165011117146
2025-11-12,0.0024978028068540535
2025-11-13,0.002078334677589843
2025-11-14,0.0029620410312818676
2025-11-17,0.0025784166357578587
2025-11-18,0.0019030306613356865
2025-11-19,0.0020449439217507435
2025-11-20,0.0025089349283418725
2025-11-21,0.003351587151919604
2025-11-25,0.002193034757067793
2025-11-26,0.0028128536937946655
2025-11-27,0.0026209571519644832
2025-12-01,0.0024492988070698393
2025-12-02,0.002006417140843282
2025-12-03,0.0021635115238857294
2025-12-04,0.0019341034816719503
2025-12-05,0.0023856300957912874
2025-12-08,0.002421303992599997
2025-12-09,0.002479712767526604
2025-12-10,0.0021819944229746445
2025-12-11,0.0024787601200064215
2025-12-12,0.002797771689681758
2025-12-15,0.0021256020581048277
2025-12-16,0.0026096925028291362
2025-12-17,0.0018370477049096993
2025-12-18,0.0024380136986301374
2025-12-19,0.003517679794520548
2025-12-22,0.0023182052471688464
2025-12-23,0.0025579306200144763
2025-12-24,0.001603000037840326
2025-12-25,0.0022996651323124984
2025-12-29,0.002033229430800029
2025-12-30,0.0038315750861514313
2026-01-05,0.002164718132993138
2026-01-06,0.0018967326827487865
2026-01-07,0.0023148982269219492
2026-01-08,0.0020729556218090956
2026-01-09,0.0037683647260273977
2026-01-13,0.0022865871892738853
2026-01-14,0.0016283619774192643
2026-01-15,0.0026175983587904275
2026-01-16,0.002478197966561165
2026-01-19,0.002316955315859263
2026-01-21,0.0028822632122547658
2026-01-22,0.0020402850315076266
2026-01-23,0.0031648277026160216
2026-01-26,0.0026452985385462357
2026-01-27,0.0018563848625299613
2026-01-28,0.00163590754196515
2026-01-29,0.0019461963240417358
2026-01-30,0.0030280509745596114
2026-02-02,0.0027431290102074694
2026-02-03,0.002816892617363537
2026-02-04,0.0028605636207859964
2026-02-05,0.002238944300452588
2026-02-06,0.0027249724350042427
2026-02-09,0.0022694676031710203
2026-02-10,0.0029096577728933877
2026-02-12,0.0014318931458544878
2026-02-13,0.002299647216230687
2026-02-16,0.0018694525332706448
2026-02-18,0.0024136347345163544
2026-02-19,0.0020524567417140823
2026-02-20,0.003524165016998598
2026-02-24,0.002110082493398921
2026-02-25,0.0025618698574231694
2026-02-26,0.00256381113242173
2026-02-27,0.0032064289938450578
2026-03-02,0.00280420521066464
2026-03-03,0.0028559133023244466
2026-03-04,0.0026191686679849567
2026-03-05,0.0024846425646545657
2026-03-06,0.002206741350573961
2026-03-09,0.0023183012828964385
2026-03-10,0.0029275629791470988
2026-03-11,0.0018357064137489863
2026-03-12,0.0026453786509859447
2026-03-13,0.003033699895753515
2026-03-16,0.002553935031101405
2026-03-17,0.002803106954010536
2026-03-18,0.0024364585288804753
2026-03-19,0.0029037158684385627
2026-03-23,0.0017946522270339542
2026-03-24,0.0027599785089996616
2026-03-25,0.0017081710943897537
2026-03-26,0.002559917429808304
2026-03-27,0.0032723492686547034
2026-03-30,0.002733571298408027
2026-03-31,0.0021559905853590685
2026-04-01,0.002242209686624006
2026-04-02,0.0016084269290794866
2026-04-03,0.003515354932199715
2026-04-07,0.0030028344975663083
2026-04-08,0.0027938940107093513
2026-04-09,0.0025276340529916705
2026-04-10,0.003087231421851216
2026-04-13,0.002856753313229329
2026-04-14,0.003195225112657308
2026-04-15,0.002385858594535016
2026-04-16,0.002221541572540506
2026-04-17,0.0032396605852930372
2026-04-20,0.001935213290770936
2026-04-21,0.0020810373947365403
2026-04-22,0.0020025299894075553
2026-04-23,0.0023774404404435295
2026-04-24,0.0032606662467888478
2026-04-27,0.0027682604312280566
2026-04-28,0.002356113576072029
2026-04-30,0.00252837275168738
2026-05-01,0.004275615606376324
2026-05-07,0.003059050776227882
2026-05-08,0.002308105733561897
2026-05-11,0.0027680303230937014
2026-05-12,0.0029222093151177685
2026-05-13,0.002825365783295223
2026-05-14,0.0025421421783339286
2026-05-15,0.003283989974601988
2026-05-18,0.002799111748244035
2026-05-19,0.0025161665737475627
2026-05-20,0.0024099348177480102
2026-05-21,0.002817008473943295
2026-05-22,0.0024936126616133167
2026-05-25,0.0026279679362682233
2026-05-27,0.002570847692227909
2026-05-28,0.002379297977977578
2026-05-29,0.0034092221586506646
2026-06-01,0.0018786781117102593
2026-06-02,0.002464413000134793
2026-06-03,0.0029897326472312596
2026-06-04,0.002795490386977528
2026-06-05,0.0028248623220217973
2026-06-08,0.00196573813836717
2026-06-09,0.002981531610792415
2026-06-10,0.002025442340262042
2026-06-11,0.0026935092988330522
2026-06-12,0.003662279442133022
2026-06-15,0.002029813326196962
2026-06-16,0.002344652551861664
2026-06-17,0.0027811198409811544
2026-06-18,0.002317590489646444
2026-06-19,0.0036826723746612054
2026-06-23,0.0020869372957337496
2026-06-24,0.0028437020240417304
2026-06-25,0.0029894751461214367
2026-06-26,0.003725908287469286
2026-06-29,0.002536629731213295
2026-06-30,0.0030000605499904695
2026-07-01,0.0026646334683444956
2026-07-02,0.002896912776548023
2026-07-03,0.001801679769586785
2026-07-07,0.0021411372948345214
2026-07-08,0.0025175544382943665
2026-07-09,0.0029385175934828842
2026-07-10,0.002945397120618662
2026-07-13,0.002235442716974724
2026-07-14,0.001907453577127196
2026-07-15,0.0026277204440821105
2026-07-16,0.0017733903154245102
2026-07-17,0.002610020151113811
2026-07-21,0.0024548170349980875
2026-07-22,0.002512173342000102
2026-07-23,0.002339630509790017
2026-07-24,0.002657329260990503
2026-07-27,0.0023342820322606317
2026-07-28,0.0020470720314512123
2026-07-29,0.0025273577046876533
