trade_date,daily_carry_gap_returns
2024-12-23,0.0
2024-12-24,-5.8762114929663155e-05
2024-12-25,0.0007123096115730874
2024-12-27,0.005351325317152585
2024-12-30,0.003584037332403712
2025-01-06,-0.0019027375834967978
2025-01-07,0.0010610918462920958
2025-01-08,-0.0032471060437001026
2025-01-09,0.00018676976051183551
2025-01-14,-0.0024293361333836026
2025-01-15,0.003835144171911508
2025-01-16,0.005144911354445171
2025-01-17,-0.005719212515963291
2025-01-20,0.003540777205323101
2025-01-22,-0.0004668490365592258
2025-01-23,0.003047610526696964
2025-01-24,-0.0034990681277850457
2025-01-27,0.00349097195257009
2025-01-28,-0.0058672357512002445
2025-01-29,-0.003642300051784171
2025-01-30,-0.0010249980509323142
2025-01-31,-0.0018656764065319532
2025-02-03,-0.00034151177806385154
2025-02-04,0.0059856866866213896
2025-02-05,0.00022897292617247612
2025-02-06,0.001623987308829232
2025-02-07,-0.0013183804086284684
2025-02-10,-0.004857197706764775
2025-02-12,-0.0019580414219362604
2025-02-13,0.0035668778248933775
2025-02-14,0.003329647501342249
2025-02-17,0.0015579485559490383
2025-02-19,-0.0052302160365825185
2025-02-20,-0.0020921319359576674
2025-02-21,-0.002807419592125771
2025-02-25,-0.0031812013249408423
2025-02-26,0.008561560348549224
2025-02-27,-0.0006288688815456352
2025-02-28,-0.008643142704766831
2025-03-03,0.0069408680538705
2025-03-04,-0.007688235846814438
2025-03-05,-0.002480213122526006
2025-03-06,0.0021179409900833395
2025-03-07,-0.009089945171258749
2025-03-10,0.00023854619280518085
2025-03-11,-0.0010878314943309235
2025-03-12,0.003818789106877994
2025-03-13,0.0031243556222072632
2025-03-14,-0.0018190536088794648
2025-03-17,0.001844007088432527
2025-03-18,0.002125969344184595
2025-03-19,-0.00658268511828262
2025-03-21,-0.0018421991137721324
2025-03-24,0.0025602934040496544
2025-03-25,0.00520103712657806
2025-03-26,0.00046193776440013693
2025-03-27,-0.00863480536024714
2025-03-28,-0.0029812153996194996
2025-03-31,-0.002453704531198304
2025-04-01,0.003128956261392253
2025-04-02,0.000875850196291079
2025-04-03,-0.011898587803461737
2025-04-04,-0.016064505769812026
2025-04-07,-0.00918934697211813
2025-04-08,0.0411634186092072
2025-04-09,-0.003432692340190061
2025-04-10,0.049371813652552554
2025-04-11,-0.006242195279265111
2025-04-14,-0.01775545159027764
2025-04-15,-0.0038859224160695625
2025-04-16,-0.0016718062672619546
2025-04-17,0.0005886189656886414
2025-04-18,0.0028307200574779604
2025-04-22,-0.0018192970062182426
2025-04-23,0.012665522899920121
2025-04-24,0.0048857718156297344
2025-04-25,0.0018573324471782124
2025-04-28,-0.003860869536418189
2025-04-30,0.004281244384534549
2025-05-01,-0.0014409055189408839
2025-05-02,-0.0005479731282138542
2025-05-07,0.004645881744528751
2025-05-08,-0.004451589259552179
2025-05-09,0.0060579541255159795
2025-05-12,0.004384179899180983
2025-05-13,0.012907185337748884
2025-05-14,0.008947605271091558
2025-05-15,0.0006300666001465653
2025-05-16,-0.0001990242623078521
2025-05-19,-0.0058296035315721076
2025-05-20,0.003062018570333412
2025-05-21,-0.005751171249989567
2025-05-22,-0.006110973687627926
2025-05-23,1.5946683215370088e-05
2025-05-26,0.003086923143093708
2025-05-28,0.0010652838102983859
2025-05-29,0.0015563223060244768
2025-05-30,-0.0007479917836926141
2025-06-02,-0.0015982069944074744
2025-06-03,0.004179649305217077
2025-06-04,0.003116172964735339
2025-06-05,-0.0017383283923918978
2025-06-06,0.0038664248645749323
2025-06-09,0.0013835458279911372
2025-06-10,-0.0009999496340333171
2025-06-11,0.0003820689649549913
2025-06-12,0.0016055609648118422
2025-06-13,0.0020555707540380005
2025-06-16,-0.00033889562084067767
2025-06-17,-0.0030925397969661325
2025-06-18,-0.0005987925994792856
2025-06-19,-0.0016131885890733077
2025-06-23,-0.0003305086910686372
2025-06-24,0.010133405399857333
2025-06-25,0.007189262925981955
2025-06-26,-0.0015228436259120096
2025-06-27,0.0019970530291592496
2025-06-30,0.001076099199605258
2025-07-01,-0.0022047288997256442
2025-07-02,0.001836515289596563
2025-07-03,-0.0014879841316337225
2025-07-04,0.00267833125247808
2025-07-08,-0.0005156516010914136
2025-07-09,-0.0011662139703020793
2025-07-10,0.002574346267416831
2025-07-11,0.0011067951736715603
2025-07-14,-0.007888385468828427
2025-07-15,-0.0026106827074002686
2025-07-16,-0.0009517058968873598
2025-07-17,-0.00233584398231865
2025-07-18,0.0018492219552228193
2025-07-22,0.001304229825774031
2025-07-23,7.286031840327861e-05
2025-07-24,-0.0020201104606174295
2025-07-25,-7.888557881385979e-05
2025-07-28,-6.509282536313192e-05
2025-07-29,-0.003597466285581111
2025-07-30,0.002083540239746339
2025-07-31,0.0034750090128453305
2025-08-01,-0.005671725068794886
2025-08-04,-0.013151532471856174
2025-08-05,-0.0006886677971282615
2025-08-06,-0.001052820256029715
2025-08-07,0.0018859221955664714
2025-08-08,0.009792948556718693
2025-08-12,-0.0005506963163223748
2025-08-13,0.002819300691022735
2025-08-14,0.0002474302618955346
2025-08-15,0.0019209081361293517
2025-08-18,-0.0004424690104988512
2025-08-19,0.003736179641886251
2025-08-20,-0.0069778041900138785
2025-08-21,-0.00031546978741532985
2025-08-22,-0.0015131359121433729
2025-08-25,-0.0007080552876234847
2025-08-26,0.0032404069297514502
2025-08-27,7.959952080759778e-05
2025-08-28,-0.0013939138683967806
2025-08-29,0.0009019984610885848
2025-09-01,-0.0012589860982157907
2025-09-03,0.00331735313024068
2025-09-04,0.003129060796163325
2025-09-05,0.0007764502506763867
2025-09-08,-0.0018825134019352964
2025-09-09,0.0035202098653391977
2025-09-10,0.0027114496013246844
2025-09-11,-0.002700887938800132
2025-09-12,0.003385424281357397
2025-09-16,-0.0004958745198322968
2025-09-17,-0.0014365505162231933
2025-09-18,0.0008247637331391921
2025-09-19,0.00013900181015261915
2025-09-22,-0.004362646807907474
2025-09-24,0.0003589820895362239
2025-09-25,0.0033921801628449253
2025-09-26,-0.0007262056368583309
2025-09-29,0.0022424903091613413
2025-09-30,-0.006709992293541269
2025-10-01,0.000561719108298694
2025-10-02,0.006801722361013361
2025-10-03,-0.0027716128181508332
2025-10-06,0.021438658490278553
2025-10-07,0.0008943575850488704
2025-10-08,-0.005441007653503817
2025-10-09,0.000996954513870459
2025-10-10,-0.0005457565711124169
2025-10-14,-0.0028605871178285893
2025-10-15,0.0024800419267500674
2025-10-16,0.0034846305666767254
2025-10-17,-0.0017684046947508652
2025-10-20,0.008946770150843159
2025-10-21,0.0034767112909981964
2025-10-22,-0.002500048644208179
2025-10-23,-0.0026247700816104938
2025-10-29,-0.005042627925020562
2025-10-30,0.0001279234241887169
2025-10-31,0.006662912622405101
2025-11-04,-0.0021233688614358077
2025-11-05,-0.0037347545398332582
2025-11-06,0.0006902914833207199
2025-11-07,0.002002719318161559
2025-11-10,0.0046171288763782745
2025-11-11,-0.0009784389941009356
2025-11-12,0.000502155868644555
2025-11-13,0.00023352269289659812
2025-11-14,-0.002630668685829973
2025-11-17,-0.007264394550593412
2025-11-18,0.0011601170240990478
2025-11-19,-0.005514116433003757
2025-11-20,0.0034402076625053416
2025-11-21,0.006435706004119522
2025-11-25,0.003373561455380116
2025-11-26,0.005347050605110482
2025-11-27,-0.0025586579616014068
2025-12-01,0.0011767055268761969
2025-12-02,-0.0012175723937917031
2025-12-03,0.001431822867021597
2025-12-04,-0.0012185079724891597
2025-12-05,-0.0024157815703355007
2025-12-08,0.002288043936635512
2025-12-09,-0.003214714497950885
2025-12-10,-0.0010329485250691606
2025-12-11,-0.0015002417111888158
2025-12-12,0.009834319375708351
2025-12-15,0.002123983432778535
2025-12-16,0.0020162158343967804
2025-12-17,-0.0007578516731838513
2025-12-18,-0.0014787579812343184
2025-12-19,-0.0004038453903096834
2025-12-22,0.0010456952102777478
2025-12-23,1.6374757298713416e-05
2025-12-24,-0.001318149091629687
2025-12-25,-0.0005866945048711537
2025-12-29,0.0022087375675217793
2025-12-30,-0.0007306324462696083
2026-01-05,0.0017144824921559944
2026-01-06,-0.007645775804407451
2026-01-07,-0.007064009309742952
2026-01-08,0.0005873562885631115
2026-01-09,0.004606152058241406
2026-01-13,-0.009842727386363976
2026-01-14,0.0011826284348414363
2026-01-15,0.0037738272353363715
2026-01-16,-0.00842614228192218
2026-01-19,-0.0042356744763054205
2026-01-21,-0.0016126602042839827
2026-01-22,-0.0064392207021353115
2026-01-23,0.0016788774148570008
2026-01-26,-0.003280762307511923
2026-01-27,-0.008271800558989887
2026-01-28,-0.005997940804877365
2026-01-29,-0.0005146477878351999
2026-01-30,0.0044718698992143235
2026-02-02,0.009297013235313045
2026-02-03,0.008481019665716186
2026-02-04,-0.003892708419448773
2026-02-05,0.002470750661908107
2026-02-06,0.0019667697663278546
2026-02-09,0.00996214527302083
2026-02-10,0.012220484513593872
2026-02-12,-0.00469380742792498
2026-02-13,0.0005006852156136782
2026-02-16,0.0034334828561761567
2026-02-18,0.007821373467900423
2026-02-19,0.0013066356897865204
2026-02-20,-0.0029460620362894443
2026-02-24,0.012148542998015942
2026-02-25,0.006543503576517716
2026-02-26,0.0036671151634652716
2026-02-27,0.00047652822611030115
2026-03-02,0.0008163522544792876
2026-03-03,-0.0016867243567098905
2026-03-04,-0.010685331504046353
2026-03-05,0.0015559808325297155
2026-03-06,-0.00541935692966907
2026-03-09,-0.00975835374025024
2026-03-10,0.012523527032797735
2026-03-11,-0.011051859773015099
2026-03-12,-0.000327057990236128
2026-03-13,-0.0060741617019790285
2026-03-16,0.004102984716208538
2026-03-17,0.005203861913183596
2026-03-18,0.0011296928001121326
2026-03-19,-0.003033083521415986
2026-03-23,-0.01123177775513102
2026-03-24,0.006737389889355558
2026-03-25,0.005797021308651243
2026-03-26,0.0012784512296650668
2026-03-27,-0.001292427025093353
2026-03-30,-0.006721573698183603
2026-03-31,0.008403147952718003
2026-04-01,0.011381371685157059
2026-04-02,0.006310373895383072
2026-04-03,-0.0019702094883356207
2026-04-07,-0.007708762003522044
2026-04-08,0.010511107109930976
2026-04-09,-0.0018080536400758157
2026-04-10,0.0059937038075433755
2026-04-13,-0.003130545479523796
2026-04-14,0.015894358917640253
2026-04-15,-0.007344035862239105
2026-04-16,-0.000830264318882425
2026-04-17,0.0012187381791893342
2026-04-20,-0.0032753510057626353
2026-04-21,0.002528157701398652
2026-04-22,-0.0035686708813001144
2026-04-23,-0.00330998735665507
2026-04-24,0.0019616411061000967
2026-04-27,-0.007635637084198115
2026-04-28,0.003922091253989683
2026-04-30,-0.005163974759030433
2026-05-01,0.0044828838678492395
2026-05-07,0.0038648769251813844
2026-05-08,0.002428149740268852
2026-05-11,-0.000461447872498047
2026-05-12,0.01080255004617751
2026-05-13,0.007306670437447195
2026-05-14,-0.005978239065463797
2026-05-15,-0.0016033056531369202
2026-05-18,0.002649416675389762
2026-05-19,-0.0012564186206159844
2026-05-20,-0.013494201162460667
2026-05-21,0.013743992852466028
2026-05-22,3.474914638681788e-05
2026-05-25,-0.005645420705611913
2026-05-27,-0.009693125710137801
2026-05-28,-0.010255267581878618
2026-05-29,-0.003508464441756976
2026-06-01,-0.011702344500500646
2026-06-02,-0.007440185695047594
2026-06-03,-0.004500283571363078
2026-06-04,0.0008257778871555884
2026-06-05,-0.005191646969236304
2026-06-08,-0.02967538944833719
2026-06-09,0.013519829029899786
2026-06-10,-0.013406905836244097
2026-06-11,0.00038630058322170174
2026-06-12,0.02988889323795096
2026-06-15,-0.007813913648355143
2026-06-16,-0.004750689926680325
2026-06-17,-0.00010083598969790541
2026-06-18,-0.005610118289570055
2026-06-19,0.0152363589210337
2026-06-23,0.010711430120621335
2026-06-24,-0.0038368691077848233
2026-06-25,-0.0010188804504958323
2026-06-26,0.00626151416129803
2026-06-29,0.00034690432993978246
2026-06-30,0.007325929101441993
2026-07-01,-0.005148831936148263
2026-07-02,-0.001644302078716871
2026-07-03,-0.03214706560937444
2026-07-07,-0.0031527029903294255
2026-07-08,-0.017955731904242697
2026-07-09,0.002178075598285352
2026-07-10,-0.009694497284025364
2026-07-13,-0.00013340827570520536
2026-07-14,-0.008867134102751324
2026-07-15,0.0009227959871200658
2026-07-16,-0.005649584539704666
2026-07-17,-0.006325234372492007
2026-07-21,0.0048592510030014404
2026-07-22,0.017875883007704728
2026-07-23,0.0023314853906831814
2026-07-24,-0.004099370765758335
2026-07-27,0.00028558644266694113
2026-07-28,-0.01823600975995779
2026-07-29,-0.0008800504596676357
