trade_date,daily_borrow_costs
2024-12-23,0.0
2024-12-24,2.3891593532287607e-05
2024-12-25,1.7835596003982086e-05
2024-12-27,3.4865201345386035e-05
2024-12-30,7.098114130161545e-05
2025-01-06,0.0001646451046661276
2025-01-07,1.7536726945972944e-05
2025-01-08,2.2768390744962912e-05
2025-01-09,2.3834701224458835e-05
2025-01-14,8.952371525711859e-05
2025-01-15,1.741421005891149e-05
2025-01-16,1.725135153330642e-05
2025-01-17,1.750946877789313e-05
2025-01-20,5.322697657962916e-05
2025-01-22,3.540769010451912e-05
2025-01-23,1.7288611171336757e-05
2025-01-24,2.3428106152505145e-05
2025-01-27,7.119621595192206e-05
2025-01-28,1.7117660057594003e-05
2025-01-29,1.749611699332294e-05
2025-01-30,1.765277446191141e-05
2025-01-31,1.7626151686214225e-05
2025-02-03,5.3756750749789353e-05
2025-02-04,1.744341835989379e-05
2025-02-05,2.3041349859032046e-05
2025-02-06,1.7551357742958167e-05
2025-02-07,1.7639694878534194e-05
2025-02-10,5.302010193760593e-05
2025-02-12,3.469420849265391e-05
2025-02-13,2.2802909513527297e-05
2025-02-14,2.3694873463851527e-05
2025-02-17,6.90315229529143e-05
2025-02-19,3.490386178771468e-05
2025-02-20,1.7458638794963897e-05
2025-02-21,2.325551818397326e-05
2025-02-25,7.067682995379133e-05
2025-02-26,2.3732100226499252e-05
2025-02-27,2.2565526184165648e-05
2025-02-28,1.7460994702099364e-05
2025-03-03,7.010134344342509e-05
2025-03-04,2.304986696070081e-05
2025-03-05,2.2795435235759848e-05
2025-03-06,1.739479913710169e-05
2025-03-07,2.358975272009129e-05
2025-03-10,5.243130781234308e-05
2025-03-11,1.7136379670844192e-05
2025-03-12,1.7701038758820174e-05
2025-03-13,1.764668604579475e-05
2025-03-14,2.334499458693294e-05
2025-03-17,7.089777368316712e-05
2025-03-18,1.765479036834324e-05
2025-03-19,2.2782395893252188e-05
2025-03-21,4.7532856023214144e-05
2025-03-24,5.3267553710244935e-05
2025-03-25,1.756298381928702e-05
2025-03-26,2.313796241515059e-05
2025-03-27,2.3466838730740685e-05
2025-03-28,1.7690519685556234e-05
2025-03-31,6.924925727485405e-05
2025-04-01,2.299793861361609e-05
2025-04-02,1.7433818066471478e-05
2025-04-03,2.3111910457949466e-05
2025-04-04,2.4470967459522516e-05
2025-04-07,5.278390817809312e-05
2025-04-08,1.6016866636581675e-05
2025-04-09,1.6797288557009594e-05
2025-04-10,2.295349622083628e-05
2025-04-11,1.5685533668037055e-05
2025-04-14,6.640053562072663e-05
2025-04-15,1.785905411530952e-05
2025-04-16,2.2910068828708096e-05
2025-04-17,1.7738726612833146e-05
2025-04-18,2.3625213338229615e-05
2025-04-22,7.220710633752659e-05
2025-04-23,2.4213356673438085e-05
2025-04-24,2.3243890446718236e-05
2025-04-25,2.322909332225814e-05
2025-04-28,6.94360988857855e-05
2025-04-30,3.57310121581437e-05
2025-05-01,1.778477332587502e-05
2025-05-02,1.7595693734751943e-05
2025-05-07,0.0001177570838395554
2025-05-08,1.7369374505495455e-05
2025-05-09,1.7544121234813892e-05
2025-05-12,6.82749539543521e-05
2025-05-13,2.2703084134098332e-05
2025-05-14,1.7202629672287597e-05
2025-05-15,2.2358010592832626e-05
2025-05-16,1.7787367152844478e-05
2025-05-19,5.281974136407734e-05
2025-05-20,1.735913780777704e-05
2025-05-21,1.7600121346037172e-05
2025-05-22,1.7836708926588816e-05
2025-05-23,1.782058013060654e-05
2025-05-26,5.279680452433909e-05
2025-05-28,3.527533379284483e-05
2025-05-29,1.755910227401609e-05
2025-05-30,2.3799855915368217e-05
2025-06-02,7.16999346934614e-05
2025-06-03,1.7708655519517933e-05
2025-06-04,1.7394573647478616e-05
2025-06-05,1.7526859722099305e-05
2025-06-06,2.361396170851478e-05
2025-06-09,5.2484296612887065e-05
2025-06-10,2.345982453469151e-05
2025-06-11,2.389888174469744e-05
2025-06-12,1.7729664952499895e-05
2025-06-13,1.759473423258033e-05
2025-06-16,5.293805045115645e-05
2025-06-17,1.7977532197017905e-05
2025-06-18,2.3542648154280355e-05
2025-06-19,2.3937022811207575e-05
2025-06-23,7.006225677472046e-05
2025-06-24,1.761554832992076e-05
2025-06-25,2.3050471709452692e-05
2025-06-26,1.7238182699280363e-05
2025-06-27,1.7903260354502427e-05
2025-06-30,5.2733753190546646e-05
2025-07-01,1.7590527329835146e-05
2025-07-02,1.744413540031604e-05
2025-07-03,1.769271456583095e-05
2025-07-04,1.7746797914143716e-05
2025-07-08,6.919432116295924e-05
2025-07-09,1.7887909151667222e-05
2025-07-10,2.3133565914047842e-05
2025-07-11,1.7551146475604583e-05
2025-07-14,5.3091002072515e-05
2025-07-15,2.397405033193219e-05
2025-07-16,2.34350363150868e-05
2025-07-17,2.352300167582543e-05
2025-07-18,1.779374615214532e-05
2025-07-22,7.028986451941019e-05
2025-07-23,1.789411178779268e-05
2025-07-24,1.8510360775144745e-05
2025-07-25,1.8121568202532376e-05
2025-07-28,5.2947697354811314e-05
2025-07-29,2.3353444715859663e-05
2025-07-30,2.378623547231838e-05
2025-07-31,2.3790788299438307e-05
2025-08-01,1.753946413197572e-05
2025-08-04,7.03404304481575e-05
2025-08-05,2.4126940932882126e-05
2025-08-06,1.7649327118527446e-05
2025-08-07,1.8060256523261563e-05
2025-08-08,2.363422251585529e-05
2025-08-12,7.103182586767098e-05
2025-08-13,2.3557905113857417e-05
2025-08-14,2.354271574915917e-05
2025-08-15,1.7604312595007967e-05
2025-08-18,5.265863534518065e-05
2025-08-19,2.3093779074627216e-05
2025-08-20,1.811566261042396e-05
2025-08-21,2.3396267498867262e-05
2025-08-22,1.7830156206194464e-05
2025-08-25,5.2722228502977276e-05
2025-08-26,2.3345811572896574e-05
2025-08-27,1.7398234437924625e-05
2025-08-28,1.794165868110265e-05
2025-08-29,1.77341892089845e-05
2025-09-01,5.280036846416396e-05
2025-09-03,3.54926648826215e-05
2025-09-04,1.770359119663019e-05
2025-09-05,2.323453972316357e-05
2025-09-08,5.230022054661125e-05
2025-09-09,1.758121942525906e-05
2025-09-10,1.773328686909119e-05
2025-09-11,1.758056234504855e-05
2025-09-12,2.3158921043253355e-05
2025-09-16,6.978757140936403e-05
2025-09-17,2.379245804802279e-05
2025-09-18,1.738133092036241e-05
2025-09-19,1.7592757612709733e-05
2025-09-22,6.849407890811066e-05
2025-09-24,4.750080545739563e-05
2025-09-25,1.7659214238332303e-05
2025-09-26,1.7536502192040143e-05
2025-09-29,7.123693290141398e-05
2025-09-30,2.2756178388418553e-05
2025-10-01,1.7800588952840634e-05
2025-10-02,1.7330885727353913e-05
2025-10-03,1.7072531476965402e-05
2025-10-06,5.3864715131160816e-05
2025-10-07,2.1845670403575107e-05
2025-10-08,2.3259117761951834e-05
2025-10-09,2.3362993401753897e-05
2025-10-10,2.360081003219576e-05
2025-10-14,9.243881763784041e-05
2025-10-15,1.8117427064868064e-05
2025-10-16,1.7623657252737082e-05
2025-10-17,1.757232458282777e-05
2025-10-20,5.2442162094036704e-05
2025-10-21,1.7447750311888508e-05
2025-10-22,2.2564186965272125e-05
2025-10-23,1.757824271853757e-05
2025-10-29,0.00013913844973354993
2025-10-30,1.749402222700459e-05
2025-10-31,1.7673785027401708e-05
2025-11-04,9.553719736709302e-05
2025-11-05,2.340135664183652e-05
2025-11-06,1.7620771076541166e-05
2025-11-07,1.7539212500523867e-05
2025-11-10,7.195780905623085e-05
2025-11-11,1.758305885113631e-05
2025-11-12,2.3587983866681234e-05
2025-11-13,2.3620213933605576e-05
2025-11-14,1.7243049341772896e-05
2025-11-17,7.068234471493463e-05
2025-11-18,2.3485851200044494e-05
2025-11-19,1.687886709728642e-05
2025-11-20,2.281243159745337e-05
2025-11-21,2.332674802565329e-05
2025-11-25,9.386673252308868e-05
2025-11-26,1.745320966392469e-05
2025-11-27,2.3939833514064944e-05
2025-12-01,7.038114534567262e-05
2025-12-02,2.2783150438185535e-05
2025-12-03,1.7224115547516972e-05
2025-12-04,1.7481422006478594e-05
2025-12-05,1.7942202898748786e-05
2025-12-08,5.227854309531615e-05
2025-12-09,2.3698777602758665e-05
2025-12-10,1.7838639648213802e-05
2025-12-11,2.3665919626235993e-05
2025-12-12,2.304242684123242e-05
2025-12-15,5.176097801067896e-05
2025-12-16,1.7611766730379353e-05
2025-12-17,2.264031321075208e-05
2025-12-18,1.7331849890867715e-05
2025-12-19,1.7363848875120136e-05
2025-12-22,6.980970577960628e-05
2025-12-23,2.272423881841284e-05
2025-12-24,2.301181022009326e-05
2025-12-25,1.7534989308687277e-05
2025-12-29,7.099761244982601e-05
2025-12-30,1.780630745893215e-05
2026-01-05,0.0001386913627512277
2026-01-06,2.33460222988246e-05
2026-01-07,2.3526605948347174e-05
2026-01-08,1.734295534606239e-05
2026-01-09,1.7854258676002987e-05
2026-01-13,9.262755950722192e-05
2026-01-14,2.2889375075762123e-05
2026-01-15,1.773708815337373e-05
2026-01-16,2.3395986610038085e-05
2026-01-19,5.367076603945158e-05
2026-01-21,4.597097368361894e-05
2026-01-22,2.3802989438851787e-05
2026-01-23,1.756057094521928e-05
2026-01-26,6.840967536000655e-05
2026-01-27,2.3207925326179825e-05
2026-01-28,1.7398161742746134e-05
2026-01-29,1.7523574111083263e-05
2026-01-30,1.7338852410705615e-05
2026-02-02,7.060190887626393e-05
2026-02-03,2.25900810161026e-05
2026-02-04,2.3021790443203694e-05
2026-02-05,2.270959328429889e-05
2026-02-06,2.231739394394844e-05
2026-02-09,6.997407053015937e-05
2026-02-10,2.239443175281933e-05
2026-02-12,4.666935860033744e-05
2026-02-13,1.735409319072736e-05
2026-02-16,5.035429571164142e-05
2026-02-18,3.5001296158093986e-05
2026-02-19,2.350372344124412e-05
2026-02-20,1.7638014613039483e-05
2026-02-24,9.542180385683439e-05
2026-02-25,1.7149062387539536e-05
2026-02-26,2.3624964160581482e-05
2026-02-27,2.2632841006799513e-05
2026-03-02,6.997048511226562e-05
2026-03-03,2.2036023123700217e-05
2026-03-04,2.3121966846893397e-05
2026-03-05,2.370498016501852e-05
2026-03-06,2.2204154046031488e-05
2026-03-09,5.568064606930775e-05
2026-03-10,2.312110256221308e-05
2026-03-11,2.305636040835818e-05
2026-03-12,1.82974172763928e-05
2026-03-13,2.3483458852216638e-05
2026-03-16,7.249215182633165e-05
2026-03-17,2.3866613219909836e-05
2026-03-18,2.4036196169448234e-05
2026-03-19,1.8095707854877725e-05
2026-03-23,7.000581810122937e-05
2026-03-24,1.7646270270927664e-05
2026-03-25,2.384441107675746e-05
2026-03-26,1.853712410646357e-05
2026-03-27,2.3973148157344593e-05
2026-03-30,7.14809088860694e-05
2026-03-31,2.4533691108869728e-05
2026-04-01,1.737548407231369e-05
2026-04-02,1.778045509964395e-05
2026-04-03,1.7772502274049763e-05
2026-04-07,9.637625598308751e-05
2026-04-08,2.3771062732008542e-05
2026-04-09,2.4578613515663637e-05
2026-04-10,1.78838423780747e-05
2026-04-13,5.411461012498756e-05
2026-04-14,2.36557704918983e-05
2026-04-15,2.3198920441093116e-05
2026-04-16,1.784000869139805e-05
2026-04-17,1.8041066649043634e-05
2026-04-20,7.118007275459131e-05
2026-04-21,1.7359162175117063e-05
2026-04-22,1.8086413094498298e-05
2026-04-23,1.8196979778886783e-05
2026-04-24,2.40942727163503e-05
2026-04-27,7.206317062760961e-05
2026-04-28,2.4405292697325447e-05
2026-04-30,3.7356216681290524e-05
2026-05-01,2.4619236921993494e-05
2026-05-07,0.0001440545421164234
2026-05-08,2.4503989140766702e-05
2026-05-11,5.465340678975215e-05
2026-05-12,2.4710056118048138e-05
2026-05-13,2.387283543409925e-05
2026-05-14,2.5386292423675342e-05
2026-05-15,2.5211928031276588e-05
2026-05-18,7.200292083048338e-05
2026-05-19,2.4352881399435262e-05
2026-05-20,2.4401285432919958e-05
2026-05-21,2.3281130397827264e-05
2026-05-22,2.4116008027750144e-05
2026-05-25,5.599607665368354e-05
2026-05-27,5.032871770101545e-05
2026-05-28,2.453532791955331e-05
2026-05-29,2.3625928185944122e-05
2026-06-01,7.208997614549185e-05
2026-06-02,1.9076494959328696e-05
2026-06-03,2.3987076464780616e-05
2026-06-04,2.4466992194136102e-05
2026-06-05,2.4328146678053958e-05
2026-06-08,7.34466923716679e-05
2026-06-09,2.515687944181048e-05
2026-06-10,2.4024577110818307e-05
2026-06-11,1.8109338265104928e-05
2026-06-12,2.2867572824571193e-05
2026-06-15,6.942666968542769e-05
2026-06-16,1.870290119523595e-05
2026-06-17,1.801085143927285e-05
2026-06-18,2.4337046279464918e-05
2026-06-19,2.4277787481069128e-05
2026-06-23,9.508990477201214e-05
2026-06-24,1.796115368887693e-05
2026-06-25,2.37940918089891e-05
2026-06-26,2.423508090643966e-05
2026-06-29,7.34218963499169e-05
2026-06-30,2.358381112983869e-05
2026-07-01,2.383241795001973e-05
2026-07-02,2.4858228139721197e-05
2026-07-03,2.3728071645942607e-05
2026-07-07,9.317834787711222e-05
2026-07-08,2.4050383545815403e-05
2026-07-09,2.4976409842458154e-05
2026-07-10,2.377499537484491e-05
2026-07-13,7.321194503747051e-05
2026-07-14,1.7767978153971975e-05
2026-07-15,1.8146920529438088e-05
2026-07-16,2.3958976645165683e-05
2026-07-17,1.8175593496424747e-05
2026-07-21,7.349751789278411e-05
2026-07-22,2.4099016471974098e-05
2026-07-23,1.74308262227041e-05
2026-07-24,2.3982306995684728e-05
2026-07-27,5.41683769661814e-05
2026-07-28,2.48105565519768e-05
2026-07-29,1.9008488502929322e-05
