trade_date,daily_returns_gross
2024-12-23,-0.0017916846389850133
2024-12-24,-0.0009383872077438987
2024-12-25,0.00812759039631264
2024-12-27,0.009760891833738489
2024-12-30,0.0027904392417900433
2025-01-06,-0.0007166247721580698
2025-01-07,0.023996667688856874
2025-01-08,-0.006853237650940133
2025-01-09,-0.01066457531013285
2025-01-14,0.008474482495314968
2025-01-15,0.01750409285451006
2025-01-16,0.00969888775247212
2025-01-17,0.001863610319559738
2025-01-20,0.005836298854420979
2025-01-22,0.01874472542026859
2025-01-23,0.01218911577190276
2025-01-24,-0.0012315149670870731
2025-01-27,0.027220719377650627
2025-01-28,0.009079939944952153
2025-01-29,0.004877939266498879
2025-01-30,0.00778521088661237
2025-01-31,-0.00510748691864117
2025-02-03,0.009624157918305934
2025-02-04,0.016112373839286626
2025-02-05,0.006108516670014752
2025-02-06,0.005200152915296849
2025-02-07,0.002122397271660707
2025-02-10,0.012433446668391246
2025-02-12,0.022102716191986928
2025-02-13,0.0066065346409202655
2025-02-14,0.01790210885437358
2025-02-17,0.01404339568723086
2025-02-19,0.006650894086087304
2025-02-20,0.008492236649297566
2025-02-21,0.003895082828734842
2025-02-25,0.0069160899587406505
2025-02-26,0.03524700585034583
2025-02-27,0.015395375288460673
2025-02-28,0.008369114708976767
2025-03-03,0.025468564579476112
2025-03-04,0.022490219905857797
2025-03-05,0.01883229489221727
2025-03-06,0.007840426287831553
2025-03-07,0.009128136880556605
2025-03-10,0.025310773890131463
2025-03-11,0.0008619897449631503
2025-03-12,0.016354197152058762
2025-03-13,0.009965446075049634
2025-03-14,0.00612872928117331
2025-03-17,0.007834092997310964
2025-03-18,0.024982661623988912
2025-03-19,0.0026103785397951435
2025-03-21,0.0023225175383240187
2025-03-24,0.004709903128172302
2025-03-25,0.01569610624804682
2025-03-26,0.004918878209079062
2025-03-27,0.00399289019803627
2025-03-28,0.013168076422840104
2025-03-31,0.011348121010512148
2025-04-01,0.007976452933706815
2025-04-02,0.005126811229630137
2025-04-03,-0.021577922572689926
2025-04-04,0.0023529571624879876
2025-04-07,0.0825080149037003
2025-04-08,0.06013208597282614
2025-04-09,0.012352711422735512
2025-04-10,0.1108240645635627
2025-04-11,0.06723380447516805
2025-04-14,-0.011704350301775683
2025-04-15,0.024839609051440135
2025-04-16,-0.0026289692372620473
2025-04-17,0.01330885750936908
2025-04-18,-0.0010392089737253731
2025-04-22,-0.011419176552115964
2025-04-23,0.01739517079887187
2025-04-24,0.009802127986178051
2025-04-25,0.01997524446074345
2025-04-28,-0.0047570911872227145
2025-04-30,0.002183719970009594
2025-05-01,0.006932631314921745
2025-05-02,0.004792926027494926
2025-05-07,0.013970095404620863
2025-05-08,0.005389781491039448
2025-05-09,0.03240459504671306
2025-05-12,0.03420404154545147
2025-05-13,0.017683499822385512
2025-05-14,0.03966698917367353
2025-05-15,0.0015123135282327416
2025-05-16,0.0059951333074693275
2025-05-19,0.01446242415548955
2025-05-20,0.00015119297383780388
2025-05-21,-0.0023516473382525684
2025-05-22,-0.002197066186783835
2025-05-23,0.00773301583917892
2025-05-26,0.00768264199689881
2025-05-28,0.003272061704338299
2025-05-29,-0.0027204947466119155
2025-05-30,0.0015846473917713036
2025-06-02,0.0009240909928383469
2025-06-03,0.010812970918810741
2025-06-04,0.009650046007385962
2025-06-05,-0.000581659510866151
2025-06-06,0.013520537402559034
2025-06-09,0.007023319235746115
2025-06-10,-0.00957032618359623
2025-06-11,-0.000606865351784121
2025-06-12,0.006302216405657052
2025-06-13,0.004628624778286296
2025-06-16,-0.01173895548206115
2025-06-17,0.0046046284351590385
2025-06-18,0.00016264847764824327
2025-06-19,0.007047738016803038
2025-06-23,0.0047968775762817625
2025-06-24,0.019867990917341132
2025-06-25,0.020097066420469316
2025-06-26,-0.0034477140441248723
2025-06-27,0.008063620984807276
2025-06-30,0.0025502360470881624
2025-07-01,0.00884212960553181
2025-07-02,0.007598173953159793
2025-07-03,0.0008803480530752542
2025-07-04,0.014486660977382222
2025-07-08,-0.001864637342453804
2025-07-09,0.019002118097634246
2025-07-10,0.0038410075046085203
2025-07-11,0.0010893771316165188
2025-07-14,-0.0065642610293822935
2025-07-15,0.0017706829397346915
2025-07-16,0.005104845133413747
2025-07-17,0.0017926057515359394
2025-07-18,0.004707869846926012
2025-07-22,-0.005163692344452296
2025-07-23,-0.013853030573536115
2025-07-24,-0.00955313156353709
2025-07-25,0.00044331019164126973
2025-07-28,0.007114662709659559
2025-07-29,-0.006238955512985164
2025-07-30,0.0014669367492064001
2025-07-31,0.011912720761660781
2025-08-01,0.010558582538114064
2025-08-04,-0.007731702212215507
2025-08-05,0.006175000699633412
2025-08-06,-0.003664690239383218
2025-08-07,0.006116243235153395
2025-08-08,0.005099079950590076
2025-08-12,0.006289368119662251
2025-08-13,0.006885911434292274
2025-08-14,0.0013676939484307412
2025-08-15,0.01807390817939481
2025-08-18,0.01850164812714178
2025-08-19,-0.013441194636691134
2025-08-20,0.0093273988876899
2025-08-21,-0.007026471938574119
2025-08-22,0.008668110294154357
2025-08-25,0.005064979557782163
2025-08-26,0.008872980280928889
2025-08-27,-0.0061498773270376
2025-08-28,0.005136655625094307
2025-08-29,0.004420576192373749
2025-09-01,0.0019303724153824477
2025-09-03,-0.001938744692933979
2025-09-04,0.017421470750040084
2025-09-05,0.0103349637826884
2025-09-08,0.009179509393363604
2025-09-09,-0.005192741669644339
2025-09-10,0.007828383024127765
2025-09-11,0.018631121437494
2025-09-12,0.011135279054302376
2025-09-16,-0.0032892585065055625
2025-09-17,0.009773105749854486
2025-09-18,0.007309657112227624
2025-09-19,0.020634069201462036
2025-09-22,-0.003191552698330814
2025-09-24,0.005928703531601138
2025-09-25,0.009761477782688105
2025-09-26,9.523427045254635e-05
2025-09-29,0.022275900011746883
2025-09-30,-0.007112655112619386
2025-10-01,0.00723220912103939
2025-10-02,0.022272355251468742
2025-10-03,-0.0017854879168999708
2025-10-06,0.062191757423718255
2025-10-07,0.011681035469263686
2025-10-08,0.006104333734568129
2025-10-09,0.0008821921147662657
2025-10-10,0.008740069025934305
2025-10-14,-0.014125830852387944
2025-10-15,0.010085911927449316
2025-10-16,0.009023902584258734
2025-10-17,0.005890984197953624
2025-10-20,0.01979543347055765
2025-10-21,0.03186783984728813
2025-10-22,0.006822272797562734
2025-10-23,0.018016312920362536
2025-10-29,0.00047958273070454645
2025-10-30,0.0075212230160738155
2025-10-31,-0.0014337827461559007
2025-11-04,0.008548018828685382
2025-11-05,0.002856145595379156
2025-11-06,0.012242053025127018
2025-11-07,-0.006446881146927697
2025-11-10,0.008610332972881055
2025-11-11,-0.0028736811558185762
2025-11-12,0.00856782954320731
2025-11-13,0.022021887419359943
2025-11-14,0.006812703668423001
2025-11-17,0.0032918243220825564
2025-11-18,0.02212704133432738
2025-11-19,0.02502112325230054
2025-11-20,0.009385302078965096
2025-11-21,0.025796165743975592
2025-11-25,0.006838476239560609
2025-11-26,0.005181087383471619
2025-11-27,0.003164581809682946
2025-12-01,0.019680209394905845
2025-12-02,0.01511560893109702
2025-12-03,0.010415648761520055
2025-12-04,0.0010477049538833673
2025-12-05,0.008285797698569443
2025-12-08,0.0019493661984333736
2025-12-09,-0.0027782668236182523
2025-12-10,-0.0005906991284477127
2025-12-11,0.005374796032722409
2025-12-12,0.029103441303497287
2025-12-15,0.01312717466423639
2025-12-16,0.023730788865894865
2025-12-17,0.011941685759320956
2025-12-18,0.015606057533640716
2025-12-19,0.017047956317169627
2025-12-22,0.02318092318689156
2025-12-23,0.02085369670544365
2025-12-24,0.006907277391347521
2025-12-25,0.0004929953871955873
2025-12-29,0.00012858855982751227
2025-12-30,0.02037047454155519
2026-01-05,0.013020639574081321
2026-01-06,0.010804936943567323
2026-01-07,0.013489734867087315
2026-01-08,-0.003223546996109301
2026-01-09,0.020869181692952446
2026-01-13,0.014848730989040626
2026-01-14,0.0009895009295456663
2026-01-15,0.008772027837671354
2026-01-16,-0.007914384120261644
2026-01-19,0.01950736725659266
2026-01-21,-0.0034357538175647856
2026-01-22,0.00220856023643753
2026-01-23,0.026958429420555676
2026-01-26,0.011695290070796687
2026-01-27,0.011247992896191517
2026-01-28,0.0018207567671531515
2026-01-29,0.020491745212513936
2026-01-30,0.01392202670151093
2026-02-02,0.030960771523014102
2026-02-03,0.036094495406458815
2026-02-04,0.03595288018479509
2026-02-05,0.04071484370268603
2026-02-06,0.021225803006510814
2026-02-09,0.037367681369791995
2026-02-10,0.01808478834276001
2026-02-12,0.01824994822052596
2026-02-13,0.036380678679020076
2026-02-16,-0.00019198409280198753
2026-02-18,0.010891095514774731
2026-02-19,0.011915175001486538
2026-02-20,-0.010280966352157112
2026-02-24,0.02609827087080008
2026-02-25,0.003941875474137638
2026-02-26,0.03201157894260102
2026-02-27,0.01817350569287768
2026-03-02,0.04842824949103592
2026-03-03,-0.011907482359383877
2026-03-04,-0.011311990399653258
2026-03-05,0.023444657377522368
2026-03-06,-0.026109358517041818
2026-03-09,0.02523587971719568
2026-03-10,0.020577562346779658
2026-03-11,-0.021706543701533257
2026-03-12,-0.001035317027838801
2026-03-13,-0.01289085833238352
2026-03-16,-0.009637781750146221
2026-03-17,-0.015531399790891912
2026-03-18,-0.0034967325643561423
2026-03-19,0.0024841728590218218
2026-03-23,-0.006857858556033731
2026-03-24,-0.007953910202134554
2026-03-25,-0.01644540956207828
2026-03-26,-0.013572434207900235
2026-03-27,0.0005547942287837729
2026-03-30,-0.02066158638809208
2026-03-31,0.013808554645450897
2026-04-01,0.010778773213195697
2026-04-02,-0.01231045978027118
2026-04-03,-0.009759750156942599
2026-04-07,-0.012202231177432887
2026-04-08,-0.031206476270264915
2026-04-09,-0.014496907704903503
2026-04-10,-0.012192584063178712
2026-04-13,0.003950378682198468
2026-04-14,0.014033354982140651
2026-04-15,-0.007194669318085791
2026-04-16,-0.011836349518760727
2026-04-17,-0.012097358086219367
2026-04-20,0.011131755842393381
2026-04-21,-0.01643381952129073
2026-04-22,-0.01873868027632132
2026-04-23,-0.016619021223066098
2026-04-24,-0.01211275588437465
2026-04-27,-0.02546790965498557
2026-04-28,-0.02865848771694286
2026-04-30,-0.031047389197266153
2026-05-01,-0.012374604642578942
2026-05-07,-0.01796964810531796
2026-05-08,-0.01572633573210483
2026-05-11,-0.030923897619331033
2026-05-12,0.0018654625581539137
2026-05-13,-0.044303333338455375
2026-05-14,-0.05669437757407654
2026-05-15,-0.013086604720357449
2026-05-18,-0.029755912189178894
2026-05-19,-0.02419295235931955
2026-05-20,0.003121826852820392
2026-05-21,-0.013215362351751272
2026-05-22,-0.03245729760111592
2026-05-25,-0.04199419347083104
2026-05-27,-0.029591851250646034
2026-05-28,-0.003934314843079115
2026-05-29,-0.0037788085706895206
2026-06-01,-0.05390312204091686
2026-06-02,-0.014975187322821916
2026-06-03,-0.022590962462544564
2026-06-04,-0.020941020789306007
2026-06-05,-0.02641552781218061
2026-06-08,-0.04848909956322421
2026-06-09,-0.006564788708920558
2026-06-10,-0.0174640493500618
2026-06-11,0.03531723923062109
2026-06-12,0.016047403642526926
2026-06-15,-0.034981578554904705
2026-06-16,-0.013643457377739143
2026-06-17,-0.013752255653182102
2026-06-18,-0.013589750888583683
2026-06-19,0.0014618433991961319
2026-06-23,-0.029290231245351954
2026-06-24,-0.007936390854140732
2026-06-25,-0.022873851002094485
2026-06-26,-0.023871378461587277
2026-06-29,0.003642890670736337
2026-06-30,-0.003378275132703396
2026-07-01,-0.0398555606564067
2026-07-02,-0.0034915617137921424
2026-07-03,0.010538364217456811
2026-07-07,-0.018086180334132083
2026-07-08,-0.04491720028459602
2026-07-09,-0.0018027691391095352
2026-07-10,-0.024368582358038477
2026-07-13,-0.006384221520027806
2026-07-14,-0.012911139578159394
2026-07-15,-0.005157413958864641
2026-07-16,-0.020546261288379383
2026-07-17,-0.03325624809798573
2026-07-21,-0.001520622921161013
2026-07-22,0.01282604509289818
2026-07-23,-0.008639810740648483
2026-07-24,-0.0077954817467967745
2026-07-27,-0.03018631279299835
2026-07-28,-0.06313369153514226
2026-07-29,-0.013753655333151545
