trade_date,daily_inventory_equity
2024-12-23,0.9961420096499749
2024-12-24,0.9933791243558383
2024-12-25,0.9994422822299133
2024-12-27,1.00648385670655
2024-12-30,1.0061110741338068
2025-01-06,1.0016358520050392
2025-01-07,1.023391214892822
2025-01-08,1.0134285574079236
2025-01-09,1.000231573463302
2025-01-14,1.0058768453675206
2025-01-15,1.0212383391233093
2025-01-16,1.029297890508649
2025-01-17,1.0291065171188667
2025-01-20,1.0325048855630616
2025-01-22,1.049488462150782
2025-01-23,1.0598127489788833
2025-01-24,1.0559160648934363
2025-01-27,1.081629457899371
2025-01-28,1.0896766930650794
2025-01-29,1.0928565142553688
2025-01-30,1.0990807258566453
2025-01-31,1.0914847247636354
2025-02-03,1.0990502895206815
2025-02-04,1.1138421001794065
2025-02-05,1.118183866856453
2025-02-06,1.1214057580953845
2025-02-07,1.1215086702469623
2025-02-10,1.1329032917810613
2025-02-12,1.1550027158406633
2025-02-13,1.1592223603680945
2025-02-14,1.1766489299344423
2025-02-17,1.189864221476363
2025-02-19,1.195582833744254
2025-02-20,1.2025656733390353
2025-02-21,1.204406596933287
2025-02-25,1.2089962224797584
2025-02-26,1.2482629617210068
2025-02-27,1.2647748884077388
2025-02-28,1.2721031144431207
2025-03-03,1.300070512907081
2025-03-04,1.3257239500974913
2025-03-05,1.3477791524733314
2025-03-06,1.3551014719100116
2025-03-07,1.364055628324706
2025-03-10,1.3949623683752512
2025-03-11,1.3937268741060271
2025-03-12,1.4134751768084737
2025-03-13,1.4246056231414568
2025-03-14,1.4297411277167902
2025-03-17,1.4369963366484677
2025-03-18,1.4694367077351456
2025-03-19,1.4697095184038358
2025-03-21,1.4698759424011496
2025-03-24,1.472885002790506
2025-03-25,1.4928183723761905
2025-03-26,1.4971648835789215
2025-03-27,1.4997811637041025
2025-03-28,1.5165404145497376
2025-03-31,1.5295695299060137
2025-04-01,1.5385171659423746
2025-04-02,1.542636008545803
2025-04-03,1.5049308101964787
2025-04-04,1.5048002818665
2025-04-07,1.6252979852824105
2025-04-08,1.7198312319546956
2025-04-09,1.7376816126291255
2025-04-10,1.926104255541825
2025-04-11,2.0509753673385838
2025-04-14,2.02234899376334
2025-04-15,2.068297363508409
2025-04-16,2.0589041439055107
2025-04-17,2.0812916079183252
2025-04-18,2.0740502128862146
2025-04-22,2.044308773670145
2025-04-23,2.0734756007184107
2025-04-24,2.087567061272467
2025-04-25,2.1237972845394166
2025-04-28,2.109645399497494
2025-04-30,2.1095102147266416
2025-05-01,2.119977731601553
2025-05-02,2.1242523793144503
2025-05-07,2.1473348581954497
2025-05-08,2.1550067610701853
2025-05-09,2.219847661966285
2025-05-12,2.2893346507846566
2025-05-13,2.3253894494407596
2025-05-14,2.4121586529305126
2025-05-15,2.4115446631409556
2025-05-16,2.4207323545790267
2025-05-19,2.4506780751432427
2025-05-20,2.4460143687785934
2025-05-21,2.4363020109917732
2025-05-22,2.427380024868994
2025-05-23,2.4416565158966557
2025-05-26,2.453908524236734
2025-05-28,2.455890566570557
2025-05-29,2.4442626717590894
2025-05-30,2.4404936815856377
2025-06-02,2.4371334092731916
2025-06-03,2.4575439981624387
2025-06-04,2.4765286111747686
2025-06-05,2.468689745207094
2025-06-06,2.4955862242074422
2025-06-09,2.5060570830597686
2025-06-10,2.476531613280484
2025-06-11,2.47036524987618
2025-06-12,2.480763926288297
2025-06-13,2.487450495261371
2025-06-16,2.452195665538331
2025-06-17,2.458057832156647
2025-06-18,2.4519826317755427
2025-06-19,2.4645138312871246
2025-06-23,2.4708943536311043
2025-06-24,2.5133383642649627
2025-06-25,2.5579275472013556
2025-06-26,2.543669514632894
2025-06-27,2.559351049086331
2025-06-30,2.560055724704608
2025-07-01,2.578033267120646
2025-07-02,2.592438109696807
2025-07-03,2.5898360392787776
2025-07-04,2.621638419658662
2025-07-08,2.610210661892086
2025-07-09,2.652934707426314
2025-07-10,2.656947628630236
2025-07-11,2.65479004479225
2025-07-14,2.6295448627357816
2025-07-15,2.627888282142842
2025-07-16,2.63523990896542
2025-07-17,2.6344662485951376
2025-07-18,2.6411633426368244
2025-07-22,2.621072045188656
2025-07-23,2.5798532614712655
2025-07-24,2.5498065576767983
2025-07-25,2.546028766553611
2025-07-28,2.5570389181094626
2025-07-29,2.534075493901042
2025-07-30,2.530596117860472
2025-07-31,2.5547547275939104
2025-08-01,2.577051635567358
2025-08-04,2.54818509964055
2025-08-05,2.558462116917202
2025-08-06,2.54336578777595
2025-08-07,2.5520099400558
2025-08-08,2.558029102222421
2025-08-12,2.5652991646777057
2025-08-13,2.575697549672865
2025-08-14,2.5733096844818864
2025-08-15,2.6145431446133838
2025-08-18,2.6549760199384407
2025-08-19,2.612069992035632
2025-08-20,2.629870441683054
2025-08-21,2.6059459745465174
2025-08-22,2.6231494606145906
2025-08-25,2.629220359273542
2025-08-26,2.647133407284765
2025-08-27,2.6256013061483268
2025-08-28,2.6338241669673534
2025-08-29,2.6400467160576992
2025-09-01,2.638866433812759
2025-09-03,2.627451925187819
2025-09-04,2.6662824359727146
2025-09-05,2.6882381735413983
2025-09-08,2.7075796291679017
2025-09-09,2.6886727031017617
2025-09-10,2.7037919713403245
2025-09-11,2.747316195881088
2025-09-12,2.771257630387364
2025-09-16,2.7539562518903296
2025-09-17,2.7747348328595867
2025-09-18,2.7896427021523147
2025-09-19,2.8401934873635204
2025-09-22,2.8228541287020703
2025-09-24,2.831924502265408
2025-09-25,2.8546946908270074
2025-09-26,2.848351508428064
2025-09-29,2.901901399040094
2025-09-30,2.8756232473571983
2025-10-01,2.8900021771650684
2025-10-02,2.9482755521504926
2025-10-03,2.9377062055308274
2025-10-06,3.11190298166668
2025-10-07,3.13898685282584
2025-10-08,3.1513354180250026
2025-10-09,3.1467967859388755
2025-10-10,3.1662059505980427
2025-10-14,3.112629246134754
2025-10-15,3.137337163243169
2025-10-16,3.158715672120357
2025-10-17,3.170754307417459
2025-10-20,3.2253619409725784
2025-10-21,3.3204478395551877
2025-10-22,3.3365258747631366
2025-10-23,3.3887879913080132
2025-10-29,3.378854964786549
2025-10-30,3.3966545404340946
2025-10-31,3.38172075456803
2025-11-04,3.398180953792487
2025-11-05,3.400652737758966
2025-11-06,3.436171518546428
2025-11-07,3.404410122556831
2025-11-10,3.424340367702608
2025-11-11,3.4060343691273802
2025-11-12,3.4262397321627756
2025-11-13,3.493775975892066
2025-11-14,3.5086787342474
2025-11-17,3.5094338841469934
2025-11-18,3.5803891666299164
2025-11-19,3.6628700732077415
2025-11-20,3.6882746667352766
2025-11-21,3.7733376454474983
2025-11-25,3.7878360438253216
2025-11-26,3.797092289296496
2025-11-27,3.801056577676302
2025-12-01,3.864707153858036
2025-12-02,3.914833104127588
2025-12-03,3.947287056333183
2025-12-04,3.943682009757526
2025-12-05,3.9684517308305214
2025-12-08,3.965349181036219
2025-12-09,3.9460527149517803
2025-12-10,3.935404273133299
2025-12-11,3.9466754374172193
2025-12-12,4.051430325430525
2025-12-15,4.0943267691896725
2025-12-16,4.18069294653914
2025-12-17,4.222757786309739
2025-12-18,4.279432472940162
2025-12-19,4.33978047029006
2025-12-22,4.428093889003969
2025-12-23,4.509174730663402
2025-12-24,4.53268534741564
2025-12-25,4.5265191847204855
2025-12-29,4.514918760343178
2025-12-30,4.5960094743477535
2026-01-05,4.640007338215176
2026-01-06,4.681252741192233
2026-01-07,4.733357553338381
2026-01-08,4.708338212730241
2026-01-09,4.792661699801709
2026-01-13,4.8492661393683365
2026-01-14,4.845656204742249
2026-01-15,4.876353721535941
2026-01-16,4.827491017540796
2026-01-19,4.910152398371533
2026-01-21,4.87817088666319
2026-01-22,4.8786893206109925
2026-01-23,4.997491952634717
2026-01-26,5.040440278933211
2026-01-27,5.086459767882883
2026-01-28,5.087411423136283
2026-01-29,5.181344000704003
2026-01-30,5.241332761800288
2026-02-02,5.387052677548417
2026-02-03,5.566785835079905
2026-02-04,5.750955725051785
2026-02-05,5.972215667932461
2026-02-06,6.085312716751788
2026-02-09,6.296690716965687
2026-02-10,6.394217431539122
2026-02-12,6.498601742388544
2026-02-13,6.722686055817304
2026-02-16,6.7073492101625
2026-02-18,6.763152871230508
2026-02-19,6.829416162704476
2026-02-20,6.7406280017653115
2026-02-24,6.896618888082029
2026-02-25,6.906029237472033
2026-02-26,7.109344687125155
2026-02-27,7.2190766336651055
2026-03-02,7.5459289596200145
2026-03-03,7.434994689170223
2026-03-04,7.331242384155174
2026-03-05,7.484991535686821
2026-03-06,7.275393759203156
2026-03-09,7.439598642360762
2026-03-10,7.570562360763319
2026-03-11,7.391977160166025
2026-03-12,7.364984901848972
2026-03-13,7.250845597108949
2026-03-16,7.158170051473496
2026-03-17,7.025652677806444
2026-03-18,6.983448865962314
2026-03-19,6.984531212980253
2026-03-23,6.919960538783386
2026-03-24,6.846176701656212
2026-03-25,6.720706047664882
2026-03-26,6.6129101455536805
2026-03-27,6.59790360327149
2026-03-30,6.440530692083728
2026-03-31,6.5148931624810436
2026-04-01,6.570691134068261
2026-04-02,6.4785937167493675
2026-04-03,6.398445189632217
2026-04-07,6.295373521728046
2026-04-08,6.081945038894213
2026-04-09,5.97786808306048
2026-04-10,5.892095208886081
2026-04-13,5.89797577019425
2026-04-14,5.962000267243814
2026-04-15,5.904488554625067
2026-04-16,5.821461338018805
2026-04-17,5.735530516358658
2026-04-20,5.78472224542525
2026-04-21,5.67787631006281
2026-04-22,5.560295523313022
2026-04-23,5.4552807115619615
2026-04-24,5.374317486066797
2026-04-27,5.219149826488289
2026-04-28,5.057941279719538
2026-04-30,4.887352894087323
2026-05-01,4.81223000428688
2026-05-07,4.704917926991704
2026-05-08,4.622532442401938
2026-05-11,4.465519443234626
2026-05-12,4.460768574139058
2026-05-13,4.250790774346391
2026-05-14,3.998400192423964
2026-05-15,3.9349621271185122
2026-05-18,3.8050569711564375
2026-05-19,3.703420665785569
2026-05-20,3.7058295318837975
2026-05-21,3.6466069401100825
2026-05-22,3.520472879701129
2026-05-25,3.3631071795445515
2026-05-27,3.2538510579250746
2026-05-28,3.233749483498887
2026-05-29,3.212248496247305
2026-06-01,3.031212610050154
2026-06-02,2.9784223024482563
2026-06-03,2.9025609632873146
2026-06-04,2.8336275858160738
2026-06-05,2.752185921855193
2026-06-08,2.611013512439335
2026-06-09,2.5859015929542117
2026-06-10,2.535422892322716
2026-06-11,2.618170596278331
2026-06-12,2.6519579952549424
2026-06-15,2.552373495905622
2026-06-16,2.5118501473367614
2026-06-17,2.47084787454731
2026-06-18,2.4318022224768487
2026-06-19,2.4282424666152957
2026-06-23,2.349960162818595
2026-06-24,2.324988636029476
2026-06-25,2.2648553878912825
2026-06-26,2.203460961725718
2026-06-29,2.204776953486686
2026-06-30,2.1906553715191075
2026-07-01,2.0970888524595948
2026-07-02,2.084060520450464
2026-07-03,2.102472373373246
2026-07-07,2.058376428055147
2026-07-08,1.9608275389006593
2026-07-09,1.9517010363495602
2026-07-10,1.8993581081440898
2026-07-13,1.8818364714013853
2026-07-14,1.8537248007538722
2026-07-15,1.8391771082534871
2026-07-16,1.798012795449747
2026-07-17,1.7344396712252172
2026-07-21,1.7266042124197662
2026-07-22,1.7443196641993417
2026-07-23,1.7253425648945873
2026-07-24,1.7078357794931183
2026-07-27,1.6519445948254954
2026-07-28,1.5441210739545215
2026-07-29,1.5175998898654148
