trade_date,daily_effective_net_exps
2024-12-23,3.247402347028583e-16
2024-12-24,-6.314393452555578e-17
2024-12-25,2.886579864025407e-16
2024-12-27,-2.525757381022231e-16
2024-12-30,1.4432899320127036e-16
2025-01-06,1.8041124150158794e-17
2025-01-07,5.4123372450476386e-17
2025-01-08,-1.2628786905111155e-16
2025-01-09,2.706168622523819e-16
2025-01-14,0.0
2025-01-15,-5.4123372450476386e-17
2025-01-16,1.0824674490095277e-16
2025-01-17,-1.4432899320127036e-16
2025-01-20,2.886579864025407e-16
2025-01-22,1.4432899320127036e-16
2025-01-23,0.0
2025-01-24,2.1649348980190555e-16
2025-01-27,-3.969047313034935e-16
2025-01-28,-1.6237011735142916e-16
2025-01-29,1.0824674490095277e-16
2025-01-30,1.4432899320127036e-16
2025-01-31,2.886579864025407e-16
2025-02-03,0.0
2025-02-04,1.0824674490095277e-16
2025-02-05,1.4432899320127036e-16
2025-02-06,-1.8041124150158794e-16
2025-02-07,-1.0824674490095277e-16
2025-02-10,-1.0824674490095277e-16
2025-02-12,3.608224830031759e-17
2025-02-13,1.8041124150158794e-16
2025-02-14,1.0824674490095277e-16
2025-02-17,1.4432899320127036e-16
2025-02-19,7.216449660063518e-17
2025-02-20,2.1649348980190555e-16
2025-02-21,1.0824674490095277e-16
2025-02-25,1.4432899320127036e-16
2025-02-26,3.608224830031759e-16
2025-02-27,-2.706168622523819e-16
2025-02-28,-2.1649348980190555e-16
2025-03-03,1.2628786905111155e-16
2025-03-04,2.525757381022231e-16
2025-03-05,0.0
2025-03-06,-1.2628786905111155e-16
2025-03-07,-7.216449660063518e-17
2025-03-10,3.247402347028583e-16
2025-03-11,2.3453461395206435e-16
2025-03-12,0.0
2025-03-13,-7.216449660063518e-17
2025-03-14,-7.216449660063518e-17
2025-03-17,-2.1649348980190555e-16
2025-03-18,7.216449660063518e-17
2025-03-19,-3.608224830031759e-16
2025-03-21,-1.4432899320127036e-16
2025-03-24,-1.8041124150158794e-17
2025-03-25,-2.1649348980190555e-16
2025-03-26,7.216449660063518e-17
2025-03-27,2.706168622523819e-16
2025-03-28,-1.0824674490095277e-16
2025-03-31,1.0824674490095277e-16
2025-04-01,9.020562075079397e-18
2025-04-02,-2.525757381022231e-16
2025-04-03,-2.1649348980190555e-16
2025-04-04,-7.216449660063518e-17
2025-04-07,5.4123372450476386e-17
2025-04-08,1.8041124150158794e-16
2025-04-09,-2.886579864025407e-16
2025-04-10,1.2628786905111155e-16
2025-04-11,-7.216449660063518e-17
2025-04-14,1.6237011735142916e-16
2025-04-15,3.608224830031759e-17
2025-04-16,1.2628786905111155e-16
2025-04-17,0.0
2025-04-18,5.4123372450476386e-17
2025-04-22,-2.1649348980190555e-16
2025-04-23,-3.608224830031759e-16
2025-04-24,-7.216449660063518e-17
2025-04-25,3.608224830031759e-17
2025-04-28,-9.020562075079397e-17
2025-04-30,-1.4432899320127036e-16
2025-05-01,-2.1649348980190555e-16
2025-05-02,3.608224830031759e-16
2025-05-07,0.0
2025-05-08,-2.1649348980190555e-16
2025-05-09,-1.8041124150158794e-16
2025-05-12,-2.886579864025407e-16
2025-05-13,5.051514762044462e-16
2025-05-14,-1.0373646386341307e-16
2025-05-15,-1.4432899320127036e-16
2025-05-16,2.3453461395206435e-16
2025-05-19,-1.0824674490095277e-16
2025-05-20,-3.608224830031759e-17
2025-05-21,7.216449660063518e-17
2025-05-22,-1.4432899320127036e-16
2025-05-23,7.216449660063518e-17
2025-05-26,0.0
2025-05-28,2.1649348980190555e-16
2025-05-29,-3.608224830031759e-17
2025-05-30,1.8041124150158794e-17
2025-06-02,-1.4432899320127036e-16
2025-06-03,-2.525757381022231e-16
2025-06-04,-1.0824674490095277e-16
2025-06-05,0.0
2025-06-06,3.608224830031759e-17
2025-06-09,-3.608224830031759e-17
2025-06-10,1.4432899320127036e-16
2025-06-11,7.216449660063518e-17
2025-06-12,2.1649348980190555e-16
2025-06-13,1.4432899320127036e-16
2025-06-16,3.608224830031759e-16
2025-06-17,-7.216449660063518e-17
2025-06-18,2.1649348980190555e-16
2025-06-19,-3.247402347028583e-16
2025-06-23,-7.216449660063518e-17
2025-06-24,3.969047313034935e-16
2025-06-25,0.0
2025-06-26,-1.0824674490095277e-16
2025-06-27,2.525757381022231e-16
2025-06-30,-2.1649348980190555e-16
2025-07-01,2.3453461395206435e-16
2025-07-02,-7.216449660063518e-17
2025-07-03,1.6237011735142916e-16
2025-07-04,9.020562075079397e-17
2025-07-08,-1.0824674490095277e-16
2025-07-09,2.886579864025407e-16
2025-07-10,1.4432899320127036e-16
2025-07-11,3.247402347028583e-16
2025-07-14,1.8041124150158794e-16
2025-07-15,2.1649348980190555e-16
2025-07-16,2.886579864025407e-16
2025-07-17,-1.4432899320127036e-16
2025-07-18,7.216449660063518e-17
2025-07-22,1.0824674490095277e-16
2025-07-23,-2.1649348980190555e-16
2025-07-24,2.1649348980190555e-16
2025-07-25,7.216449660063518e-17
2025-07-28,-1.4432899320127036e-16
2025-07-29,0.0
2025-07-30,1.0824674490095277e-16
2025-07-31,-2.886579864025407e-16
2025-08-01,5.051514762044462e-16
2025-08-04,-2.1649348980190555e-16
2025-08-05,9.020562075079397e-17
2025-08-06,7.216449660063518e-17
2025-08-07,-1.4432899320127036e-16
2025-08-08,1.5334955527634976e-16
2025-08-12,-5.412337245047638e-16
2025-08-13,7.216449660063518e-17
2025-08-14,7.216449660063518e-17
2025-08-15,-3.157196726277789e-16
2025-08-18,-7.216449660063518e-17
2025-08-19,2.1649348980190555e-16
2025-08-20,-7.216449660063518e-17
2025-08-21,6.314393452555578e-17
2025-08-22,1.2628786905111155e-16
2025-08-25,1.0824674490095277e-16
2025-08-26,3.608224830031759e-17
2025-08-27,-1.4432899320127036e-16
2025-08-28,-3.969047313034935e-16
2025-08-29,3.608224830031759e-17
2025-09-01,1.0824674490095277e-16
2025-09-03,0.0
2025-09-04,0.0
2025-09-05,-2.1649348980190555e-16
2025-09-08,-1.0824674490095277e-16
2025-09-09,1.4432899320127036e-16
2025-09-10,-1.4432899320127036e-16
2025-09-11,7.216449660063518e-17
2025-09-12,-1.8041124150158794e-17
2025-09-16,0.0
2025-09-17,1.0824674490095277e-16
2025-09-18,2.886579864025407e-16
2025-09-19,3.608224830031759e-17
2025-09-22,0.0
2025-09-24,-1.0824674490095277e-16
2025-09-25,0.0
2025-09-26,7.216449660063518e-17
2025-09-29,-7.216449660063518e-17
2025-09-30,1.2628786905111155e-16
2025-10-01,0.0
2025-10-02,3.608224830031759e-17
2025-10-03,1.0824674490095277e-16
2025-10-06,-1.0824674490095277e-16
2025-10-07,4.329869796038111e-16
2025-10-08,-2.1649348980190555e-16
2025-10-09,4.690692279041287e-16
2025-10-10,1.8041124150158794e-16
2025-10-14,-1.0824674490095277e-16
2025-10-15,-3.608224830031759e-16
2025-10-16,-1.2628786905111155e-16
2025-10-17,3.608224830031759e-17
2025-10-20,3.247402347028583e-16
2025-10-21,0.0
2025-10-22,1.0824674490095277e-16
2025-10-23,-1.4432899320127036e-16
2025-10-29,1.8041124150158794e-16
2025-10-30,1.0824674490095277e-16
2025-10-31,-2.1649348980190555e-16
2025-11-04,-1.4432899320127036e-16
2025-11-05,3.788636071533347e-16
2025-11-06,0.0
2025-11-07,-5.051514762044462e-16
2025-11-10,4.871103520542875e-16
2025-11-11,-7.216449660063518e-17
2025-11-12,0.0
2025-11-13,-1.4432899320127036e-16
2025-11-14,-1.4432899320127036e-16
2025-11-17,1.4432899320127036e-16
2025-11-18,3.066991105526995e-16
2025-11-19,0.0
2025-11-20,1.0824674490095277e-16
2025-11-21,3.969047313034935e-16
2025-11-25,1.8041124150158794e-16
2025-11-26,3.608224830031759e-17
2025-11-27,-3.608224830031759e-17
2025-12-01,1.4432899320127036e-16
2025-12-02,0.0
2025-12-03,-3.608224830031759e-17
2025-12-04,2.1649348980190555e-16
2025-12-05,7.216449660063518e-17
2025-12-08,2.886579864025407e-16
2025-12-09,-1.0824674490095277e-16
2025-12-10,-2.886579864025407e-16
2025-12-11,1.4432899320127036e-16
2025-12-12,-7.216449660063518e-17
2025-12-15,1.4432899320127036e-16
2025-12-16,1.8041124150158794e-16
2025-12-17,-7.216449660063518e-17
2025-12-18,1.1726730697603217e-16
2025-12-19,-1.8041124150158794e-17
2025-12-22,-2.886579864025407e-16
2025-12-23,4.329869796038111e-16
2025-12-24,-9.020562075079397e-17
2025-12-25,1.4432899320127036e-16
2025-12-29,3.969047313034935e-16
2025-12-30,-3.247402347028583e-16
2026-01-05,0.0
2026-01-06,2.1649348980190555e-16
2026-01-07,-3.608224830031759e-17
2026-01-08,9.020562075079397e-17
2026-01-09,3.608224830031759e-17
2026-01-13,-1.2628786905111155e-16
2026-01-14,4.690692279041287e-16
2026-01-15,7.216449660063518e-17
2026-01-16,0.0
2026-01-19,-3.969047313034935e-16
2026-01-21,3.608224830031759e-17
2026-01-22,7.216449660063518e-17
2026-01-23,3.608224830031759e-16
2026-01-26,7.216449660063518e-17
2026-01-27,-4.2396641752873166e-16
2026-01-28,-3.608224830031759e-17
2026-01-29,1.4432899320127036e-16
2026-01-30,3.247402347028583e-16
2026-02-02,-2.886579864025407e-16
2026-02-03,-2.886579864025407e-16
2026-02-04,3.608224830031759e-16
2026-02-05,-7.216449660063518e-17
2026-02-06,-2.886579864025407e-16
2026-02-09,2.1649348980190555e-16
2026-02-10,0.0
2026-02-12,-4.465178227164302e-16
2026-02-13,-2.1649348980190555e-16
2026-02-16,-3.608224830031759e-17
2026-02-18,-7.216449660063518e-17
2026-02-19,-1.4432899320127036e-16
2026-02-20,3.608224830031759e-17
2026-02-24,2.1649348980190555e-16
2026-02-25,1.8041124150158794e-17
2026-02-26,2.886579864025407e-16
2026-02-27,2.1649348980190555e-16
2026-03-02,0.0
2026-03-03,1.2628786905111155e-16
2026-03-04,5.4123372450476386e-17
2026-03-05,2.1649348980190555e-16
2026-03-06,-9.020562075079397e-17
2026-03-09,-3.608224830031759e-16
2026-03-10,-2.886579864025407e-16
2026-03-11,-3.608224830031759e-17
2026-03-12,0.0
2026-03-13,0.0
2026-03-16,-2.525757381022231e-16
2026-03-17,1.4432899320127036e-16
2026-03-18,-1.8041124150158794e-16
2026-03-19,-3.608224830031759e-17
2026-03-23,2.886579864025407e-16
2026-03-24,7.216449660063518e-17
2026-03-25,-1.4432899320127036e-16
2026-03-26,-1.0824674490095277e-16
2026-03-27,-1.8041124150158794e-16
2026-03-30,3.969047313034935e-16
2026-03-31,-1.8041124150158794e-16
2026-04-01,0.0
2026-04-02,2.1649348980190555e-16
2026-04-03,1.4432899320127036e-16
2026-04-07,3.608224830031759e-16
2026-04-08,1.6237011735142916e-16
2026-04-09,1.4432899320127036e-16
2026-04-10,-2.886579864025407e-16
2026-04-13,2.1649348980190555e-16
2026-04-14,-1.0824674490095277e-16
2026-04-15,-1.4432899320127036e-16
2026-04-16,3.608224830031759e-17
2026-04-17,0.0
2026-04-20,2.886579864025407e-16
2026-04-21,2.706168622523819e-16
2026-04-22,-2.706168622523819e-16
2026-04-23,-1.2628786905111155e-16
2026-04-24,-1.8041124150158794e-16
2026-04-27,1.4432899320127036e-16
2026-04-28,0.0
2026-04-30,1.4432899320127036e-16
2026-05-01,2.1649348980190555e-16
2026-05-07,0.0
2026-05-08,-2.0747292772682614e-16
2026-05-11,-2.1649348980190555e-16
2026-05-12,0.0
2026-05-13,-1.8041124150158794e-17
2026-05-14,1.4432899320127036e-16
2026-05-15,-3.969047313034935e-16
2026-05-18,-1.8041124150158794e-17
2026-05-19,2.886579864025407e-16
2026-05-20,-1.2628786905111155e-16
2026-05-21,-3.608224830031759e-17
2026-05-22,0.0
2026-05-25,0.0
2026-05-27,1.4432899320127036e-16
2026-05-28,-7.216449660063518e-17
2026-05-29,-1.0824674490095277e-16
2026-06-01,3.608224830031759e-16
2026-06-02,1.8041124150158794e-17
2026-06-03,2.886579864025407e-16
2026-06-04,1.9845236565174674e-16
2026-06-05,0.0
2026-06-08,1.8041124150158794e-16
2026-06-09,-3.608224830031759e-17
2026-06-10,-3.247402347028583e-16
2026-06-11,4.329869796038111e-16
2026-06-12,2.3453461395206435e-16
2026-06-15,9.020562075079397e-17
2026-06-16,-1.4432899320127036e-16
2026-06-17,-1.8041124150158794e-16
2026-06-18,-7.216449660063518e-17
2026-06-19,0.0
2026-06-23,-3.608224830031759e-17
2026-06-24,-1.8041124150158794e-16
2026-06-25,-3.608224830031759e-17
2026-06-26,-9.020562075079397e-17
2026-06-29,2.1649348980190555e-16
2026-06-30,1.8041124150158794e-16
2026-07-01,-3.608224830031759e-16
2026-07-02,7.216449660063518e-17
2026-07-03,2.1649348980190555e-16
2026-07-07,3.247402347028583e-16
2026-07-08,-3.247402347028583e-16
2026-07-09,5.051514762044462e-16
2026-07-10,1.0824674490095277e-16
2026-07-13,2.1649348980190555e-16
2026-07-14,3.608224830031759e-17
2026-07-15,0.0
2026-07-16,1.4432899320127036e-16
2026-07-17,-3.608224830031759e-17
2026-07-21,-1.6237011735142916e-16
2026-07-22,1.6237011735142916e-16
2026-07-23,1.0824674490095277e-16
2026-07-24,-7.216449660063518e-17
2026-07-27,-3.4278135885301707e-16
2026-07-28,1.0824674490095277e-16
2026-07-29,4.329869796038111e-16
