trade_date,daily_financing_costs
2024-12-23,0.0
2024-12-24,6.743801483412219e-05
2024-12-25,5.037859652204332e-05
2024-12-27,9.920474004990636e-05
2024-12-30,0.0002014688584916377
2025-01-06,0.0004650400199647876
2025-01-07,4.957015390380471e-05
2025-01-08,6.549500259503444e-05
2025-01-09,6.711054309278307e-05
2025-01-14,0.0002501090317804992
2025-01-15,4.972502397210665e-05
2025-01-16,4.944287098850566e-05
2025-01-17,4.972876603692505e-05
2025-01-20,0.00015147237774321346
2025-01-22,0.00010031594991858706
2025-01-23,4.981395243031844e-05
2025-01-24,6.668654052213224e-05
2025-01-27,0.0002014098025439441
2025-01-28,4.9544239623675074e-05
2025-01-29,5.0152223597903075e-05
2025-01-30,5.028870483478976e-05
2025-01-31,5.024324042835792e-05
2025-02-03,0.00015135413709272698
2025-02-04,4.977992624458683e-05
2025-02-05,6.566848553903734e-05
2025-02-06,4.989219836783539e-05
2025-02-07,5.002787102037173e-05
2025-02-10,0.00015028733547099948
2025-02-12,9.969497632920804e-05
2025-02-13,6.567365570886505e-05
2025-02-14,6.712754787311457e-05
2025-02-17,0.0001973529725406651
2025-02-19,9.991500774387307e-05
2025-02-20,4.9895468327855245e-05
2025-02-21,6.62446266775043e-05
2025-02-25,0.0002009813208147743
2025-02-26,6.7618389890684e-05
2025-02-27,6.512044377776494e-05
2025-02-28,5.0149729816005776e-05
2025-03-03,0.00020051098189636282
2025-03-04,6.61293410282178e-05
2025-03-05,6.584647964683929e-05
2025-03-06,5.020054439049597e-05
2025-03-07,6.695673258127819e-05
2025-03-10,0.00015066577524787338
2025-03-11,4.959605896536271e-05
2025-03-12,5.009873834150078e-05
2025-03-13,5.047699532147184e-05
2025-03-14,6.636571466743633e-05
2025-03-17,0.000201435682658729
2025-03-18,5.018985770053826e-05
2025-03-19,6.555689888867284e-05
2025-03-21,0.00013516047185697545
2025-03-24,0.00015107444137039462
2025-03-25,4.971629338552504e-05
2025-03-26,6.596770120509933e-05
2025-03-27,6.65308060634049e-05
2025-03-28,5.056138878680845e-05
2025-03-31,0.00019812040064514633
2025-04-01,6.567079813192596e-05
2025-04-02,4.9517961508244714e-05
2025-04-03,6.553134325062049e-05
2025-04-04,6.846372870671182e-05
2025-04-07,0.0001516962338252365
2025-04-08,4.959398369074794e-05
2025-04-09,4.851112423075848e-05
2025-04-10,6.56520901622307e-05
2025-04-11,4.729473902128762e-05
2025-04-14,0.0001982345984970881
2025-04-15,5.068139155938145e-05
2025-04-16,6.616054832204309e-05
2025-04-17,5.0066047395696876e-05
2025-04-18,6.742235010115688e-05
2025-04-22,0.00020380476961477035
2025-04-23,6.787849724003054e-05
2025-04-24,6.601277403202412e-05
2025-04-25,6.588658461468222e-05
2025-04-28,0.00019910370647113464
2025-04-30,0.00010080223475830932
2025-05-01,5.017035556419709e-05
2025-05-02,5.013392518363729e-05
2025-05-07,0.0003341744220168282
2025-05-08,4.9567779623843986e-05
2025-05-09,5.0033206614652674e-05
2025-05-12,0.00019688517773485791
2025-05-13,6.568791917371691e-05
2025-05-14,4.890057032931177e-05
2025-05-15,6.478035141257904e-05
2025-05-16,5.029472263405279e-05
2025-05-19,0.00015015209259156025
2025-05-20,5.0021883066737594e-05
2025-05-21,4.958626091265409e-05
2025-05-22,5.054760645595112e-05
2025-05-23,5.052497004611903e-05
2025-05-26,0.00015035722130539084
2025-05-28,0.0001000801020098864
2025-05-29,4.971361082808214e-05
2025-05-30,6.702564379001749e-05
2025-06-02,0.00020286300334361836
2025-06-03,5.016811417779992e-05
2025-06-04,4.949998735666624e-05
2025-06-05,4.987069764623632e-05
2025-06-06,6.67665776293583e-05
2025-06-09,0.0001497876825260339
2025-06-10,6.660590282954548e-05
2025-06-11,6.705165227000823e-05
2025-06-12,5.004503248678792e-05
2025-06-13,4.99617822121055e-05
2025-06-16,0.00014999115366192022
2025-06-17,5.019270678912375e-05
2025-06-18,6.690480192178022e-05
2025-06-19,6.763579062671678e-05
2025-06-23,0.0001996713802968243
2025-06-24,4.999772990136543e-05
2025-06-25,6.56692568364575e-05
2025-06-26,4.940046310789505e-05
2025-06-27,5.047074771477592e-05
2025-06-30,0.00014992976995140621
2025-07-01,4.9780554029099386e-05
2025-07-02,4.983681280527925e-05
2025-07-03,5.028951560135051e-05
2025-07-04,5.0246716518031966e-05
2025-07-08,0.00019793856774939994
2025-07-09,5.0463366760738615e-05
2025-07-10,6.639345781887926e-05
2025-07-11,4.966248678357307e-05
2025-07-14,0.00015002400511328264
2025-07-15,6.77130547710665e-05
2025-07-16,6.636432949317781e-05
2025-07-17,6.677258804457792e-05
2025-07-18,5.04675038609559e-05
2025-07-22,0.00019922071980907265
2025-07-23,5.021265515322544e-05
2025-07-24,5.172195289415307e-05
2025-07-25,5.08120483809512e-05
2025-07-28,0.00014970688518504158
2025-07-29,6.634738962230589e-05
2025-07-30,6.702359053140723e-05
2025-07-31,6.720760841346326e-05
2025-08-01,5.000364495215869e-05
2025-08-04,0.00020117590956595142
2025-08-05,6.831667229105387e-05
2025-08-06,5.021604513815677e-05
2025-08-07,5.0880819932801065e-05
2025-08-08,6.699815533474173e-05
2025-08-12,0.00019992659340889134
2025-08-13,6.689453717815141e-05
2025-08-14,6.674494898969136e-05
2025-08-15,4.979115758649393e-05
2025-08-18,0.0001512770875876997
2025-08-19,6.619946256467815e-05
2025-08-20,5.029075395261251e-05
2025-08-21,6.6882085314876e-05
2025-08-22,5.002390941645345e-05
2025-08-25,0.00015046078592960297
2025-08-26,6.625236199681528e-05
2025-08-27,4.946128242586293e-05
2025-08-28,5.0363739089438975e-05
2025-08-29,5.042499431888779e-05
2025-09-01,0.00014975121381714498
2025-09-03,0.00010058661933420807
2025-09-04,4.9773985355342993e-05
2025-09-05,6.641066536508395e-05
2025-09-08,0.00014913867457934244
2025-09-09,5.0229554383237196e-05
2025-09-10,4.967735483552794e-05
2025-09-11,4.9943211653146255e-05
2025-09-12,6.650293119139332e-05
2025-09-16,0.00019884401554380658
2025-09-17,6.706292139535635e-05
2025-09-18,4.9654310799700486e-05
2025-09-19,5.004167706765434e-05
2025-09-22,0.0001966917630932835
2025-09-24,0.00013428051986422504
2025-09-25,5.017619060720273e-05
2025-09-26,4.9890747300874324e-05
2025-09-29,0.00020141793510450572
2025-09-30,6.5347187433066e-05
2025-10-01,5.021563727001617e-05
2025-10-02,4.929443813122354e-05
2025-10-03,4.902170034188687e-05
2025-10-06,0.000152305451124453
2025-10-07,6.394019654636976e-05
2025-10-08,6.628794080990962e-05
2025-10-09,6.655691814130744e-05
2025-10-10,6.66677310273919e-05
2025-10-14,0.00026299913562112916
2025-10-15,5.0566155333453704e-05
2025-10-16,5.0213721394090814e-05
2025-10-17,4.9947489296462276e-05
2025-10-20,0.00014930814711343142
2025-10-21,4.9892894558008224e-05
2025-10-22,6.522765851548497e-05
2025-10-23,5.009125047917969e-05
2025-10-29,0.000399430455121475
2025-10-30,4.9675037643613156e-05
2025-10-31,5.031849669033226e-05
2025-11-04,0.000268456511603911
2025-11-05,6.663414159271127e-05
2025-11-06,5.0084489292029673e-05
2025-11-07,5.014010713662156e-05
2025-11-10,0.0002019898772344142
2025-11-11,4.991427576703235e-05
2025-11-12,6.651853297155405e-05
2025-11-13,6.716635586892001e-05
2025-11-14,4.9802548428001074e-05
2025-11-17,0.0002011174823846937
2025-11-18,6.683227206532617e-05
2025-11-19,4.873424123209867e-05
2025-11-20,6.599386242263557e-05
2025-11-21,6.625416903540985e-05
2025-11-25,0.0002692977460176624
2025-11-26,4.9515856307879045e-05
2025-11-27,6.769895827617296e-05
2025-12-01,0.00020001285101921778
2025-12-02,6.523842086379054e-05
2025-12-03,4.946109779424984e-05
2025-12-04,4.985459854440036e-05
2025-12-05,5.080450234359574e-05
2025-12-08,0.0001492604429378224
2025-12-09,6.691932236968257e-05
2025-12-10,5.0395032556348596e-05
2025-12-11,6.687717519363677e-05
2025-12-12,6.541578107843438e-05
2025-12-15,0.0001493085631273939
2025-12-16,5.031504242147884e-05
2025-12-17,6.509811463258514e-05
2025-12-18,4.9615387989366904e-05
2025-12-19,4.991074994954645e-05
2025-12-22,0.0001999027180983173
2025-12-23,6.535535813585223e-05
2025-12-24,6.606136856830908e-05
2025-12-25,4.9955340890546e-05
2025-12-29,0.0002008010760458692
2025-12-30,5.0211787700728054e-05
2026-01-05,0.00039836187317475165
2026-01-06,6.652483772390443e-05
2026-01-07,6.740793217572627e-05
2026-01-08,4.9967994782220985e-05
2026-01-09,5.0265749642311355e-05
2026-01-13,0.0002651680200279401
2026-01-14,6.586985601198787e-05
2026-01-15,5.012383081003805e-05
2026-01-16,6.633109183976825e-05
2026-01-19,0.0001515419765910519
2026-01-21,0.00013209914031474832
2026-01-22,6.710314574000032e-05
2026-01-23,5.0013362541888095e-05
2026-01-26,0.00019726793156512386
2026-01-27,6.632830068951554e-05
2026-01-28,5.0080896659619995e-05
2026-01-29,4.985563928517531e-05
2026-01-30,5.005068634592121e-05
2026-02-02,0.00020099663456015502
2026-02-03,6.501700671376049e-05
2026-02-04,6.649587076935974e-05
2026-02-05,6.623338798735068e-05
2026-02-06,6.500718887182601e-05
2026-02-09,0.0002006830641337043
2026-02-10,6.477317114709846e-05
2026-02-12,0.00013270820837744268
2026-02-13,5.014759241818157e-05
2026-02-16,0.0001475885197690116
2026-02-18,9.851509251297478e-05
2026-02-19,6.662473667002035e-05
2026-02-20,5.037363436516944e-05
2026-02-24,0.00026804800572724675
2026-02-25,4.917920889302144e-05
2026-02-26,6.664257849439101e-05
2026-02-27,6.539560564585585e-05
2026-03-02,0.0002003688812068193
2026-03-03,6.457750752611798e-05
2026-03-04,6.469162366446538e-05
2026-03-05,6.685146513603895e-05
2026-03-06,6.365925057488488e-05
2026-03-09,0.0001540286842758401
2026-03-10,6.70681265865408e-05
2026-03-11,6.557782789109801e-05
2026-03-12,5.1143295765994535e-05
2026-03-13,6.633562045612561e-05
2026-03-16,0.00020372738822287703
2026-03-17,6.671759900335784e-05
2026-03-18,6.687464246378246e-05
2026-03-19,5.091016287783115e-05
2026-03-23,0.00019874627876044748
2026-03-24,4.9960012288960576e-05
2026-03-25,6.65591834362451e-05
2026-03-26,5.133492257583429e-05
2026-03-27,6.700604358058977e-05
2026-03-30,0.0002020957422348958
2026-03-31,6.848981324415592e-05
2026-04-01,4.937580343689945e-05
2026-04-02,5.026217259732784e-05
2026-04-03,4.9308880820110896e-05
2026-04-07,0.0002704899754631392
2026-04-08,6.686574086420086e-05
2026-04-09,6.72814896268603e-05
2026-04-10,4.98714236445858e-05
2026-04-13,0.00015046314593458992
2026-04-14,6.71054346730869e-05
2026-04-15,6.558919402788428e-05
2026-04-16,5.041647825939569e-05
2026-04-17,5.0399087357553316e-05
2026-04-20,0.0001988872069268606
2026-04-21,4.973263184705049e-05
2026-04-22,5.013824967018276e-05
2026-04-23,5.058632240043341e-05
2026-04-24,6.732787630194762e-05
2026-04-27,0.00020122564023507895
2026-04-28,6.789639020570683e-05
2026-04-30,0.00010222022071075866
2026-05-01,6.808758560091018e-05
2026-05-07,0.00040167499287998594
2026-05-08,6.815403657124587e-05
2026-05-11,0.00015161131192362564
2026-05-12,6.814593869897083e-05
2026-05-13,6.701159847042259e-05
2026-05-14,6.895059598162608e-05
2026-05-15,6.833638214344728e-05
2026-05-18,0.0002014208105584394
2026-05-19,6.70597941958769e-05
2026-05-20,6.774890503524724e-05
2026-05-21,6.663786198835787e-05
2026-05-22,6.676026709753263e-05
2026-05-25,0.0001531992611060796
2026-05-27,0.00013807960603836727
2026-05-28,6.812167253334697e-05
2026-05-29,6.705362284287796e-05
2026-06-01,0.00020353031022901796
2026-06-02,5.161181403457949e-05
2026-06-03,6.72840621068433e-05
2026-06-04,6.80131926300923e-05
2026-06-05,6.758419165309092e-05
2026-06-08,0.00020385198491457645
2026-06-09,6.978286649328574e-05
2026-06-10,6.693372607743939e-05
2026-06-11,5.093734649916894e-05
2026-06-12,6.646495453070348e-05
2026-06-15,0.00019460781668211258
2026-06-16,5.135305529950615e-05
2026-06-17,5.037933571304125e-05
2026-06-18,6.802205048234906e-05
2026-06-19,6.810186879755638e-05
2026-06-23,0.00026696057037293156
2026-06-24,4.866877876606996e-05
2026-06-25,6.690510816519723e-05
2026-06-26,6.721395889572127e-05
2026-06-29,0.0002026723788253918
2026-06-30,6.681331473930932e-05
2026-07-01,6.685315419693135e-05
2026-07-02,6.837416613657206e-05
2026-07-03,6.690210951218414e-05
2026-07-07,0.0002715454317473073
2026-07-08,6.707051765916813e-05
2026-07-09,6.890643890247516e-05
2026-07-10,6.701327415679482e-05
2026-07-13,0.00020438717170098957
2026-07-14,4.991448250930589e-05
2026-07-15,5.10060489016846e-05
2026-07-16,6.74010195579933e-05
2026-07-17,5.0579390510035636e-05
2026-07-21,0.0002016667075885615
2026-07-22,6.776822010869781e-05
2026-07-23,4.9034933831198016e-05
2026-07-24,6.719092918868426e-05
2026-07-27,0.00015242612042666007
2026-07-28,6.8469251657434e-05
2026-07-29,5.113299463417426e-05
