trade_date,daily_model_net_exps
2024-12-23,2.498001805406602e-16
2024-12-24,-4.85722573273506e-17
2024-12-25,2.220446049250313e-16
2024-12-27,-1.942890293094024e-16
2024-12-30,1.1102230246251565e-16
2025-01-06,1.3877787807814457e-17
2025-01-07,4.163336342344337e-17
2025-01-08,-9.71445146547012e-17
2025-01-09,2.0816681711721685e-16
2025-01-14,0.0
2025-01-15,-4.163336342344337e-17
2025-01-16,8.326672684688674e-17
2025-01-17,-1.1102230246251565e-16
2025-01-20,2.220446049250313e-16
2025-01-22,1.1102230246251565e-16
2025-01-23,0.0
2025-01-24,1.6653345369377348e-16
2025-01-27,-3.0531133177191805e-16
2025-01-28,-1.249000902703301e-16
2025-01-29,8.326672684688674e-17
2025-01-30,1.1102230246251565e-16
2025-01-31,2.220446049250313e-16
2025-02-03,0.0
2025-02-04,8.326672684688674e-17
2025-02-05,1.1102230246251565e-16
2025-02-06,-1.3877787807814457e-16
2025-02-07,-8.326672684688674e-17
2025-02-10,-8.326672684688674e-17
2025-02-12,2.7755575615628914e-17
2025-02-13,1.3877787807814457e-16
2025-02-14,8.326672684688674e-17
2025-02-17,1.1102230246251565e-16
2025-02-19,5.551115123125783e-17
2025-02-20,1.6653345369377348e-16
2025-02-21,8.326672684688674e-17
2025-02-25,1.1102230246251565e-16
2025-02-26,2.7755575615628914e-16
2025-02-27,-2.0816681711721685e-16
2025-02-28,-1.6653345369377348e-16
2025-03-03,9.71445146547012e-17
2025-03-04,1.942890293094024e-16
2025-03-05,0.0
2025-03-06,-9.71445146547012e-17
2025-03-07,-5.551115123125783e-17
2025-03-10,2.498001805406602e-16
2025-03-11,1.8041124150158794e-16
2025-03-12,0.0
2025-03-13,-5.551115123125783e-17
2025-03-14,-5.551115123125783e-17
2025-03-17,-1.6653345369377348e-16
2025-03-18,5.551115123125783e-17
2025-03-19,-2.7755575615628914e-16
2025-03-21,-1.1102230246251565e-16
2025-03-24,-1.3877787807814457e-17
2025-03-25,-1.6653345369377348e-16
2025-03-26,5.551115123125783e-17
2025-03-27,2.0816681711721685e-16
2025-03-28,-8.326672684688674e-17
2025-03-31,8.326672684688674e-17
2025-04-01,6.938893903907228e-18
2025-04-02,-1.942890293094024e-16
2025-04-03,-1.6653345369377348e-16
2025-04-04,-5.551115123125783e-17
2025-04-07,4.163336342344337e-17
2025-04-08,1.3877787807814457e-16
2025-04-09,-2.220446049250313e-16
2025-04-10,9.71445146547012e-17
2025-04-11,-5.551115123125783e-17
2025-04-14,1.249000902703301e-16
2025-04-15,2.7755575615628914e-17
2025-04-16,9.71445146547012e-17
2025-04-17,0.0
2025-04-18,4.163336342344337e-17
2025-04-22,-1.6653345369377348e-16
2025-04-23,-2.7755575615628914e-16
2025-04-24,-5.551115123125783e-17
2025-04-25,2.7755575615628914e-17
2025-04-28,-6.938893903907228e-17
2025-04-30,-1.1102230246251565e-16
2025-05-01,-1.6653345369377348e-16
2025-05-02,2.7755575615628914e-16
2025-05-07,0.0
2025-05-08,-1.6653345369377348e-16
2025-05-09,-1.3877787807814457e-16
2025-05-12,-2.220446049250313e-16
2025-05-13,3.885780586188048e-16
2025-05-14,-7.979727989493313e-17
2025-05-15,-1.1102230246251565e-16
2025-05-16,1.8041124150158794e-16
2025-05-19,-8.326672684688674e-17
2025-05-20,-2.7755575615628914e-17
2025-05-21,5.551115123125783e-17
2025-05-22,-1.1102230246251565e-16
2025-05-23,5.551115123125783e-17
2025-05-26,0.0
2025-05-28,1.6653345369377348e-16
2025-05-29,-2.7755575615628914e-17
2025-05-30,1.3877787807814457e-17
2025-06-02,-1.1102230246251565e-16
2025-06-03,-1.942890293094024e-16
2025-06-04,-8.326672684688674e-17
2025-06-05,0.0
2025-06-06,2.7755575615628914e-17
2025-06-09,-2.7755575615628914e-17
2025-06-10,1.1102230246251565e-16
2025-06-11,5.551115123125783e-17
2025-06-12,1.6653345369377348e-16
2025-06-13,1.1102230246251565e-16
2025-06-16,2.7755575615628914e-16
2025-06-17,-5.551115123125783e-17
2025-06-18,1.6653345369377348e-16
2025-06-19,-2.498001805406602e-16
2025-06-23,-5.551115123125783e-17
2025-06-24,3.0531133177191805e-16
2025-06-25,0.0
2025-06-26,-8.326672684688674e-17
2025-06-27,1.942890293094024e-16
2025-06-30,-1.6653345369377348e-16
2025-07-01,1.8041124150158794e-16
2025-07-02,-5.551115123125783e-17
2025-07-03,1.249000902703301e-16
2025-07-04,6.938893903907228e-17
2025-07-08,-8.326672684688674e-17
2025-07-09,2.220446049250313e-16
2025-07-10,1.1102230246251565e-16
2025-07-11,2.498001805406602e-16
2025-07-14,1.3877787807814457e-16
2025-07-15,1.6653345369377348e-16
2025-07-16,2.220446049250313e-16
2025-07-17,-1.1102230246251565e-16
2025-07-18,5.551115123125783e-17
2025-07-22,8.326672684688674e-17
2025-07-23,-1.6653345369377348e-16
2025-07-24,1.6653345369377348e-16
2025-07-25,5.551115123125783e-17
2025-07-28,-1.1102230246251565e-16
2025-07-29,0.0
2025-07-30,8.326672684688674e-17
2025-07-31,-2.220446049250313e-16
2025-08-01,3.885780586188048e-16
2025-08-04,-1.6653345369377348e-16
2025-08-05,6.938893903907228e-17
2025-08-06,5.551115123125783e-17
2025-08-07,-1.1102230246251565e-16
2025-08-08,1.1796119636642288e-16
2025-08-12,-4.163336342344337e-16
2025-08-13,5.551115123125783e-17
2025-08-14,5.551115123125783e-17
2025-08-15,-2.42861286636753e-16
2025-08-18,-5.551115123125783e-17
2025-08-19,1.6653345369377348e-16
2025-08-20,-5.551115123125783e-17
2025-08-21,4.85722573273506e-17
2025-08-22,9.71445146547012e-17
2025-08-25,8.326672684688674e-17
2025-08-26,2.7755575615628914e-17
2025-08-27,-1.1102230246251565e-16
2025-08-28,-3.0531133177191805e-16
2025-08-29,2.7755575615628914e-17
2025-09-01,8.326672684688674e-17
2025-09-03,0.0
2025-09-04,0.0
2025-09-05,-1.6653345369377348e-16
2025-09-08,-8.326672684688674e-17
2025-09-09,1.1102230246251565e-16
2025-09-10,-1.1102230246251565e-16
2025-09-11,5.551115123125783e-17
2025-09-12,-1.3877787807814457e-17
2025-09-16,0.0
2025-09-17,8.326672684688674e-17
2025-09-18,2.220446049250313e-16
2025-09-19,2.7755575615628914e-17
2025-09-22,0.0
2025-09-24,-8.326672684688674e-17
2025-09-25,0.0
2025-09-26,5.551115123125783e-17
2025-09-29,-5.551115123125783e-17
2025-09-30,9.71445146547012e-17
2025-10-01,0.0
2025-10-02,2.7755575615628914e-17
2025-10-03,8.326672684688674e-17
2025-10-06,-8.326672684688674e-17
2025-10-07,3.3306690738754696e-16
2025-10-08,-1.6653345369377348e-16
2025-10-09,3.608224830031759e-16
2025-10-10,1.3877787807814457e-16
2025-10-14,-8.326672684688674e-17
2025-10-15,-2.7755575615628914e-16
2025-10-16,-9.71445146547012e-17
2025-10-17,2.7755575615628914e-17
2025-10-20,2.498001805406602e-16
2025-10-21,0.0
2025-10-22,8.326672684688674e-17
2025-10-23,-1.1102230246251565e-16
2025-10-29,1.3877787807814457e-16
2025-10-30,8.326672684688674e-17
2025-10-31,-1.6653345369377348e-16
2025-11-04,-1.1102230246251565e-16
2025-11-05,2.914335439641036e-16
2025-11-06,0.0
2025-11-07,-3.885780586188048e-16
2025-11-10,3.7470027081099033e-16
2025-11-11,-5.551115123125783e-17
2025-11-12,0.0
2025-11-13,-1.1102230246251565e-16
2025-11-14,-1.1102230246251565e-16
2025-11-17,1.1102230246251565e-16
2025-11-18,2.3592239273284576e-16
2025-11-19,0.0
2025-11-20,8.326672684688674e-17
2025-11-21,3.0531133177191805e-16
2025-11-25,1.3877787807814457e-16
2025-11-26,2.7755575615628914e-17
2025-11-27,-2.7755575615628914e-17
2025-12-01,1.1102230246251565e-16
2025-12-02,0.0
2025-12-03,-2.7755575615628914e-17
2025-12-04,1.6653345369377348e-16
2025-12-05,5.551115123125783e-17
2025-12-08,2.220446049250313e-16
2025-12-09,-8.326672684688674e-17
2025-12-10,-2.220446049250313e-16
2025-12-11,1.1102230246251565e-16
2025-12-12,-5.551115123125783e-17
2025-12-15,1.1102230246251565e-16
2025-12-16,1.3877787807814457e-16
2025-12-17,-5.551115123125783e-17
2025-12-18,9.020562075079397e-17
2025-12-19,-1.3877787807814457e-17
2025-12-22,-2.220446049250313e-16
2025-12-23,3.3306690738754696e-16
2025-12-24,-6.938893903907228e-17
2025-12-25,1.1102230246251565e-16
2025-12-29,3.0531133177191805e-16
2025-12-30,-2.498001805406602e-16
2026-01-05,0.0
2026-01-06,1.6653345369377348e-16
2026-01-07,-2.7755575615628914e-17
2026-01-08,6.938893903907228e-17
2026-01-09,2.7755575615628914e-17
2026-01-13,-9.71445146547012e-17
2026-01-14,3.608224830031759e-16
2026-01-15,5.551115123125783e-17
2026-01-16,0.0
2026-01-19,-3.0531133177191805e-16
2026-01-21,2.7755575615628914e-17
2026-01-22,5.551115123125783e-17
2026-01-23,2.7755575615628914e-16
2026-01-26,5.551115123125783e-17
2026-01-27,-3.2612801348363973e-16
2026-01-28,-2.7755575615628914e-17
2026-01-29,1.1102230246251565e-16
2026-01-30,2.498001805406602e-16
2026-02-02,-2.220446049250313e-16
2026-02-03,-2.220446049250313e-16
2026-02-04,2.7755575615628914e-16
2026-02-05,-5.551115123125783e-17
2026-02-06,-2.220446049250313e-16
2026-02-09,1.6653345369377348e-16
2026-02-10,0.0
2026-02-12,-3.434752482434078e-16
2026-02-13,-1.6653345369377348e-16
2026-02-16,-2.7755575615628914e-17
2026-02-18,-5.551115123125783e-17
2026-02-19,-1.1102230246251565e-16
2026-02-20,2.7755575615628914e-17
2026-02-24,1.6653345369377348e-16
2026-02-25,1.3877787807814457e-17
2026-02-26,2.220446049250313e-16
2026-02-27,1.6653345369377348e-16
2026-03-02,0.0
2026-03-03,9.71445146547012e-17
2026-03-04,4.163336342344337e-17
2026-03-05,1.6653345369377348e-16
2026-03-06,-6.938893903907228e-17
2026-03-09,-2.7755575615628914e-16
2026-03-10,-2.220446049250313e-16
2026-03-11,-2.7755575615628914e-17
2026-03-12,0.0
2026-03-13,0.0
2026-03-16,-1.942890293094024e-16
2026-03-17,1.1102230246251565e-16
2026-03-18,-1.3877787807814457e-16
2026-03-19,-2.7755575615628914e-17
2026-03-23,2.220446049250313e-16
2026-03-24,5.551115123125783e-17
2026-03-25,-1.1102230246251565e-16
2026-03-26,-8.326672684688674e-17
2026-03-27,-1.3877787807814457e-16
2026-03-30,3.0531133177191805e-16
2026-03-31,-1.3877787807814457e-16
2026-04-01,0.0
2026-04-02,1.6653345369377348e-16
2026-04-03,1.1102230246251565e-16
2026-04-07,2.7755575615628914e-16
2026-04-08,1.249000902703301e-16
2026-04-09,1.1102230246251565e-16
2026-04-10,-2.220446049250313e-16
2026-04-13,1.6653345369377348e-16
2026-04-14,-8.326672684688674e-17
2026-04-15,-1.1102230246251565e-16
2026-04-16,2.7755575615628914e-17
2026-04-17,0.0
2026-04-20,2.220446049250313e-16
2026-04-21,2.0816681711721685e-16
2026-04-22,-2.0816681711721685e-16
2026-04-23,-9.71445146547012e-17
2026-04-24,-1.3877787807814457e-16
2026-04-27,1.1102230246251565e-16
2026-04-28,0.0
2026-04-30,1.1102230246251565e-16
2026-05-01,1.6653345369377348e-16
2026-05-07,0.0
2026-05-08,-1.5959455978986625e-16
2026-05-11,-1.6653345369377348e-16
2026-05-12,0.0
2026-05-13,-1.3877787807814457e-17
2026-05-14,1.1102230246251565e-16
2026-05-15,-3.0531133177191805e-16
2026-05-18,-1.3877787807814457e-17
2026-05-19,2.220446049250313e-16
2026-05-20,-9.71445146547012e-17
2026-05-21,-2.7755575615628914e-17
2026-05-22,0.0
2026-05-25,0.0
2026-05-27,1.1102230246251565e-16
2026-05-28,-5.551115123125783e-17
2026-05-29,-8.326672684688674e-17
2026-06-01,2.7755575615628914e-16
2026-06-02,1.3877787807814457e-17
2026-06-03,2.220446049250313e-16
2026-06-04,1.5265566588595902e-16
2026-06-05,0.0
2026-06-08,1.3877787807814457e-16
2026-06-09,-2.7755575615628914e-17
2026-06-10,-2.498001805406602e-16
2026-06-11,3.3306690738754696e-16
2026-06-12,1.8041124150158794e-16
2026-06-15,6.938893903907228e-17
2026-06-16,-1.1102230246251565e-16
2026-06-17,-1.3877787807814457e-16
2026-06-18,-5.551115123125783e-17
2026-06-19,0.0
2026-06-23,-2.7755575615628914e-17
2026-06-24,-1.3877787807814457e-16
2026-06-25,-2.7755575615628914e-17
2026-06-26,-6.938893903907228e-17
2026-06-29,1.6653345369377348e-16
2026-06-30,1.3877787807814457e-16
2026-07-01,-2.7755575615628914e-16
2026-07-02,5.551115123125783e-17
2026-07-03,1.6653345369377348e-16
2026-07-07,2.498001805406602e-16
2026-07-08,-2.498001805406602e-16
2026-07-09,3.885780586188048e-16
2026-07-10,8.326672684688674e-17
2026-07-13,1.6653345369377348e-16
2026-07-14,2.7755575615628914e-17
2026-07-15,0.0
2026-07-16,1.1102230246251565e-16
2026-07-17,-2.7755575615628914e-17
2026-07-21,-1.249000902703301e-16
2026-07-22,1.249000902703301e-16
2026-07-23,8.326672684688674e-17
2026-07-24,-5.551115123125783e-17
2026-07-27,-2.636779683484747e-16
2026-07-28,8.326672684688674e-17
2026-07-29,3.3306690738754696e-16
