trade_date,daily_cash
2024-12-23,0.6702299714007629
2024-12-24,0.7500829778162865
2024-12-25,0.7542630508449503
2024-12-27,0.6745118767188767
2024-12-30,0.6798150720141636
2025-01-06,0.7585198616058217
2025-01-07,0.6845232012983162
2025-01-08,0.6824319441314409
2025-01-09,0.761110122187896
2025-01-14,0.7568377089276059
2025-01-15,0.7672814256954014
2025-01-16,0.7754177669960861
2025-01-17,0.7701458108184117
2025-01-20,0.7762855417229451
2025-01-22,0.7815564326801185
2025-01-23,0.7064015148551748
2025-01-24,0.7049623385601484
2025-01-27,0.8018601297464013
2025-01-28,0.8079732515951277
2025-01-29,0.8123058272027237
2025-01-30,0.8165065799776925
2025-01-31,0.8161854032064012
2025-02-03,0.8182960796956164
2025-02-04,0.742816113193236
2025-02-05,0.8319308915327771
2025-02-06,0.8344220299875711
2025-02-07,0.8342169706347119
2025-02-10,0.8363593979736071
2025-02-12,0.7600095540948478
2025-02-13,0.7644845938137957
2025-02-14,0.7762724588349295
2025-02-17,0.8744915475062736
2025-02-19,0.8786210554103202
2025-02-20,0.790449863599133
2025-02-21,0.885077959830153
2025-02-25,0.7863506454777301
2025-02-26,0.8146434712198046
2025-02-27,0.9190965047327724
2025-02-28,0.8230353558175078
2025-03-03,0.842681798667764
2025-03-04,0.852814779457928
2025-03-05,0.9695467981766361
2025-03-06,0.8766252145719144
2025-03-07,0.9820511975475817
2025-03-10,1.0030934879358637
2025-03-11,1.0139389842196012
2025-03-12,1.0179611564871935
2025-03-13,0.9225643034205044
2025-03-14,0.9194693471725879
2025-03-17,1.0390196789913049
2025-03-18,0.9442993227016948
2025-03-19,0.938907257184539
2025-03-21,1.060276923624271
2025-03-24,1.0682104155757213
2025-03-25,0.9630139427488676
2025-03-26,0.96519165506612
2025-03-27,1.072922325680372
2025-03-28,0.9723515289052288
2025-03-31,0.9836379624611427
2025-04-01,1.1096935507645858
2025-04-02,0.9980079113085666
2025-04-03,0.9651123661441424
2025-04-04,1.07248233481575
2025-04-07,1.1076044241936924
2025-04-08,1.221983374788131
2025-04-09,1.0997875382061493
2025-04-10,1.3347827766287144
2025-04-11,1.228203140233322
2025-04-14,1.4056644357858539
2025-04-15,1.2718162889353
2025-04-16,1.4416820837743156
2025-04-17,1.2816823228185015
2025-04-18,1.4442088272017213
2025-04-22,1.2728849491946674
2025-04-23,1.2940368335972754
2025-04-24,1.3036044835867728
2025-04-25,1.3074874324442838
2025-04-28,1.466626876508535
2025-04-30,1.4699529222943641
2025-05-01,1.4676639714404323
2025-05-02,1.3138055202393284
2025-05-07,1.4882793769840896
2025-05-08,1.4877365219501222
2025-05-09,1.3596206854543509
2025-05-12,1.395539631564887
2025-05-13,1.6102877003490301
2025-05-14,1.4703486377872683
2025-05-15,1.6531535593935398
2025-05-16,1.6575020395603868
2025-05-19,1.6624761586309196
2025-05-20,1.687377126340726
2025-05-21,1.6651332117515223
2025-05-22,1.6592697622805654
2025-05-23,1.6683322658756363
2025-05-26,1.6799689453947784
2025-05-28,1.688309572091413
2025-05-29,1.5006345238758931
2025-05-30,1.4862075362331084
2025-06-02,1.6726788056645185
2025-06-03,1.6879550315321186
2025-06-04,1.6954079036951166
2025-06-05,1.5116968916664135
2025-06-06,1.7030511625566014
2025-06-09,1.528724922261853
2025-06-10,1.522034347518541
2025-06-11,1.696512772222372
2025-06-12,1.6981918464901136
2025-06-13,1.7045713308815995
2025-06-16,1.6944103562378845
2025-06-17,1.496558714958685
2025-06-18,1.4922840281545935
2025-06-19,1.6845079702680956
2025-06-23,1.6912745369790296
2025-06-24,1.5401920168090972
2025-06-25,1.7437326775881266
2025-06-26,1.7379060234460204
2025-06-27,1.7448355236427289
2025-06-30,1.7522564323725873
2025-07-01,1.7526947936719246
2025-07-02,1.7613440107932035
2025-07-03,1.7640758660480407
2025-07-04,1.7825894751261793
2025-07-08,1.777968728900667
2025-07-09,1.596401463562994
2025-07-10,1.8136155377488203
2025-07-11,1.8096046757463822
2025-07-14,1.5891332527373367
2025-07-15,1.601212365053426
2025-07-16,1.5996654392414218
2025-07-17,1.79012484529012
2025-07-18,1.8029731847484554
2025-07-22,1.7961852911317797
2025-07-23,1.7609951804142578
2025-07-24,1.7435054035161774
2025-07-25,1.7420719472187909
2025-07-28,1.5572327388509521
2025-07-29,1.5476576201713486
2025-07-30,1.541692091664658
2025-07-31,1.7384566651532651
2025-08-01,1.5506536343817012
2025-08-04,1.5320714304580787
2025-08-05,1.7402414622207953
2025-08-06,1.7334110124298105
2025-08-07,1.5506502807613005
2025-08-08,1.7544221901487675
2025-08-12,1.556319881786669
2025-08-13,1.5668209536352227
2025-08-14,1.7602338172344616
2025-08-15,1.762476521645962
2025-08-18,1.6005177213092765
2025-08-19,1.7983988506385042
2025-08-20,1.583219599177594
2025-08-21,1.7872262278050972
2025-08-22,1.7788123012619856
2025-08-25,1.601099633835712
2025-08-26,1.805697787724016
2025-08-27,1.7948329614149274
2025-08-28,1.7861065195279722
2025-08-29,1.7987350951872847
2025-09-01,1.7940279553569691
2025-09-03,1.801350210595441
2025-09-04,1.6093042250673948
2025-09-05,1.822243838342059
2025-09-08,1.8265934041065082
2025-09-09,1.8426906147928515
2025-09-10,1.8340069300314832
2025-09-11,1.6441752512933399
2025-09-12,1.8742692373390313
2025-09-16,1.6668198569356125
2025-09-17,1.8731461226712487
2025-09-18,1.8824134480112629
2025-09-19,1.7050458400884152
2025-09-22,1.6978687970755801
2025-09-24,1.9060933916209184
2025-09-25,1.9224436268881568
2025-09-26,1.7113239006523058
2025-09-29,1.7400801534550245
2025-09-30,1.9374155596309994
2025-10-01,1.9497658497322903
2025-10-02,1.978811326901565
2025-10-03,1.9668354055533426
2025-10-06,1.84606070353535
2025-10-07,1.8632074357908581
2025-10-08,1.8650679565850583
2025-10-09,1.8760609370679007
2025-10-10,1.8879371185951244
2025-10-14,2.0883265351622593
2025-10-15,2.084468071759781
2025-10-16,2.1028354087615804
2025-10-17,2.1098233735643137
2025-10-20,2.136400966271442
2025-10-21,1.9525364855407648
2025-10-22,2.199560918421065
2025-10-23,1.978476299547484
2025-10-29,2.2367735986412454
2025-10-30,2.235100297349329
2025-10-31,2.0047982302990923
2025-11-04,1.9953545505081698
2025-11-05,2.242920292507441
2025-11-06,2.2561475731647054
2025-11-07,2.0150289847295433
2025-11-10,2.2629117336919853
2025-11-11,2.0189341652541324
2025-11-12,2.0071992250760866
2025-11-13,2.281431098793881
2025-11-14,2.0501481821919674
2025-11-17,2.052120206334436
2025-11-18,2.3494245326841963
2025-11-19,2.116642188351793
2025-11-20,2.1591022747319046
2025-11-21,2.167261199153809
2025-11-25,2.4806199423595934
2025-11-26,2.2002455421701805
2025-11-27,2.475094863727402
2025-12-01,2.246788103787773
2025-12-02,2.536019761899754
2025-12-03,2.5591764392230587
2025-12-04,2.5510898145695897
2025-12-05,2.5704567313837265
2025-12-08,2.300755744724786
2025-12-09,2.5636283131918938
2025-12-10,2.2861464314502413
2025-12-11,2.3066613374762865
2025-12-12,2.607077102684938
2025-12-15,2.6343298402488835
2025-12-16,2.409845454920178
2025-12-17,2.7159146815313715
2025-12-18,2.73562645352904
2025-12-19,2.4684223645451095
2025-12-22,2.5290381723474233
2025-12-23,2.5587280075227024
2025-12-24,2.8918668579062734
2025-12-25,2.895501017379409
2025-12-29,2.8941085640445925
2025-12-30,2.595301703994171
2026-01-05,2.6327875266460037
2026-01-06,2.6241354354060538
2026-01-07,2.9848069189360635
2026-01-08,3.0078414836909855
2026-01-09,2.705542851715009
2026-01-13,2.727368353675375
2026-01-14,3.081627791283721
2026-01-15,2.766535310976724
2026-01-16,3.0653667441834935
2026-01-19,2.7596069964473986
2026-01-21,2.772490992987864
2026-01-22,3.0961371378213567
2026-01-23,2.810568312635847
2026-01-26,2.8375931835199704
2026-01-27,3.1892018591300544
2026-01-28,3.215755304809126
2026-01-29,3.238936796277004
2026-01-30,2.9324523795634616
2026-02-02,3.0249831091114854
2026-02-03,3.0699103240930383
2026-02-04,3.138175558020663
2026-02-05,3.2741219848699905
2026-02-06,3.321256459182101
2026-02-09,3.459743403436267
2026-02-10,3.5124182163705027
2026-02-12,3.9406353900919333
2026-02-13,4.055245480606675
2026-02-16,4.1384235603000175
2026-02-18,3.6897393006186787
2026-02-19,4.139026288705853
2026-02-20,3.69260728658611
2026-02-24,4.198956935326477
2026-02-25,3.771189540094786
2026-02-26,3.8289512826599625
2026-02-27,3.868435286039728
2026-03-02,4.014493988438948
2026-03-03,4.1092382300148715
2026-03-04,3.975077274865695
2026-03-05,4.083768296538673
2026-03-06,4.45087360445152
2026-03-09,3.9347234712317785
2026-03-10,4.110416184801961
2026-03-11,4.490814700181915
2026-03-12,4.0088266933926535
2026-03-13,3.923813472617466
2026-03-16,3.9290768664454006
2026-03-17,3.8756278133233235
2026-03-18,4.244937520637213
2026-03-19,4.2540929442807265
2026-03-23,4.215662942193557
2026-03-24,3.77695191085012
2026-03-25,4.140686757239642
2026-03-26,3.6521433298079256
2026-03-27,3.593861001083321
2026-03-30,3.527613243793372
2026-03-31,4.011120803822899
2026-04-01,4.034322694768124
2026-04-02,4.0507133633612105
2026-04-03,3.5162922731326587
2026-04-07,3.4777028379868646
2026-04-08,3.4458178262350168
2026-04-09,3.741280676325323
2026-04-10,3.6958486929391356
2026-04-13,3.2443350016890635
2026-04-14,3.3313045650043853
2026-04-15,3.654977316624444
2026-04-16,3.6345423976097453
2026-04-17,3.2275126892008563
2026-04-20,3.5787905748917295
2026-04-21,3.5810916259091106
2026-04-22,3.498204573474646
2026-04-23,3.0683929332079356
2026-04-24,3.0372915380447276
2026-04-27,2.9514978326510053
2026-04-28,3.2440388333440873
2026-04-30,2.7944491911921916
2026-05-01,2.762601223990205
2026-05-07,2.691864376281876
2026-05-08,2.9792337480677342
2026-05-11,2.587347103792884
2026-05-12,2.569334480627611
2026-05-13,2.501368185581155
2026-05-14,2.3798218240293334
2026-05-15,2.304189301961646
2026-05-18,2.270735960305222
2026-05-19,2.1905770241296483
2026-05-20,2.1452820597087214
2026-05-21,2.1745120897371577
2026-05-22,2.3515525874427734
2026-05-25,2.0051242262602647
2026-05-27,1.9397862121623286
2026-05-28,1.9110721196009668
2026-05-29,1.8962775952259507
2026-06-01,2.066599108171149
2026-06-02,1.788041853866876
2026-06-03,1.752443812489221
2026-06-04,1.7260276501140381
2026-06-05,1.6766252489976516
2026-06-08,1.5778323638520693
2026-06-09,1.5978415305881735
2026-06-10,1.7302936442222538
2026-06-11,1.5595398034374945
2026-06-12,1.6454959009768408
2026-06-15,1.757065990074557
2026-06-16,1.7248095557235246
2026-06-17,1.5132448505246612
2026-06-18,1.4869618488927898
2026-06-19,1.504402073827011
2026-06-23,1.6717462536681016
2026-06-24,1.434280098903828
2026-06-25,1.4169095314323747
2026-06-26,1.3872645966429722
2026-06-29,1.3645981429989082
2026-06-30,1.3682791025486793
2026-07-01,1.321910984150251
2026-07-02,1.2972000909470887
2026-07-03,1.258809156517968
2026-07-07,1.2906397846476136
2026-07-08,1.230911258393165
2026-07-09,1.2226253731807044
2026-07-10,1.1923634544048178
2026-07-13,1.3292314697564747
2026-07-14,1.3004143779550292
2026-07-15,1.156180839899117
2026-07-16,1.2763994547648805
2026-07-17,1.2473362796903564
2026-07-21,1.0904960639304069
2026-07-22,1.2490541679934348
2026-07-23,1.0994241378510636
2026-07-24,1.2125848666183268
2026-07-27,1.061251297304251
2026-07-28,1.1336905857919815
2026-07-29,1.4476131203117393
