trade_date,ticker,closing_side,local_order_ids,local_order_count,requested_quantity_shares,runtime_recorded_fill_quantity_shares,official_group_quantity_shares,group_quantity_match,local_fill_prices_jpy,official_fill_prices_jpy,fill_price_match,local_recorded_settlement_pnl_jpy,official_reported_pnl_or_settlement_jpy,pre_fee_price_pnl_from_official_close_jpy,pnl_reconciliation_delta_jpy,observed_fee_fields_jpy,source_paths
2026-07-29,1618.T,BUY,"[""29026064""]",1,1,0,1,True,[],[33750.0],False,0.0,-431.0,,,"{""sKessaiTateTesuryou"": 0.0, ""sKessaiZyunHibu"": 0.0, ""sKessaiGyakuhibu"": 0.0, ""sKessaiKakikaeryou"": 0.0, ""sKessaiKanrihi"": 0.0, ""sKessaiKasikaburyou"": 1.0, ""sKessaiSonota"": 0.0}","[""var/results/20260729_145007_production_close_positions/close_execution_log.json""]"
2026-07-29,1619.T,SELL,"[""29026065""]",1,1,0,1,True,[],[45890.0],False,0.0,-633.0,,,"{""sKessaiTateTesuryou"": 0.0, ""sKessaiZyunHibu"": 3.0, ""sKessaiGyakuhibu"": 0.0, ""sKessaiKakikaeryou"": 0.0, ""sKessaiKanrihi"": 0.0, ""sKessaiKasikaburyou"": 0.0, ""sKessaiSonota"": 0.0}","[""var/results/20260729_145007_production_close_positions/close_execution_log.json""]"
2026-07-29,1620.T,SELL,"[""29026066""]",1,1,0,1,True,[],[36430.0],False,0.0,-162.0,,,"{""sKessaiTateTesuryou"": 0.0, ""sKessaiZyunHibu"": 2.0, ""sKessaiGyakuhibu"": 0.0, ""sKessaiKakikaeryou"": 0.0, ""sKessaiKanrihi"": 0.0, ""sKessaiKasikaburyou"": 0.0, ""sKessaiSonota"": 0.0}","[""var/results/20260729_145007_production_close_positions/close_execution_log.json""]"
2026-07-29,1621.T,SELL,"[""29026067""]",1,1,0,1,True,[],[30860.0],False,0.0,578.0,,,"{""sKessaiTateTesuryou"": 0.0, ""sKessaiZyunHibu"": 2.0, ""sKessaiGyakuhibu"": 0.0, ""sKessaiKakikaeryou"": 0.0, ""sKessaiKanrihi"": 0.0, ""sKessaiKasikaburyou"": 0.0, ""sKessaiSonota"": 0.0}","[""var/results/20260729_145007_production_close_positions/close_execution_log.json""]"
2026-07-29,1622.T,BUY,"[""29026068"", ""29026069""]",2,3,0,3,True,[],[36680.0],False,0.0,-5544.0,,,"{""sKessaiTateTesuryou"": 0.0, ""sKessaiZyunHibu"": 0.0, ""sKessaiGyakuhibu"": 0.0, ""sKessaiKakikaeryou"": 0.0, ""sKessaiKanrihi"": 0.0, ""sKessaiKasikaburyou"": 4.0, ""sKessaiSonota"": 0.0}","[""var/results/20260729_145007_production_close_positions/close_execution_log.json""]"
2026-07-29,1623.T,BUY,"[""29026070""]",1,1,0,1,True,[],[55360.0],False,0.0,2599.0,,,"{""sKessaiTateTesuryou"": 0.0, ""sKessaiZyunHibu"": 0.0, ""sKessaiGyakuhibu"": 0.0, ""sKessaiKakikaeryou"": 0.0, ""sKessaiKanrihi"": 0.0, ""sKessaiKasikaburyou"": 1.0, ""sKessaiSonota"": 0.0}","[""var/results/20260729_145007_production_close_positions/close_execution_log.json""]"
2026-07-29,1629.T,BUY,"[""29026072"", ""29026073""]",2,180,0,180,True,[],[263.6],False,0.0,-521.0,,,"{""sKessaiTateTesuryou"": 0.0, ""sKessaiZyunHibu"": 0.0, ""sKessaiGyakuhibu"": 0.0, ""sKessaiKakikaeryou"": 0.0, ""sKessaiKanrihi"": 0.0, ""sKessaiKasikaburyou"": 0.0, ""sKessaiSonota"": 0.0}","[""var/results/20260729_145007_production_close_positions/close_execution_log.json""]"
2026-07-30,1617.T,SELL,"[""30014725""]",1,1,0,1,True,[],[48270.0],False,0.0,-403.0,,,"{""sKessaiTateTesuryou"": 0.0, ""sKessaiZyunHibu"": 3.0, ""sKessaiGyakuhibu"": 0.0, ""sKessaiKakikaeryou"": 0.0, ""sKessaiKanrihi"": 0.0, ""sKessaiKasikaburyou"": 0.0, ""sKessaiSonota"": 0.0}","[""var/results/20260730_145005_production_close_positions/close_execution_log.json""]"
2026-07-30,1618.T,BUY,"[""30014726"", ""30014727""]",2,2,0,2,True,[],[33600.0],False,0.0,-295.0,,,"{""sKessaiTateTesuryou"": 0.0, ""sKessaiZyunHibu"": 0.0, ""sKessaiGyakuhibu"": 0.0, ""sKessaiKakikaeryou"": 0.0, ""sKessaiKanrihi"": 0.0, ""sKessaiKasikaburyou"": 5.0, ""sKessaiSonota"": 0.0}","[""var/results/20260730_145005_production_close_positions/close_execution_log.json""]"
2026-07-30,1620.T,BUY,"[""30014728""]",1,1,0,1,True,[],[36130.0],False,0.0,129.0,,,"{""sKessaiTateTesuryou"": 0.0, ""sKessaiZyunHibu"": 0.0, ""sKessaiGyakuhibu"": 0.0, ""sKessaiKakikaeryou"": 0.0, ""sKessaiKanrihi"": 0.0, ""sKessaiKasikaburyou"": 1.0, ""sKessaiSonota"": 0.0}","[""var/results/20260730_145005_production_close_positions/close_execution_log.json""]"
2026-07-30,1623.T,BUY,"[""30014729""]",1,1,0,1,True,[],[55470.0],False,0.0,-471.0,,,"{""sKessaiTateTesuryou"": 0.0, ""sKessaiZyunHibu"": 0.0, ""sKessaiGyakuhibu"": 0.0, ""sKessaiKakikaeryou"": 0.0, ""sKessaiKanrihi"": 0.0, ""sKessaiKasikaburyou"": 1.0, ""sKessaiSonota"": 0.0}","[""var/results/20260730_145005_production_close_positions/close_execution_log.json""]"
2026-07-30,1624.T,BUY,"[""30014730""]",1,1,0,1,True,[],[82920.0],False,0.0,-862.0,,,"{""sKessaiTateTesuryou"": 0.0, ""sKessaiZyunHibu"": 0.0, ""sKessaiGyakuhibu"": 0.0, ""sKessaiKakikaeryou"": 0.0, ""sKessaiKanrihi"": 0.0, ""sKessaiKasikaburyou"": 2.0, ""sKessaiSonota"": 0.0}","[""var/results/20260730_145005_production_close_positions/close_execution_log.json""]"
2026-07-30,1625.T,BUY,"[""30014731""]",1,1,0,1,True,[],[60180.0],False,0.0,-751.0,,,"{""sKessaiTateTesuryou"": 0.0, ""sKessaiZyunHibu"": 0.0, ""sKessaiGyakuhibu"": 0.0, ""sKessaiKakikaeryou"": 0.0, ""sKessaiKanrihi"": 0.0, ""sKessaiKasikaburyou"": 1.0, ""sKessaiSonota"": 0.0}","[""var/results/20260730_145005_production_close_positions/close_execution_log.json""]"
2026-07-30,1627.T,SELL,"[""30014732""]",1,2,0,2,True,[],[11505.0],False,0.0,79.0,,,"{""sKessaiTateTesuryou"": 0.0, ""sKessaiZyunHibu"": 1.0, ""sKessaiGyakuhibu"": 0.0, ""sKessaiKakikaeryou"": 0.0, ""sKessaiKanrihi"": 0.0, ""sKessaiKasikaburyou"": 0.0, ""sKessaiSonota"": 0.0}","[""var/results/20260730_145005_production_close_positions/close_execution_log.json""]"
2026-07-30,1630.T,SELL,"[""30014733""]",1,1,0,1,True,[],[39340.0],False,0.0,-292.0,,,"{""sKessaiTateTesuryou"": 0.0, ""sKessaiZyunHibu"": 2.0, ""sKessaiGyakuhibu"": 0.0, ""sKessaiKakikaeryou"": 0.0, ""sKessaiKanrihi"": 0.0, ""sKessaiKasikaburyou"": 0.0, ""sKessaiSonota"": 0.0}","[""var/results/20260730_145005_production_close_positions/close_execution_log.json""]"
2026-07-30,1632.T,SELL,"[""30014734""]",1,1,0,1,True,[],[43550.0],False,0.0,118.0,,,"{""sKessaiTateTesuryou"": 0.0, ""sKessaiZyunHibu"": 2.0, ""sKessaiGyakuhibu"": 0.0, ""sKessaiKakikaeryou"": 0.0, ""sKessaiKanrihi"": 0.0, ""sKessaiKasikaburyou"": 0.0, ""sKessaiSonota"": 0.0}","[""var/results/20260730_145005_production_close_positions/close_execution_log.json""]"
2026-07-31,1617.T,BUY,"[""31023716""]",1,1,1,1,True,[47860.0],[47860.0],True,459.0,459.0,460.0,-1.0,"{""sKessaiTateTesuryou"": 0.0, ""sKessaiZyunHibu"": 0.0, ""sKessaiGyakuhibu"": 0.0, ""sKessaiKakikaeryou"": 0.0, ""sKessaiKanrihi"": 0.0, ""sKessaiKasikaburyou"": 1.0, ""sKessaiSonota"": 0.0}","[""var/results/20260731_145004_production_close_positions/close_execution_log.json""]"
2026-07-31,1619.T,BUY,"[""31023717""]",1,1,1,1,True,[46000.0],[46000.0],True,69.0,69.0,70.0,-1.0,"{""sKessaiTateTesuryou"": 0.0, ""sKessaiZyunHibu"": 0.0, ""sKessaiGyakuhibu"": 0.0, ""sKessaiKakikaeryou"": 0.0, ""sKessaiKanrihi"": 0.0, ""sKessaiKasikaburyou"": 1.0, ""sKessaiSonota"": 0.0}","[""var/results/20260731_145004_production_close_positions/close_execution_log.json""]"
2026-07-31,1622.T,SELL,"[""31023719""]",1,1,1,1,True,[34910.0],[34910.0],True,-302.0,-302.0,-300.0,-2.0,"{""sKessaiTateTesuryou"": 0.0, ""sKessaiZyunHibu"": 2.0, ""sKessaiGyakuhibu"": 0.0, ""sKessaiKakikaeryou"": 0.0, ""sKessaiKanrihi"": 0.0, ""sKessaiKasikaburyou"": 0.0, ""sKessaiSonota"": 0.0}","[""var/results/20260731_145004_production_close_positions/close_execution_log.json""]"
2026-07-31,1623.T,BUY,"[""31023723"", ""31023724""]",2,2,2,2,True,[59960.0],[59960.0],True,-2132.0,-2132.0,-2120.0,-12.0,"{""sKessaiTateTesuryou"": 0.0, ""sKessaiZyunHibu"": 0.0, ""sKessaiGyakuhibu"": 0.0, ""sKessaiKakikaeryou"": 0.0, ""sKessaiKanrihi"": 0.0, ""sKessaiKasikaburyou"": 2.0, ""sKessaiSonota"": 0.0}","[""var/results/20260731_145004_production_close_positions/close_execution_log.json""]"
2026-07-31,1624.T,BUY,"[""31023725""]",1,1,1,1,True,[84570.0],[84570.0],True,-2515.0,-2515.0,-2510.0,-5.0,"{""sKessaiTateTesuryou"": 0.0, ""sKessaiZyunHibu"": 0.0, ""sKessaiGyakuhibu"": 0.0, ""sKessaiKakikaeryou"": 0.0, ""sKessaiKanrihi"": 0.0, ""sKessaiKasikaburyou"": 5.0, ""sKessaiSonota"": 0.0}","[""var/results/20260731_145004_production_close_positions/close_execution_log.json""]"
2026-07-31,1625.T,SELL,"[""31023726""]",1,1,1,1,True,[63920.0],[63920.0],True,736.0,736.0,740.0,-4.0,"{""sKessaiTateTesuryou"": 0.0, ""sKessaiZyunHibu"": 4.0, ""sKessaiGyakuhibu"": 0.0, ""sKessaiKakikaeryou"": 0.0, ""sKessaiKanrihi"": 0.0, ""sKessaiKasikaburyou"": 0.0, ""sKessaiSonota"": 0.0}","[""var/results/20260731_145004_production_close_positions/close_execution_log.json""]"
2026-07-31,1626.T,BUY,"[""31023727""]",1,1,1,1,True,[44300.0],[44300.0],True,229.0,229.0,230.0,-1.0,"{""sKessaiTateTesuryou"": 0.0, ""sKessaiZyunHibu"": 0.0, ""sKessaiGyakuhibu"": 0.0, ""sKessaiKakikaeryou"": 0.0, ""sKessaiKanrihi"": 0.0, ""sKessaiKasikaburyou"": 1.0, ""sKessaiSonota"": 0.0}","[""var/results/20260731_145004_production_close_positions/close_execution_log.json""]"
