trade_date,daily_closing_volume
2024-12-23,0.9815965658027995
2024-12-24,0.7336804993010613
2024-12-25,0.7252811077236169
2024-12-27,0.9840814351859529
2024-12-30,0.9699543453636843
2025-01-06,0.7206190788865734
2025-01-07,0.9648175331138846
2025-01-08,0.9730854303882882
2025-01-09,0.7267938560758904
2025-01-14,0.7249432762852333
2025-01-15,0.725637886469942
2025-01-16,0.7291441807397586
2025-01-17,0.7335706144849599
2025-01-20,0.7333856200639705
2025-01-22,0.7292393529419492
2025-01-23,0.978154197499045
2025-01-24,0.9760969182121163
2025-01-27,0.7286303630763633
2025-01-28,0.7305144703680888
2025-01-29,0.7323403532738498
2025-01-30,0.7333212909164025
2025-01-31,0.7335378818731317
2025-02-03,0.7268786102468788
2025-02-04,0.9656955347835341
2025-02-05,0.7282810606150081
2025-02-06,0.7307011238660811
2025-02-07,0.730030926158043
2025-02-10,0.7267750586735549
2025-02-12,0.9644344488997681
2025-02-13,0.9819014633167563
2025-02-14,0.9668637395466643
2025-02-17,0.7308744762841926
2025-02-19,0.7263949777177069
2025-02-20,0.967440423183786
2025-02-21,0.7316151211632014
2025-02-25,0.9851262974395121
2025-02-26,0.9670952147879273
2025-02-27,0.7334578788282017
2025-02-28,0.9734198139571656
2025-03-03,0.9759810468541799
2025-03-04,0.9656575875599664
2025-03-05,0.7342825621534549
2025-03-06,0.9798615849792358
2025-03-07,0.7298326775358603
2025-03-10,0.7285148347664225
2025-03-11,0.7301358451039417
2025-03-12,0.741150621169923
2025-03-13,0.9723020297346967
2025-03-14,0.9803383878168226
2025-03-17,0.7334463778950808
2025-03-18,0.9661948501965364
2025-03-19,0.9827973759300723
2025-03-21,0.73360717632784
2025-03-24,0.7266132310931412
2025-03-25,0.9698867632347128
2025-03-26,0.9720470483165755
2025-03-27,0.7339377645084495
2025-03-28,0.966570078534566
2025-03-31,0.9600577925115796
2025-04-01,0.7245927284115593
2025-04-02,0.95709154236764
2025-04-03,0.9829172230139048
2025-04-04,0.7298974676778438
2025-04-07,0.7336571202188172
2025-04-08,0.7374921265902881
2025-04-09,0.9603312793123685
2025-04-10,0.7306913442744686
2025-04-11,0.9883744513620428
2025-04-14,0.7279062116850149
2025-04-15,0.9729904818564513
2025-04-16,0.7283838897712299
2025-04-17,0.988152336892166
2025-04-18,0.7414020358088985
2025-04-22,0.9826578099553782
2025-04-23,0.9737711587511809
2025-04-24,0.9660314996321856
2025-04-25,0.9754977039202547
2025-04-28,0.7320401734567022
2025-04-30,0.7333137263983237
2025-05-01,0.7314304137896899
2025-05-02,0.9748685362014354
2025-05-07,0.7264832570670285
2025-05-08,0.728604261662167
2025-05-09,0.9729903637042759
2025-05-12,0.9725326360794511
2025-05-13,0.7220089167581611
2025-05-14,0.9635892491112493
2025-05-15,0.7339265772640441
2025-05-16,0.730572621962934
2025-05-19,0.7295101511633852
2025-05-20,0.7241836611776339
2025-05-21,0.7337724245657941
2025-05-22,0.7334479291217187
2025-05-23,0.7320901790449703
2025-05-26,0.7323929723367965
2025-05-28,0.7255671515917786
2025-05-29,0.9764266225771494
2025-05-30,0.9851186964754494
2025-06-02,0.7302149707142718
2025-06-03,0.7251632003804733
2025-06-04,0.7301756856490239
2025-06-05,0.9714991860305812
2025-06-06,0.7318055412394174
2025-06-09,0.9732560839072466
2025-06-10,0.972613983195723
2025-06-11,0.7295056450397581
2025-06-12,0.7300475347468357
2025-06-13,0.7306099629539058
2025-06-16,0.728785453782783
2025-06-17,0.9753800390198681
2025-06-18,0.9853863029516055
2025-06-19,0.7282774407537269
2025-06-23,0.7298255152183822
2025-06-24,0.9695289723609115
2025-06-25,0.7266776183373109
2025-06-26,0.7341694567155893
2025-06-27,0.731065892368107
2025-06-30,0.7263196873879648
2025-07-01,0.7272080712009782
2025-07-02,0.7353441392689154
2025-07-03,0.7320264835637034
2025-07-04,0.7250776191282061
2025-07-08,0.7345611458302396
2025-07-09,0.9745043307749368
2025-07-10,0.7255454218368498
2025-07-11,0.7295969069327717
2025-07-14,0.9800705561134783
2025-07-15,0.9672901060716484
2025-07-16,0.9746069932024396
2025-07-17,0.7348643924920804
2025-07-18,0.7275177743269
2025-07-22,0.7313087877568779
2025-07-23,0.7487255732633092
2025-07-24,0.7373711551479424
2025-07-25,0.7272568864579383
2025-07-28,0.969306009878052
2025-07-29,0.972054632352309
2025-07-30,0.9801472043548749
2025-07-31,0.7324305313964999
2025-08-01,0.9793957460073537
2025-08-04,0.9855219012104193
2025-08-05,0.7326507035151281
2025-08-06,0.740219001875582
2025-08-07,0.9793994532303746
2025-08-08,0.7334198850275463
2025-08-12,0.9762641985614526
2025-08-13,0.9762115430571879
2025-08-14,0.7259385706895606
2025-08-15,0.7393518262043981
2025-08-18,0.9717097132565801
2025-08-19,0.7316666900805108
2025-08-20,0.975461699787688
2025-08-21,0.7275409977611986
2025-08-22,0.7321145846880796
2025-08-25,0.9667486555064047
2025-08-26,0.7239775420138025
2025-08-27,0.7329171235498992
2025-08-28,0.7354346512212014
2025-08-29,0.728674407964264
2025-09-01,0.7325927790867001
2025-09-03,0.7261670917648267
2025-09-04,0.9759420743904099
2025-09-05,0.7273118208607255
2025-09-08,0.7330324313123
2025-09-09,0.7246936608863442
2025-09-10,0.730577055149882
2025-09-11,0.9755612145786731
2025-09-12,0.7278264334617909
2025-09-16,0.9749633896565315
2025-09-17,0.725008620704502
2025-09-18,0.7311975533559772
2025-09-19,0.9635529769565151
2025-09-22,0.9742333443048222
2025-09-24,0.7321825512761474
2025-09-25,0.7307692447842757
2025-09-26,0.9777668535351988
2025-09-29,0.9609326377342808
2025-09-30,0.7277295665439297
2025-10-01,0.7201083276718324
2025-10-02,0.721983387580482
2025-10-03,0.7383928175940723
2025-10-06,0.9636496932756186
2025-10-07,0.9703810342587982
2025-10-08,0.9702711370124901
2025-10-09,0.9723626025523835
2025-10-10,0.9614196954438288
2025-10-14,0.7324505395233792
2025-10-15,0.7345875854033214
2025-10-16,0.7311902149924475
2025-10-17,0.7256782056474095
2025-10-20,0.7346583773615737
2025-10-21,0.9646164396024858
2025-10-22,0.7308253810421947
2025-10-23,0.9762885557063058
2025-10-29,0.7208992938875942
2025-10-30,0.7346791840519744
2025-10-31,0.9793998680172683
2025-11-04,0.9725722296875782
2025-11-05,0.7290052090413374
2025-11-06,0.7337446908331843
2025-11-07,0.9787019782933041
2025-11-10,0.7306047004578747
2025-11-11,0.9676471872120256
2025-11-12,0.9821196195971043
2025-11-13,0.7302080124467222
2025-11-14,0.9783310712021915
2025-11-17,0.971542385298856
2025-11-18,0.7150604324307883
2025-11-19,0.9695604210900436
2025-11-20,0.9704455039409486
2025-11-21,0.9947814792435608
2025-11-25,0.7236523318609183
2025-11-26,0.9901561999564917
2025-11-27,0.7279948141619643
2025-12-01,0.959803337667902
2025-12-02,0.7234385147256811
2025-12-03,0.7292247322139289
2025-12-04,0.7401257823850477
2025-12-05,0.7258541193416866
2025-12-08,0.9769943186476407
2025-12-09,0.7325505876486541
2025-12-10,0.9739372173200413
2025-12-11,0.9549631497125752
2025-12-12,0.7349716418343586
2025-12-15,0.7367548706742532
2025-12-16,0.9585690869496527
2025-12-17,0.7250741528625521
2025-12-18,0.7297648344501074
2025-12-19,0.9774573297320035
2025-12-22,0.9614981839910907
2025-12-23,0.9713876892421184
2025-12-24,0.7290634225240441
2025-12-25,0.7315934592073734
2025-12-29,0.7323701543910119
2025-12-30,0.9754562922046591
2026-01-05,0.9749483563361812
2026-01-06,0.9833547559454845
2026-01-07,0.7280035727915237
2026-01-08,0.7319626251957387
2026-01-09,0.9761090195646565
2026-01-13,0.9609397307420378
2026-01-14,0.7312610277904154
2026-01-15,0.9725371730477455
2026-01-16,0.7308816867879111
2026-01-19,0.9697850230267239
2026-01-21,0.9753400750272176
2026-01-22,0.7265151171571914
2026-01-23,0.969269846097174
2026-01-26,0.9690534036765645
2026-01-27,0.7286467010318368
2026-01-28,0.724867234208975
2026-01-29,0.7331767612217257
2026-01-30,0.9843220367515635
2026-02-02,0.9626941342666281
2026-02-03,0.9875743631824486
2026-02-04,0.9766507882433042
2026-02-05,0.9645491368993089
2026-02-06,0.9847948950269562
2026-02-09,0.9620479185654026
2026-02-10,0.9789922920545719
2026-02-12,0.7327054125334462
2026-02-13,0.7242086047770677
2026-02-16,0.7196590904479655
2026-02-18,0.9785175624720527
2026-02-19,0.7371887040482922
2026-02-20,0.9699107360832717
2026-02-24,0.7269825283800363
2026-02-25,0.9755529625828763
2026-02-26,0.967484829320556
2026-02-27,0.9810357614414736
2026-03-02,0.9607076574297431
2026-03-03,0.9377925310809354
2026-03-04,0.9643034998706784
2026-03-05,0.940118806796671
2026-03-06,0.7398832507386339
2026-03-09,0.9831104897803442
2026-03-10,0.969817273619786
2026-03-11,0.7348495883847996
2026-03-12,0.9652563036669559
2026-03-13,0.9801012599145376
2026-03-16,0.969193529087096
2026-03-17,0.9689016199172616
2026-03-18,0.7411570788522647
2026-03-19,0.7234325582766234
2026-03-23,0.7223169870155326
2026-03-24,0.9701678485955035
2026-03-25,0.7460210300931542
2026-03-26,0.9700698557235282
2026-03-27,0.9812907396943934
2026-03-30,0.9851161998855134
2026-03-31,0.7263764107198171
2026-04-01,0.7397898417432193
2026-04-02,0.7189960353705038
2026-04-03,0.9801554839380395
2026-04-07,0.9640413252807233
2026-04-08,0.970714513268499
2026-04-09,0.7225263126804281
2026-04-10,0.729652478576144
2026-04-13,0.9785660079732358
2026-04-14,0.96719522141225
2026-04-15,0.7290259902774671
2026-04-16,0.7315380469795756
2026-04-17,0.961647924841638
2026-04-20,0.7255187384351244
2026-04-21,0.7283689871861042
2026-04-22,0.7319878871832564
2026-04-23,0.9724909417662412
2026-04-24,0.9733706309304521
2026-04-27,0.9740462407545241
2026-04-28,0.7398113390409515
2026-04-30,0.9759429491948497
2026-05-01,0.971756548417018
2026-05-07,0.98377867638745
2026-05-08,0.7345865540079911
2026-05-11,0.9783269883174253
2026-05-12,0.9820296230492879
2026-05-13,0.98697215452291
2026-05-14,0.9675118086076034
2026-05-15,0.9721010138631159
2026-05-18,0.9646276864595734
2026-05-19,0.9749557019280829
2026-05-20,0.964824639951341
2026-05-21,0.9733044870449793
2026-05-22,0.7364699810318189
2026-05-25,0.984015436138805
2026-05-27,0.975149737224131
2026-05-28,0.9701736187912313
2026-05-29,0.9848473856865527
2026-06-01,0.7336091705369395
2026-06-02,0.9708583747145132
2026-06-03,0.9798967004488087
2026-06-04,0.9752449312724607
2026-06-05,0.9765265357917711
2026-06-08,0.9806748431031784
2026-06-09,0.9773894998946172
2026-06-10,0.7317419653502919
2026-06-11,0.9818981597730518
2026-06-12,0.9641918057254005
2026-06-15,0.7368333689914732
2026-06-16,0.7294179376455915
2026-06-17,0.9848183184793087
2026-06-18,0.9841639486100054
2026-06-19,0.9764527253354006
2026-06-23,0.7085342524640251
2026-06-24,0.9704440996634036
2026-06-25,0.9693624008163294
2026-06-26,0.9759147488222387
2026-06-29,0.9743838512199925
2026-06-30,0.9747287176623972
2026-07-01,0.9743441631937224
2026-07-02,0.9725582600250162
2026-07-03,0.9788948489831752
2026-07-07,0.9682914364614948
2026-07-08,0.9758678323729937
2026-07-09,0.9755485940105955
2026-07-10,0.9767451442774185
2026-07-13,0.7250048111537127
2026-07-14,0.7366962596633706
2026-07-15,0.9794927293133399
2026-07-16,0.7299280652636809
2026-07-17,0.7255018328437578
2026-07-21,0.9884720363856656
2026-07-22,0.7254962261591518
2026-07-23,0.9763882543578024
2026-07-24,0.7366511050261348
2026-07-27,0.9836007883124249
2026-07-28,0.7233867102541994
2026-07-29,2.613489458508337
