trade_date,daily_turnover
2024-12-23,1.7907982829013995
2024-12-24,1.3708805177426657
2024-12-25,1.590113520755973
2024-12-27,2.0323166029299977
2024-12-30,2.086501579437335
2025-01-06,1.7203325254871524
2025-01-07,1.8119503293103398
2025-01-08,2.2887457384886587
2025-01-09,1.8233900534507768
2025-01-14,1.6319451408563168
2025-01-15,1.7745597289249422
2025-01-16,1.4071846405689172
2025-01-17,1.6153615475407639
2025-01-20,1.7057748776821717
2025-01-22,1.6641752339396858
2025-01-23,1.8788893769523392
2025-01-24,1.9035617635627895
2025-01-27,1.831238090801067
2025-01-28,1.2632752918583137
2025-01-29,1.5372423297157243
2025-01-30,1.6486426266904683
2025-01-31,1.4009452785536003
2025-02-03,1.8394072061233488
2025-02-04,2.1393407231735218
2025-02-05,1.7041262205218688
2025-02-06,1.8483028025237473
2025-02-07,1.5976622244493952
2025-02-10,1.4823151122726905
2025-02-12,1.9294005505965914
2025-02-13,2.35013805502961
2025-02-14,2.268882545462939
2025-02-17,1.801771345986732
2025-02-19,1.2769988275107513
2025-02-20,2.1373276011700217
2025-02-21,1.8353563962032142
2025-02-25,2.04038504702514
2025-02-26,2.180750751574344
2025-02-27,1.6731391699943325
2025-02-28,2.0709361713618364
2025-03-03,2.3726172663240517
2025-03-04,2.1785614042233954
2025-03-05,1.6935730857901905
2025-03-06,1.925975225738866
2025-03-07,1.9676528975282894
2025-03-10,1.8150293057173172
2025-03-11,1.3569984050598696
2025-03-12,1.7305794496752545
2025-03-13,1.6494598934020042
2025-03-14,1.97273967265923
2025-03-17,1.7390314650508365
2025-03-18,1.924040041787279
2025-03-19,1.8919021205314022
2025-03-21,1.476890596866914
2025-03-24,1.8174155121659652
2025-03-25,1.7126673327656747
2025-03-26,1.526259159980241
2025-03-27,1.7302784179299169
2025-03-28,1.5645342868696495
2025-03-31,1.7507473596162821
2025-04-01,1.6317489158477725
2025-04-02,1.9626767246954189
2025-04-03,2.26973622402975
2025-04-04,1.8880208125727431
2025-04-07,1.6203572861004714
2025-04-08,1.5581044009505145
2025-04-09,1.5536017933407902
2025-04-10,1.861056476867496
2025-04-11,1.9376793166796493
2025-04-14,1.3357600639419092
2025-04-15,1.671982640653627
2025-04-16,1.4470008843335216
2025-04-17,1.9475128723067474
2025-04-18,1.8980017584228988
2025-04-22,1.8679650556533476
2025-04-23,2.487247491021402
2025-04-24,2.392498777981822
2025-04-25,2.0571225450723993
2025-04-28,1.0119367219389548
2025-04-30,1.619309817016046
2025-05-01,1.5444028483599235
2025-05-02,2.244504947039798
2025-05-07,1.6063071714466077
2025-05-08,1.4149697093148657
2025-05-09,1.845578040494538
2025-05-12,1.8840909141648392
2025-05-13,1.4689047404298088
2025-05-14,1.8812259434423348
2025-05-15,1.326198870355205
2025-05-16,1.7302906990526115
2025-05-19,1.3265164056915966
2025-05-20,1.6202902883492112
2025-05-21,1.2414127634344496
2025-05-22,1.105634153780973
2025-05-23,1.4404969533274325
2025-05-26,1.8233624930231405
2025-05-28,1.8113518249477558
2025-05-29,1.5840788682338252
2025-05-30,2.49066647852175
2025-06-02,1.3345668544843554
2025-06-03,1.9500092742889132
2025-06-04,1.5084755525260038
2025-06-05,2.077987397458338
2025-06-06,2.057963797754571
2025-06-09,1.9669915516150829
2025-06-10,1.7006317512443025
2025-06-11,1.4120770881249234
2025-06-12,1.650732431232688
2025-06-13,1.5136092956233302
2025-06-16,1.6226490648963892
2025-06-17,1.753544309018998
2025-06-18,2.066313158789039
2025-06-19,1.458586884474749
2025-06-23,1.2677804851920536
2025-06-24,2.1696247440102225
2025-06-25,1.8310917984933486
2025-06-26,1.6845660599345795
2025-06-27,1.4809112591732432
2025-06-30,1.4862271237978102
2025-07-01,1.415377413874903
2025-07-02,1.5820328946955713
2025-07-03,1.4701113402983683
2025-07-04,1.7493814361854996
2025-07-08,1.5241562661842563
2025-07-09,2.1182108863610174
2025-07-10,1.8054780095796876
2025-07-11,1.4865563844133511
2025-07-14,2.0642060418795816
2025-07-15,1.8594334658127782
2025-07-16,1.7839690104693695
2025-07-17,1.5915783382829982
2025-07-18,1.713197330999666
2025-07-22,1.4708585965976482
2025-07-23,1.4587242660037207
2025-07-24,1.644202985730782
2025-07-25,1.5015146244182325
2025-07-28,1.9312404830727277
2025-07-29,2.161233593874519
2025-07-30,2.242005997078241
2025-07-31,1.8317851336098052
2025-08-01,1.424747376287709
2025-08-04,2.3588377050909806
2025-08-05,1.6330192078857408
2025-08-06,1.775397155952904
2025-08-07,2.1888463171130668
2025-08-08,2.157969213378357
2025-08-12,2.3355931612585925
2025-08-13,2.238090055791678
2025-08-14,1.772480014588683
2025-08-15,1.6150589644676079
2025-08-18,2.1467491778610763
2025-08-19,2.145301548282869
2025-08-20,2.011068779139017
2025-08-21,1.579221179248202
2025-08-22,1.6269689789702377
2025-08-25,1.897884868904444
2025-08-26,1.5705438789026078
2025-08-27,1.5596618736246366
2025-08-28,1.5725498466431846
2025-08-29,1.6203950499753705
2025-09-01,1.574596109054627
2025-09-03,1.741916710497117
2025-09-04,2.12760755106794
2025-09-05,1.6073107251529573
2025-09-08,1.2381773568748433
2025-09-09,1.3895577914677582
2025-09-10,1.7480180565788697
2025-09-11,2.0341449339219015
2025-09-12,1.8855261530371163
2025-09-16,1.917336104645678
2025-09-17,1.712023383358613
2025-09-18,1.5185546858046135
2025-09-19,2.016224303711378
2025-09-22,1.8932270476505957
2025-09-24,1.9161414859404569
2025-09-25,1.3290008227389551
2025-09-26,1.8468312281106607
2025-09-29,2.356900811151091
2025-09-30,1.4749000718251033
2025-10-01,1.7701688029906646
2025-10-02,1.6680721863830312
2025-10-03,1.4020208278993667
2025-10-06,2.0133283713808017
2025-10-07,2.3825884571403857
2025-10-08,1.6667229079409576
2025-10-09,1.7976811702311921
2025-10-10,2.0121729746396437
2025-10-14,1.5714883749820034
2025-10-15,1.6946880957909725
2025-10-16,1.7531206171377591
2025-10-17,1.6409610644975792
2025-10-20,1.7470848787519233
2025-10-21,1.9082532899513287
2025-10-22,1.508920682618418
2025-10-23,1.8771236817828052
2025-10-29,1.6726377744339698
2025-10-30,1.7915924813328896
2025-10-31,2.4053951447784465
2025-11-04,2.3126147894000315
2025-11-05,1.6295671970587986
2025-11-06,1.3954440968511637
2025-11-07,2.2624045012597827
2025-11-10,1.727415396192494
2025-11-11,1.9808580683953005
2025-11-12,2.0672048944950148
2025-11-13,1.7853365270079846
2025-11-14,2.0487441854937
2025-11-17,2.015449326235151
2025-11-18,1.4377275783860717
2025-11-19,1.5635290911592452
2025-11-20,1.9132644369391127
2025-11-21,2.1542646837511374
2025-11-25,1.7323316109696354
2025-11-26,2.2120119183902727
2025-11-27,1.6178269375912768
2025-12-01,1.8953181051662125
2025-12-02,1.6505061543243227
2025-12-03,1.6839126577028523
2025-12-04,1.5386228407617013
2025-12-05,1.5724934571218074
2025-12-08,1.8850141739813315
2025-12-09,1.5916631715658405
2025-12-10,1.6628142323460762
2025-12-11,1.958191706681704
2025-12-12,2.007569943811177
2025-12-15,1.7235410993923734
2025-12-16,2.1231904513550424
2025-12-17,1.4212531025712642
2025-12-18,1.7342233582785902
2025-12-19,2.3939483504506867
2025-12-22,1.8099507630659972
2025-12-23,1.9950031090845946
2025-12-24,1.256299784239675
2025-12-25,1.4447442161212196
2025-12-29,1.6794700321211233
2025-12-30,1.9247977456284577
2026-01-05,1.7085020006268645
2026-01-06,1.444822671578145
2026-01-07,1.8282974808177543
2026-01-08,1.6273048068893168
2026-01-09,2.4007295374462565
2026-01-13,1.7794685213952062
2026-01-14,1.2912616530961205
2026-01-15,1.9489537238399894
2026-01-16,1.6100563313224499
2026-01-19,1.5731617464685828
2026-01-21,2.2435207016412977
2026-01-22,1.6027992479353552
2026-01-23,2.097638102896765
2026-01-26,2.0568485148766924
2026-01-27,1.622204812311218
2026-01-28,1.2552304528541378
2026-01-29,1.596165737414593
2026-01-30,1.8719033223388464
2026-02-02,2.0876276198563612
2026-02-03,2.1598127457625096
2026-02-04,2.2767320563426985
2026-02-05,1.7316846626558275
2026-02-06,1.7779541002308554
2026-02-09,1.6352477394023124
2026-02-10,2.0449789578215585
2026-02-12,1.2395020043109488
2026-02-13,1.4855164830680243
2026-02-16,1.343226947002472
2026-02-18,1.9069519128259131
2026-02-19,1.619700962537625
2026-02-20,2.1951209507526928
2026-02-24,1.6854850402897898
2026-02-25,2.076841476571301
2026-02-26,2.0113979933843096
2026-02-27,2.1655809849186034
2026-03-02,2.0873172858376874
2026-03-03,2.2200798188765947
2026-03-04,2.0773003726169925
2026-03-05,1.9244676879185167
2026-03-06,1.4362398066827446
2026-03-09,1.8010065942300855
2026-03-10,2.365463015244504
2026-03-11,1.41966778394674
2026-03-12,2.0986567045279854
2026-03-13,2.0430888242892364
2026-03-16,2.05826191694581
2026-03-17,2.364020057830893
2026-03-18,1.9537318248786988
2026-03-19,1.8520437215006729
2026-03-23,1.4240640297873846
2026-03-24,2.1843528301722004
2026-03-25,1.4114083020430548
2026-03-26,1.9681324622479972
2026-03-27,2.2264891008581063
2026-03-30,2.1073799227638146
2026-03-31,1.7341189629621387
2026-04-01,1.7596695712682733
2026-04-02,1.31500685775957
2026-04-03,2.099841125599849
2026-04-07,2.4998459135663924
2026-04-08,2.1167993827764953
2026-04-09,2.0394644946427283
2026-04-10,1.7036765679122627
2026-04-13,2.0628251912978097
2026-04-14,2.5365688017050334
2026-04-15,1.912750033893378
2026-04-16,1.7640707403107863
2026-04-17,2.14245946865893
2026-04-20,1.5607776094092563
2026-04-21,1.605066442583791
2026-04-22,1.5413180527202563
2026-04-23,1.7977712197649836
2026-04-24,2.142860067640056
2026-04-27,2.288609177828584
2026-04-28,1.7071407002342447
2026-04-30,1.9809074458232498
2026-05-01,2.368186315906924
2026-05-07,2.431638134565925
2026-05-08,1.320731525090139
2026-05-11,2.136400211327724
2026-05-12,2.3098742634516376
2026-05-13,2.180466697439718
2026-05-14,2.0877658217187514
2026-05-15,2.1742169409119096
2026-05-18,2.161267393044866
2026-05-19,1.9568777050593211
2026-05-20,1.9174151941933153
2026-05-21,2.1820487160800526
2026-05-22,1.6267275043251437
2026-05-25,1.8339343856451005
2026-05-27,2.047129030845094
2026-05-28,1.7183471486010893
2026-05-29,2.2692684614853205
2026-06-01,1.464377025198955
2026-06-02,1.9403642244171064
2026-06-03,2.274063342677981
2026-06-04,2.207524999373121
2026-06-05,1.7921213161890002
2026-06-08,1.7574627899808508
2026-06-09,2.4099710567578954
2026-06-10,1.562110767696669
2026-06-11,2.1558882833218025
2026-06-12,2.5147792040862513
2026-06-15,1.5911953701564991
2026-06-16,1.762608099770718
2026-06-17,2.0626606234541858
2026-06-18,1.693353314793694
2026-06-19,2.3110829135995483
2026-06-23,1.6830497518695597
2026-06-24,2.1663176828118966
2026-06-25,2.371931938730944
2026-06-26,2.5799554655137498
2026-06-29,1.9679773905015892
2026-06-30,2.4062228811929534
2026-07-01,2.2559998951930114
2026-07-02,2.1292363375462955
2026-07-03,1.258961259082684
2026-07-07,1.6382200190897414
2026-07-08,1.9229547044333708
2026-07-09,2.2382134200198402
2026-07-10,1.9051328693759646
2026-07-13,1.7888743707493244
2026-07-14,1.593415222215818
2026-07-15,2.164016011864005
2026-07-16,1.3705157597777082
2026-07-17,1.6536326033569768
2026-07-21,1.9259317560350593
2026-07-22,2.0019317249275064
2026-07-23,1.7809015454705541
2026-07-24,1.8167873065451885
2026-07-27,1.7034873181812098
2026-07-28,1.6234333341490716
2026-07-29,2.791310687660506
