trade_date,daily_slip_costs
2024-12-23,0.0017907982829013995
2024-12-24,0.0013708805177426657
2024-12-25,0.0015901135207559728
2024-12-27,0.0020323166029299978
2024-12-30,0.002086501579437335
2025-01-06,0.0017203325254871525
2025-01-07,0.00181195032931034
2025-01-08,0.0022887457384886587
2025-01-09,0.0018233900534507768
2025-01-14,0.001631945140856317
2025-01-15,0.0017745597289249423
2025-01-16,0.0014071846405689173
2025-01-17,0.0016153615475407639
2025-01-20,0.0017057748776821717
2025-01-22,0.001664175233939686
2025-01-23,0.0018788893769523393
2025-01-24,0.0019035617635627896
2025-01-27,0.001831238090801067
2025-01-28,0.0012632752918583137
2025-01-29,0.0015372423297157242
2025-01-30,0.0016486426266904685
2025-01-31,0.0014009452785536003
2025-02-03,0.0018394072061233488
2025-02-04,0.002139340723173522
2025-02-05,0.0017041262205218688
2025-02-06,0.0018483028025237473
2025-02-07,0.0015976622244493952
2025-02-10,0.0014823151122726906
2025-02-12,0.0019294005505965915
2025-02-13,0.00235013805502961
2025-02-14,0.002268882545462939
2025-02-17,0.001801771345986732
2025-02-19,0.0012769988275107514
2025-02-20,0.002137327601170022
2025-02-21,0.0018353563962032143
2025-02-25,0.00204038504702514
2025-02-26,0.002180750751574344
2025-02-27,0.0016731391699943325
2025-02-28,0.0020709361713618364
2025-03-03,0.002372617266324052
2025-03-04,0.0021785614042233955
2025-03-05,0.0016935730857901906
2025-03-06,0.001925975225738866
2025-03-07,0.0019676528975282894
2025-03-10,0.0018150293057173173
2025-03-11,0.0013569984050598696
2025-03-12,0.0017305794496752546
2025-03-13,0.001649459893402004
2025-03-14,0.00197273967265923
2025-03-17,0.0017390314650508366
2025-03-18,0.001924040041787279
2025-03-19,0.0018919021205314021
2025-03-21,0.001476890596866914
2025-03-24,0.0018174155121659652
2025-03-25,0.0017126673327656748
2025-03-26,0.0015262591599802412
2025-03-27,0.0017302784179299168
2025-03-28,0.0015645342868696496
2025-03-31,0.0017507473596162823
2025-04-01,0.0016317489158477725
2025-04-02,0.001962676724695419
2025-04-03,0.0022697362240297497
2025-04-04,0.0018880208125727433
2025-04-07,0.0016203572861004714
2025-04-08,0.0015581044009505146
2025-04-09,0.0015536017933407901
2025-04-10,0.001861056476867496
2025-04-11,0.0019376793166796494
2025-04-14,0.0013357600639419091
2025-04-15,0.001671982640653627
2025-04-16,0.0014470008843335217
2025-04-17,0.0019475128723067474
2025-04-18,0.0018980017584228988
2025-04-22,0.0018679650556533477
2025-04-23,0.002487247491021402
2025-04-24,0.002392498777981822
2025-04-25,0.0020571225450723993
2025-04-28,0.0010119367219389548
2025-04-30,0.0016193098170160462
2025-05-01,0.0015444028483599236
2025-05-02,0.002244504947039798
2025-05-07,0.0016063071714466077
2025-05-08,0.0014149697093148656
2025-05-09,0.0018455780404945381
2025-05-12,0.0018840909141648393
2025-05-13,0.0014689047404298089
2025-05-14,0.001881225943442335
2025-05-15,0.001326198870355205
2025-05-16,0.0017302906990526116
2025-05-19,0.0013265164056915967
2025-05-20,0.0016202902883492112
2025-05-21,0.0012414127634344497
2025-05-22,0.001105634153780973
2025-05-23,0.0014404969533274325
2025-05-26,0.0018233624930231406
2025-05-28,0.0018113518249477558
2025-05-29,0.0015840788682338252
2025-05-30,0.00249066647852175
2025-06-02,0.0013345668544843554
2025-06-03,0.0019500092742889134
2025-06-04,0.001508475552526004
2025-06-05,0.0020779873974583383
2025-06-06,0.002057963797754571
2025-06-09,0.001966991551615083
2025-06-10,0.0017006317512443026
2025-06-11,0.0014120770881249235
2025-06-12,0.001650732431232688
2025-06-13,0.0015136092956233302
2025-06-16,0.0016226490648963891
2025-06-17,0.001753544309018998
2025-06-18,0.002066313158789039
2025-06-19,0.0014585868844747489
2025-06-23,0.0012677804851920537
2025-06-24,0.0021696247440102226
2025-06-25,0.0018310917984933487
2025-06-26,0.0016845660599345796
2025-06-27,0.0014809112591732433
2025-06-30,0.0014862271237978102
2025-07-01,0.0014153774138749029
2025-07-02,0.0015820328946955712
2025-07-03,0.0014701113402983683
2025-07-04,0.0017493814361854996
2025-07-08,0.0015241562661842563
2025-07-09,0.0021182108863610173
2025-07-10,0.0018054780095796876
2025-07-11,0.0014865563844133512
2025-07-14,0.0020642060418795817
2025-07-15,0.0018594334658127783
2025-07-16,0.0017839690104693696
2025-07-17,0.0015915783382829981
2025-07-18,0.0017131973309996661
2025-07-22,0.0014708585965976483
2025-07-23,0.0014587242660037208
2025-07-24,0.0016442029857307821
2025-07-25,0.0015015146244182324
2025-07-28,0.0019312404830727277
2025-07-29,0.0021612335938745193
2025-07-30,0.002242005997078241
2025-07-31,0.0018317851336098053
2025-08-01,0.001424747376287709
2025-08-04,0.0023588377050909807
2025-08-05,0.0016330192078857408
2025-08-06,0.001775397155952904
2025-08-07,0.0021888463171130666
2025-08-08,0.0021579692133783567
2025-08-12,0.0023355931612585924
2025-08-13,0.002238090055791678
2025-08-14,0.001772480014588683
2025-08-15,0.001615058964467608
2025-08-18,0.0021467491778610764
2025-08-19,0.002145301548282869
2025-08-20,0.002011068779139017
2025-08-21,0.001579221179248202
2025-08-22,0.0016269689789702377
2025-08-25,0.0018978848689044441
2025-08-26,0.0015705438789026078
2025-08-27,0.0015596618736246366
2025-08-28,0.0015725498466431847
2025-08-29,0.0016203950499753706
2025-09-01,0.001574596109054627
2025-09-03,0.001741916710497117
2025-09-04,0.00212760755106794
2025-09-05,0.0016073107251529572
2025-09-08,0.0012381773568748433
2025-09-09,0.0013895577914677581
2025-09-10,0.0017480180565788697
2025-09-11,0.0020341449339219015
2025-09-12,0.0018855261530371164
2025-09-16,0.0019173361046456781
2025-09-17,0.0017120233833586129
2025-09-18,0.0015185546858046135
2025-09-19,0.002016224303711378
2025-09-22,0.0018932270476505956
2025-09-24,0.0019161414859404568
2025-09-25,0.0013290008227389552
2025-09-26,0.0018468312281106607
2025-09-29,0.002356900811151091
2025-09-30,0.0014749000718251033
2025-10-01,0.0017701688029906645
2025-10-02,0.0016680721863830312
2025-10-03,0.0014020208278993666
2025-10-06,0.0020133283713808015
2025-10-07,0.0023825884571403856
2025-10-08,0.0016667229079409577
2025-10-09,0.0017976811702311922
2025-10-10,0.0020121729746396437
2025-10-14,0.0015714883749820036
2025-10-15,0.0016946880957909726
2025-10-16,0.0017531206171377592
2025-10-17,0.0016409610644975792
2025-10-20,0.0017470848787519233
2025-10-21,0.0019082532899513287
2025-10-22,0.0015089206826184181
2025-10-23,0.0018771236817828052
2025-10-29,0.00167263777443397
2025-10-30,0.0017915924813328896
2025-10-31,0.0024053951447784465
2025-11-04,0.0023126147894000316
2025-11-05,0.0016295671970587987
2025-11-06,0.0013954440968511636
2025-11-07,0.002262404501259783
2025-11-10,0.0017274153961924941
2025-11-11,0.0019808580683953005
2025-11-12,0.002067204894495015
2025-11-13,0.0017853365270079846
2025-11-14,0.0020487441854937
2025-11-17,0.002015449326235151
2025-11-18,0.0014377275783860716
2025-11-19,0.0015635290911592452
2025-11-20,0.0019132644369391127
2025-11-21,0.0021542646837511377
2025-11-25,0.0017323316109696355
2025-11-26,0.0022120119183902725
2025-11-27,0.001617826937591277
2025-12-01,0.0018953181051662125
2025-12-02,0.0016505061543243228
2025-12-03,0.0016839126577028523
2025-12-04,0.0015386228407617013
2025-12-05,0.0015724934571218075
2025-12-08,0.0018850141739813315
2025-12-09,0.0015916631715658404
2025-12-10,0.0016628142323460763
2025-12-11,0.0019581917066817042
2025-12-12,0.002007569943811177
2025-12-15,0.0017235410993923735
2025-12-16,0.0021231904513550424
2025-12-17,0.0014212531025712643
2025-12-18,0.0017342233582785902
2025-12-19,0.0023939483504506866
2025-12-22,0.0018099507630659972
2025-12-23,0.0019950031090845946
2025-12-24,0.0012562997842396752
2025-12-25,0.0014447442161212196
2025-12-29,0.0016794700321211234
2025-12-30,0.0019247977456284579
2026-01-05,0.0017085020006268646
2026-01-06,0.001444822671578145
2026-01-07,0.0018282974808177543
2026-01-08,0.0016273048068893169
2026-01-09,0.0024007295374462567
2026-01-13,0.0017794685213952063
2026-01-14,0.0012912616530961205
2026-01-15,0.0019489537238399895
2026-01-16,0.0016100563313224498
2026-01-19,0.0015731617464685827
2026-01-21,0.0022435207016412977
2026-01-22,0.0016027992479353552
2026-01-23,0.002097638102896765
2026-01-26,0.0020568485148766925
2026-01-27,0.001622204812311218
2026-01-28,0.0012552304528541378
2026-01-29,0.001596165737414593
2026-01-30,0.0018719033223388464
2026-02-02,0.0020876276198563614
2026-02-03,0.0021598127457625096
2026-02-04,0.0022767320563426984
2026-02-05,0.0017316846626558276
2026-02-06,0.0017779541002308555
2026-02-09,0.0016352477394023124
2026-02-10,0.0020449789578215584
2026-02-12,0.001239502004310949
2026-02-13,0.0014855164830680243
2026-02-16,0.001343226947002472
2026-02-18,0.0019069519128259132
2026-02-19,0.001619700962537625
2026-02-20,0.0021951209507526928
2026-02-24,0.00168548504028979
2026-02-25,0.002076841476571301
2026-02-26,0.0020113979933843095
2026-02-27,0.0021655809849186036
2026-03-02,0.0020873172858376873
2026-03-03,0.002220079818876595
2026-03-04,0.0020773003726169926
2026-03-05,0.0019244676879185169
2026-03-06,0.0014362398066827447
2026-03-09,0.0018010065942300855
2026-03-10,0.002365463015244504
2026-03-11,0.00141966778394674
2026-03-12,0.0020986567045279854
2026-03-13,0.0020430888242892365
2026-03-16,0.0020582619169458097
2026-03-17,0.002364020057830893
2026-03-18,0.001953731824878699
2026-03-19,0.0018520437215006728
2026-03-23,0.0014240640297873846
2026-03-24,0.0021843528301722006
2026-03-25,0.001411408302043055
2026-03-26,0.0019681324622479973
2026-03-27,0.0022264891008581065
2026-03-30,0.0021073799227638145
2026-03-31,0.0017341189629621388
2026-04-01,0.0017596695712682733
2026-04-02,0.00131500685775957
2026-04-03,0.002099841125599849
2026-04-07,0.0024998459135663923
2026-04-08,0.0021167993827764953
2026-04-09,0.002039464494642728
2026-04-10,0.0017036765679122627
2026-04-13,0.00206282519129781
2026-04-14,0.0025365688017050334
2026-04-15,0.001912750033893378
2026-04-16,0.0017640707403107864
2026-04-17,0.00214245946865893
2026-04-20,0.0015607776094092563
2026-04-21,0.001605066442583791
2026-04-22,0.0015413180527202564
2026-04-23,0.0017977712197649836
2026-04-24,0.0021428600676400562
2026-04-27,0.002288609177828584
2026-04-28,0.0017071407002342447
2026-04-30,0.00198090744582325
2026-05-01,0.002368186315906924
2026-05-07,0.002431638134565925
2026-05-08,0.001320731525090139
2026-05-11,0.002136400211327724
2026-05-12,0.0023098742634516376
2026-05-13,0.0021804666974397182
2026-05-14,0.0020877658217187513
2026-05-15,0.0021742169409119097
2026-05-18,0.002161267393044866
2026-05-19,0.0019568777050593214
2026-05-20,0.0019174151941933153
2026-05-21,0.0021820487160800527
2026-05-22,0.0016267275043251436
2026-05-25,0.0018339343856451004
2026-05-27,0.0020471290308450942
2026-05-28,0.0017183471486010894
2026-05-29,0.0022692684614853205
2026-06-01,0.001464377025198955
2026-06-02,0.0019403642244171064
2026-06-03,0.0022740633426779813
2026-06-04,0.002207524999373121
2026-06-05,0.0017921213161890001
2026-06-08,0.001757462789980851
2026-06-09,0.0024099710567578956
2026-06-10,0.001562110767696669
2026-06-11,0.0021558882833218026
2026-06-12,0.0025147792040862513
2026-06-15,0.001591195370156499
2026-06-16,0.001762608099770718
2026-06-17,0.002062660623454186
2026-06-18,0.0016933533147936942
2026-06-19,0.0023110829135995483
2026-06-23,0.0016830497518695597
2026-06-24,0.0021663176828118965
2026-06-25,0.002371931938730944
2026-06-26,0.0025799554655137496
2026-06-29,0.001967977390501589
2026-06-30,0.002406222881192953
2026-07-01,0.0022559998951930116
2026-07-02,0.0021292363375462957
2026-07-03,0.001258961259082684
2026-07-07,0.0016382200190897414
2026-07-08,0.0019229547044333707
2026-07-09,0.0022382134200198403
2026-07-10,0.0019051328693759646
2026-07-13,0.0017888743707493244
2026-07-14,0.001593415222215818
2026-07-15,0.002164016011864005
2026-07-16,0.0013705157597777083
2026-07-17,0.001653632603356977
2026-07-21,0.0019259317560350593
2026-07-22,0.0020019317249275062
2026-07-23,0.0017809015454705542
2026-07-24,0.0018167873065451886
2026-07-27,0.0017034873181812097
2026-07-28,0.0016234333341490718
2026-07-29,0.002791310687660506
