trade_date,daily_costs
2024-12-23,0.0017907982829013995
2024-12-24,0.0015903512678270668
2024-12-25,0.0017539975345243959
2024-12-27,0.002353790652614175
2024-12-30,0.002740309170580641
2025-01-06,0.0032337878789175873
2025-01-07,0.001973143540308378
2025-01-08,0.002499680305957699
2025-01-09,0.0020420846055730804
2025-01-14,0.0024511550346203764
2025-01-15,0.0019352715861389756
2025-01-16,0.0015667161202934472
2025-01-17,0.001776715448694013
2025-01-20,0.0021961580454992195
2025-01-22,0.001990067475892989
2025-01-23,0.002039031466786205
2025-01-24,0.0021196471887109784
2025-01-27,0.0024858153040583893
2025-01-28,0.0014221937337852305
2025-01-29,0.0016989276577630906
2025-01-30,0.0018113877592803433
2025-01-31,0.001563516547975125
2025-02-03,0.0023327646356027954
2025-02-04,0.0023003072226721014
2025-02-05,0.001916793588097586
2025-02-06,0.0020100181213750326
2025-02-07,0.001760066073235459
2025-02-10,0.0019702584769093
2025-02-12,0.0022503406539012534
2025-02-13,0.002561382854256162
2025-02-14,0.00248697741248281
2025-02-17,0.0024396376551852005
2025-02-19,0.0015994888929737052
2025-02-20,0.00229847625016532
2025-02-21,0.0020498071861055917
2025-02-25,0.002691528376301827
2025-02-26,0.002399507217786205
2025-02-27,0.0018826398946996123
2025-02-28,0.00223246239441973
2025-03-03,0.0030199084567663964
2025-03-04,0.0023919048268411414
2025-03-05,0.0019050264004532294
2025-03-06,0.002087192798894036
2025-03-07,0.0021849510888752835
2025-03-10,0.0022999380832696404
2025-03-11,0.0015161154103997972
2025-03-12,0.0018933947257046382
2025-03-13,0.0018125612745967913
2025-03-14,0.0021879036353677265
2025-03-17,0.002392251952608534
2025-03-18,0.0020867365986951846
2025-03-19,0.0021029843385504056
2025-03-21,0.001914754618198515
2025-03-24,0.0023077318496407596
2025-03-25,0.0018742844966023438
2025-03-26,0.0017398352913304887
2025-03-27,0.0019463186613703604
2025-03-28,0.0017277842174272717
2025-03-31,0.0023905152231798663
2025-04-01,0.001844047915571023
2025-04-02,0.002123305553989517
2025-04-03,0.0024824962425269263
2025-04-04,0.0021118233915602197
2025-04-07,0.002108093846698996
2025-04-08,0.0017106543830175266
2025-04-09,0.0017099313413029235
2025-04-10,0.002073085839962776
2025-04-11,0.002086294158742532
2025-04-14,0.0019605924438646995
2025-04-15,0.0018361682172785324
2025-04-16,0.0016595193252205186
2025-04-17,0.0021104654183292013
2025-04-18,0.0021160897915080707
2025-04-22,0.0025308502437088325
2025-04-23,0.002709005987289223
2025-04-24,0.0026068215157328814
2025-04-25,0.0022711041556323234
2025-04-28,0.0016541850747382831
2025-04-30,0.0019474573264589214
2025-05-01,0.0017078253097365826
2025-05-02,0.002406761097398417
2025-05-07,0.0026904678675522386
2025-05-08,0.0015753076144914594
2025-05-09,0.002007396626341367
2025-05-12,0.002517707011867337
2025-05-13,0.001679779815897399
2025-05-14,0.002039921255407461
2025-05-15,0.0015340753738177935
2025-05-16,0.0018938651262156104
2025-05-19,0.0018132222732564994
2025-05-20,0.0017810484557427163
2025-05-21,0.0014030603321069446
2025-05-22,0.0012696929942810327
2025-05-23,0.0016044370647156833
2025-05-26,0.002310191115678898
2025-05-28,0.002136303460212314
2025-05-29,0.0017456363562867758
2025-05-30,0.0027091572500570096
2025-06-02,0.001993966199022375
2025-06-03,0.002112908667020756
2025-06-04,0.0016688753638680154
2025-06-05,0.002239586340337606
2025-06-06,0.0022750355448160862
2025-06-09,0.002451515101812784
2025-06-10,0.0019166963776266238
2025-06-11,0.0016310741843175414
2025-06-12,0.0018136441482609603
2025-06-13,0.0016756777020903331
2025-06-16,0.002109889220850749
2025-06-17,0.0019180033706867976
2025-06-18,0.002283178576395483
2025-06-19,0.0016786301024631688
2025-06-23,0.0019139192385167379
2025-06-24,0.002331869309725308
2025-06-25,0.0020439272225481987
2025-06-26,0.0018439907111387312
2025-06-27,0.0016453091217690891
2025-06-30,0.0019722748363491466
2025-07-01,0.001577179829436004
2025-07-02,0.0017430559273572165
2025-07-03,0.0016331574706096596
2025-07-04,0.0019126329781409652
2025-07-08,0.0021634544049712956
2025-07-09,0.0022825201107978506
2025-07-10,0.002019515551493126
2025-07-11,0.001648013490793817
2025-07-14,0.00255228022947686
2025-07-15,0.002079633209397077
2025-07-16,0.001999611718896822
2025-07-17,0.001808203027262061
2025-07-18,0.0018769742371870857
2025-07-22,0.002117844420604763
2025-07-23,0.0016227885075693507
2025-07-24,0.0018134006088548185
2025-07-25,0.001667527042906555
2025-07-28,0.0024180254917983025
2025-07-29,0.002376391659483555
2025-07-30,0.002460319513568749
2025-07-31,0.0020504551513403947
2025-08-01,0.0015865849792856342
2025-08-04,0.0030084641358774024
2025-08-05,0.0018547595839678397
2025-08-06,0.0019380597166724289
2025-08-07,0.002354647924834751
2025-08-08,0.0023755531758428328
2025-08-12,0.002988042756509352
2025-08-13,0.002455071978598635
2025-08-14,0.0019892333756052023
2025-08-15,0.0017769465294450756
2025-08-18,0.002634051507781651
2025-08-19,0.0023588952883471497
2025-08-20,0.002176487497305976
2025-08-21,0.0017952440707517876
2025-08-22,0.0017904016157354583
2025-08-25,0.002384399030342777
2025-08-26,0.0017855128419917504
2025-08-27,0.0017200184249896648
2025-08-28,0.0017370496577819405
2025-08-29,0.0017838043481044643
2025-09-01,0.002060674938715536
2025-09-03,0.0020685082931339483
2025-09-04,0.0022900488672027916
2025-09-05,0.0018219779491573213
2025-09-08,0.0017208281800387899
2025-09-09,0.0015518470465254904
2025-09-10,0.0019105180750481742
2025-09-11,0.002196131769895431
2025-09-12,0.002099841777211539
2025-09-16,0.0025610841046099864
2025-09-17,0.00193046828363404
2025-09-18,0.0016790174530732225
2025-09-19,0.0021783783345478798
2025-09-22,0.002527168679510329
2025-09-24,0.0023526258759585337
2025-09-25,0.0014916797751450366
2025-09-26,0.002008518478097313
2025-09-29,0.003011783722218503
2025-09-30,0.0016855186870301016
2025-10-01,0.0019336164394922531
2025-10-02,0.0018278173138962849
2025-10-03,0.0015600802921309125
2025-10-06,0.002508469581834275
2025-10-07,0.0025866796491227874
2025-10-08,0.0018812949237871736
2025-10-09,0.0020131110440844433
2025-10-10,0.0022291167509348136
2025-10-14,0.002423729549769238
2025-10-15,0.0018603734674489723
2025-10-16,0.0019156633290469268
2025-10-17,0.0018029152591353354
2025-10-20,0.002230513495955778
2025-10-21,0.0020695097288076043
2025-10-22,0.0017184067938240705
2025-10-23,0.0020392605267942733
2025-10-29,0.0029599829577445927
2025-10-30,0.001952621632217717
2025-10-31,0.0025683327546584802
2025-11-04,0.0031890358068568272
2025-11-05,0.0018453357532815095
2025-11-06,0.001557762394189211
2025-11-07,0.00242439581458102
2025-11-10,0.0023870494698202253
2025-11-11,0.0021428232626988985
2025-11-12,0.0022838377370669174
2025-11-13,0.0020030337030787714
2025-11-14,0.0022086437638225488
2025-11-17,0.0026669465401212714
2025-11-18,0.0016541382382811967
2025-11-19,0.0017200453510454266
2025-11-20,0.002124973725912861
2025-11-21,0.0023691942837008374
2025-11-25,0.0026013395712329726
2025-11-26,0.0023727152933494967
2025-11-27,0.001837998364376813
2025-12-01,0.002543525505367165
2025-12-02,0.0018612520629528815
2025-12-03,0.0018432652325721223
2025-12-04,0.0016999239085013743
2025-12-05,0.0017375388353166566
2025-12-08,0.0023674954812733357
2025-12-09,0.0018095164695342318
2025-12-10,0.0018267388874021117
2025-12-11,0.002175722103650906
2025-12-12,0.00221981256052059
2025-12-15,0.0022036027842626447
2025-12-16,0.002285827991452824
2025-12-17,0.0016309367155285567
2025-12-18,0.0018943488812290861
2025-12-19,0.002554629789019644
2025-12-22,0.0024552916255748923
2025-12-23,0.002205459816141199
2025-12-24,0.0014692969918102552
2025-12-25,0.0016064413173968698
2025-12-29,0.002332310798219262
2025-12-30,0.0020883636915983096
2026-01-05,0.002992215104079872
2026-01-06,0.0016602418485551127
2026-01-07,0.0020456772112927533
2026-01-08,0.001787901476591296
2026-01-09,0.002564598530885413
2026-01-13,0.0026359614646756066
2026-01-14,0.0015031322298795747
2026-01-15,0.0021120071099148415
2026-01-16,0.0018255658539024192
2026-01-19,0.002066028802719913
2026-01-21,0.002669218997298513
2026-01-22,0.0018213771221365525
2026-01-23,0.0022594799297352293
2026-01-26,0.002691127507623362
2026-01-27,0.0018364903239228613
2026-01-28,0.0014162495585211164
2026-01-29,0.0017576341755561338
2026-01-30,0.0020326270174929294
2026-02-02,0.0027389922330958686
2026-02-03,0.002369201925885277
2026-02-04,0.0024905040795889337
2026-02-05,0.0019431049156277329
2026-02-06,0.0019858093642457476
2026-02-09,0.0022827286104591606
2026-02-10,0.00225298412842784
2026-02-12,0.0016699602962093457
2026-02-13,0.001646424732843677
2026-02-16,0.001812914421558945
2026-02-18,0.0022283358008270775
2026-02-19,0.001836173084780996
2026-02-20,0.0023579667855508695
2026-02-24,0.0025599568147670476
2026-02-25,0.002235601736647594
2026-02-26,0.0022285311540381682
2026-02-27,0.002375698849917427
2026-03-02,0.0027342794470974095
2026-03-03,0.0024259002714180473
2026-03-04,0.00228900825943246
2026-03-05,0.002141973067635427
2026-03-06,0.0016419073415456591
2026-03-09,0.0023081620496459942
2026-03-10,0.0025801913578487783
2026-03-11,0.00163248984400811
2026-03-12,0.002265866294698988
2026-03-13,0.002258862891714249
2026-03-16,0.0027224487153374353
2026-03-17,0.0025824590110595873
2026-03-18,0.002173234325198449
2026-03-19,0.002018078331878623
2026-03-23,0.0020687056998484267
2026-03-24,0.0023465909491202355
2026-03-25,0.001629665328638307
2026-03-26,0.002137138153622985
2026-03-27,0.0024457549966562745
2026-03-30,0.002764635094505542
2026-03-31,0.0019583199828371034
2026-04-01,0.001919908414553242
2026-04-02,0.0014786403388516035
2026-04-03,0.002262095801211616
2026-04-07,0.003383065086109056
2026-04-08,0.0023346733404522287
2026-04-09,0.002262483482439158
2026-04-10,0.001867148086289291
2026-04-13,0.002556947913816471
2026-04-14,0.002754407130255423
2026-04-15,0.0021262690354571347
2026-04-16,0.0019278911076820726
2026-04-17,0.0023075215411150433
2026-04-20,0.0022121160083178604
2026-04-21,0.0017654866843486833
2026-04-22,0.0017063337521428786
2026-04-23,0.001963918357617621
2026-04-24,0.0023632160804727
2026-04-27,0.0029479420355576847
2026-04-28,0.0019298241057890593
2026-04-30,0.002319937749068306
2026-05-01,0.0025923001094445585
2026-05-07,0.0037488080965517576
2026-05-08,0.0015443525106276588
2026-05-11,0.002635243598549041
2026-05-12,0.0025346053800422946
2026-05-13,0.002399537644402754
2026-05-14,0.0023172500231353854
2026-05-15,0.002401695903581417
2026-05-18,0.0028202893114749605
2026-05-19,0.0021782837842133354
2026-05-20,0.002139900260316961
2026-05-21,0.0023968484458965584
2026-05-22,0.0018467586768453586
2026-05-25,0.002341851556221173
2026-05-27,0.002503612833798373
2026-05-28,0.0019419996904234825
2026-05-29,0.00248658379664959
2026-06-01,0.0021265572379658296
2026-06-02,0.0021123946305333548
2026-06-03,0.002493732865191002
2026-06-04,0.0024308721666158623
2026-06-05,0.002014086544904812
2026-06-08,0.0024271745978475816
2026-06-09,0.002638711114517321
2026-06-10,0.001781827558644266
2026-06-11,0.002321762170413527
2026-06-12,0.0027274303104501464
2026-06-15,0.0022287096108085432
2026-06-16,0.0019324284121044906
2026-06-17,0.0022274951055176566
2026-06-18,0.001916002314151774
2026-06-19,0.002533457967656345
2026-06-23,0.0025547215691265174
2026-06-24,0.0023288940739553993
2026-06-25,0.002590198825307959
2026-06-26,0.002800995832563358
2026-06-29,0.0026364238652429157
2026-06-30,0.00262322070602555
2026-07-01,0.002474452497376769
2026-07-02,0.0023548306721737702
2026-07-03,0.001476854998274537
2026-07-07,0.0025034459098536117
2026-07-08,0.0021427728164156445
2026-07-09,0.002465075866835673
2026-07-10,0.0021234122024712133
2026-07-13,0.0024575251972103443
2026-07-14,0.0017562937201037923
2026-07-15,0.002330341668707516
2026-07-16,0.0015902948886293768
2026-07-17,0.001819556830603413
2026-07-21,0.0025934363650004033
2026-07-22,0.0022230875278881823
2026-07-23,0.0019411599276738642
2026-07-24,0.0020364689450206304
2026-07-27,0.0022003412481407763
2026-07-28,0.0018491258147088907
2026-07-29,0.00296233431082174
