trade_date,daily_returns
2024-12-23,-0.003343591636688411
2024-12-24,-0.002403593896450822
2024-12-25,0.005289685183028208
2024-12-27,0.006109403717095807
2024-12-30,-0.0003190384684927925
2025-01-06,-0.0038547779884616135
2025-01-07,0.018823420774246417
2025-01-08,-0.008447153304249928
2025-01-09,-0.011284926768028267
2025-01-14,0.004897095727700711
2025-01-15,0.013237412561143243
2025-01-16,0.006847939019565793
2025-01-17,-0.00016672605656667546
2025-01-20,0.0028619086997004758
2025-01-22,0.014255183566346911
2025-01-23,0.00853058163108931
2025-01-24,-0.003190889740558389
2025-01-27,0.021104000092805136
2025-01-28,0.006430914319065624
2025-01-29,0.0025254549750272047
2025-01-30,0.0049354470597984795
2025-01-31,-0.005991227894875746
2025-02-03,0.006008446167898418
2025-02-04,0.011668509644004808
2025-02-05,0.003377605350270124
2025-02-06,0.002497511051549731
2025-02-07,7.890740277756024e-05
2025-02-10,0.008805341157817621
2025-02-12,0.016903067823118356
2025-02-13,0.003172195898254669
2025-02-14,0.013029567706078644
2025-02-17,0.00973397553640132
2025-02-19,0.004157897612340384
2025-02-20,0.0050602917286899675
2025-02-21,0.0013240424237230437
2025-02-25,0.003301846886652772
2025-02-26,0.028151661085540392
2025-02-27,0.011457724890204506
2025-02-28,0.005007660495537249
2025-03-03,0.019057554674136456
2025-03-04,0.01708047681731547
2025-03-05,0.014410691333068139
2025-03-06,0.00471187057953249
2025-03-07,0.005720447451847289
2025-03-10,0.01963624835008092
2025-03-11,-0.0007718516147683236
2025-03-12,0.012279865777197349
2025-03-13,0.006829213079374802
2025-03-14,0.003122024970742075
2025-03-17,0.004398064548711422
2025-03-18,0.01956614433891903
2025-03-19,0.00014250694757563355
2025-03-21,9.80250332309415e-05
2025-03-24,0.001774217943355008
2025-03-25,0.011730235677078718
2025-03-26,0.0025239060710212976
2025-03-27,0.0015112920682277418
2025-03-28,0.009683939334873283
2025-03-31,0.007441383719900198
2025-04-01,0.005071973336122052
2025-04-02,0.002320518270881902
2025-04-03,-0.021187031592547662
2025-04-04,-2.6294572031512926e-05
2025-04-07,0.06939933375972927
2025-04-08,0.05075997656342114
2025-04-09,0.00897479001748075
2025-04-10,0.09403399316116538
2025-04-11,0.05611179947813551
2025-04-14,-0.012231404501452284
2025-04-15,0.019697377896070102
2025-04-16,-0.0039422546284810945
2025-04-17,0.009423570837984339
2025-04-18,-0.003013213714256344
2025-04-22,-0.012426732844238432
2025-04-23,0.012345545278130806
2025-04-24,0.005896394315450111
2025-04-25,0.015042214066068833
2025-04-28,-0.005784622321140578
2025-04-30,-5.8179923561770246e-05
2025-05-01,0.004300462530776637
2025-05-02,0.0017467952724246156
2025-05-07,0.009418031658731273
2025-05-08,0.003090301505830651
2025-05-09,0.026079110937918936
2025-05-12,0.02714064259587744
2025-05-13,0.013691246372032685
2025-05-14,0.03235387777038575
2025-05-15,-0.00022078010694711594
2025-05-16,0.0033019228979663537
2025-05-19,0.010718320753235654
2025-05-20,-0.0016456765158630795
2025-05-21,-0.0034398698533865224
2025-05-22,-0.0031709960165489937
2025-05-23,0.005097503187007004
2025-05-26,0.004350185271721147
2025-05-28,0.0007000971525950666
2025-05-29,-0.004103253424256459
2025-05-30,-0.0013353851520846284
2025-06-02,-0.0011928008067014187
2025-06-03,0.007257665190044563
2025-06-04,0.006697493223413717
2025-06-05,-0.002745228994852006
2025-06-06,0.009441352168124934
2025-06-09,0.0036370883466179
2025-06-10,-0.010211461465633656
2025-06-11,-0.002157549448470138
2025-06-12,0.0036478132488490054
2025-06-13,0.0023367938764973844
2025-06-16,-0.012283755709425335
2025-06-17,0.00207780134567265
2025-06-18,-0.002142378542777565
2025-06-19,0.004429870706622624
2025-06-23,0.002243180520914433
2025-06-24,0.014890086069950889
2025-06-25,0.01538757397050235
2025-06-26,-0.00483506854998872
2025-06-27,0.005341877159206139
2025-06-30,0.0002386932504885378
2025-07-01,0.0060859291674237575
2025-07-02,0.004843509560384561
2025-07-03,-0.0008711440137962427
2025-07-04,0.010642165206213725
2025-07-08,-0.003780197535174277
2025-07-09,0.01418656948072575
2025-07-10,0.0013141566279089916
2025-07-11,-0.0007036965085911643
2025-07-14,-0.008240565139234678
2025-07-15,-0.0005421468582936192
2025-07-16,0.0024246598880875293
2025-07-17,-0.00025536441113801047
2025-07-18,0.002203118363908201
2025-07-22,-0.006592662125348056
2025-07-23,-0.013628812813246726
2025-07-24,-0.01008905902100546
2025-07-25,-0.0012832173014000006
2025-07-28,0.0037480267290875453
2025-07-29,-0.007785276874038796
2025-07-30,-0.0011911494760602818
2025-07-31,0.008273354406826009
2025-08-01,0.007557979236191866
2025-08-04,-0.009722504184634249
2025-08-05,0.0034977990155323872
2025-08-06,-0.005114611296330077
2025-08-07,0.002944805021221418
2025-08-08,0.002047490494334492
2025-08-12,0.0024625947688995454
2025-08-13,0.0035136428272214805
2025-08-14,-0.000803783263498092
2025-08-15,0.01388690180618201
2025-08-18,0.01339990209170975
2025-08-19,-0.014001333489204812
2025-08-20,0.005920501696718355
2025-08-21,-0.007885096122996255
2025-08-22,0.005723562811530022
2025-08-25,0.0020047141632612256
2025-08-26,0.005905271241939266
2025-08-27,-0.007049849850813314
2025-08-28,0.0027160377126566643
2025-08-29,0.0020476858203957128
2025-09-01,-0.0003880283682305629
2025-09-03,-0.00374892350283723
2025-09-04,0.012806989547039556
2025-09-05,0.007136300742620064
2025-09-08,0.006232967455698651
2025-09-09,-0.0060493067966432374
2025-09-10,0.0048718731746212815
2025-09-11,0.013949089705570046
2025-09-12,0.007556950122864223
2025-09-16,-0.005412268537192702
2025-09-17,0.0065405967855382595
2025-09-18,0.004656731983342924
2025-09-19,0.015704567493891878
2025-09-22,-0.0053021757482039
2025-09-24,0.0027853327495925874
2025-09-25,0.006969522002909081
2025-09-26,-0.0019266515172852946
2025-09-29,0.01629342113797078
2025-09-30,-0.007864164437284438
2025-10-01,0.004333713567900437
2025-10-02,0.017478802926060355
2025-10-03,-0.003113841854223471
2025-10-06,0.051382273374200836
2025-10-07,0.007542719295729419
2025-10-08,0.0034036957828845367
2025-10-09,-0.0012480879589577617
2025-10-10,0.005345700730492025
2025-10-14,-0.014668143854992167
2025-10-15,0.00687583497984579
2025-10-16,0.005908237961977869
2025-10-17,0.0033012240092280985
2025-10-20,0.014929470458357444
2025-10-21,0.025556091773965874
2025-10-22,0.004185938067024817
2025-10-23,0.013573390857290767
2025-10-29,-0.002553357197454166
2025-10-30,0.004565729657052985
2025-10-31,-0.003806908017212036
2025-11-04,0.004220336537076427
2025-11-05,0.0006279048134776313
2025-11-06,0.009052076370858536
2025-11-07,-0.00800929733816057
2025-11-10,0.005070261559825942
2025-11-11,-0.004634008378559965
2025-11-12,0.005141303298169475
2025-11-13,0.017082761313389552
2025-11-14,0.0036898068356069447
2025-11-17,0.00018235664052818241
2025-11-18,0.01752266395753123
2025-11-19,0.01995226713657928
2025-11-20,0.0060179715764262925
2025-11-21,0.01999257084593162
2025-11-25,0.003334141287869603
2025-11-26,0.002119907603521983
2025-11-27,0.0009039227643845159
2025-12-01,0.014512798726858159
2025-12-02,0.0112366200397368
2025-12-03,0.0071857576554077264
2025-12-04,-0.0007930707493086445
2025-12-05,0.005443737752152265
2025-12-08,-0.0006763937708567254
2025-12-09,-0.004217053837092039
2025-12-10,-0.002338094476695184
2025-12-11,0.0024829041650581835
2025-12-12,0.02300641032639351
2025-12-15,0.009179644839059867
2025-12-16,0.018283294205856494
2025-12-17,0.00871671126670827
2025-12-18,0.011629192163866578
2025-12-19,0.012219645677113283
2025-12-22,0.017636527011662937
2025-12-23,0.01586778183241794
2025-12-24,0.004514263059699947
2025-12-25,-0.0011795328190759113
2025-12-29,-0.0022212139682997786
2025-12-30,0.015566264337101437
2026-01-05,0.008295842389907875
2026-01-06,0.007695643206466119
2026-01-07,0.00963817574076659
2026-01-08,-0.004580889788614915
2026-01-09,0.015519198856561611
2026-01-13,0.010212861075585665
2026-01-14,-0.0006439436705548283
2026-01-15,0.005490088151735928
2026-01-16,-0.00869083559658069
2026-01-19,0.01484527942811142
2026-01-21,-0.005650009240921404
2026-01-22,9.75537684259134e-05
2026-01-23,0.0211045049250267
2026-01-26,0.007435749539343084
2026-01-27,0.007903528267866153
2026-01-28,0.00015541389356020833
2026-01-29,0.0160018642131323
2026-01-30,0.010042520431590578
2026-02-02,0.024105924107351736
2026-02-03,0.02893922210690483
2026-02-04,0.028654151093078287
2026-02-05,0.03335231382026096
2026-02-06,0.016418334223388866
2026-02-09,0.030123991494182698
2026-02-10,0.013467914467825859
2026-02-12,0.014138550783549907
2026-02-13,0.029884432235418656
2026-02-16,-0.001966016913770063
2026-02-18,0.007208471895603289
2026-02-19,0.008491561373211592
2026-02-20,-0.011271444428114404
2026-02-24,0.020040128658898586
2026-02-25,0.0011979349701786795
2026-02-26,0.025515365960800347
2026-02-27,0.013376253375933383
2026-03-02,0.039238307382139584
2026-03-03,-0.012754211414181149
2026-03-04,-0.01207446994223459
2026-03-05,0.01817416363164697
2026-03-06,-0.024282923259872635
2026-03-09,0.019595173135937453
2026-03-10,0.01528536232561184
2026-03-11,-0.02046669814692272
2026-03-12,-0.003162237420535812
2026-03-13,-0.013428356006415922
2026-03-16,-0.01108265097707542
2026-03-17,-0.016050752478454326
2026-03-18,-0.005206185657154437
2026-03-19,0.0001369878439818604
2026-03-23,-0.008012358303096781
2026-03-24,-0.009247234298460447
2026-03-25,-0.01588953021909302
2026-03-26,-0.013902658894738882
2026-03-27,-0.0019625062495359146
2026-03-30,-0.020669552716931112
2026-03-31,0.009985428299422863
2026-04-01,0.007436936258238215
2026-04-02,-0.01214158339428963
2026-04-03,-0.010717305318364016
2026-04-07,-0.013947162280708348
2026-04-08,-0.02940025691663942
2026-04-09,-0.0148192016437548
2026-04-10,-0.01244614581832382
2026-04-13,0.0008719397512812598
2026-04-14,0.0094095694200358
2026-04-15,-0.008370765378466241
2026-04-16,-0.012185135058939093
2026-04-17,-0.012793905114438585
2026-04-20,0.007441062070495046
2026-04-21,-0.01600566045995536
2026-04-22,-0.017938776370918307
2026-04-23,-0.016358979317181315
2026-04-24,-0.012865306410960897
2026-04-27,-0.02500688402548602
2026-04-28,-0.02678065542585452
2026-04-30,-0.029208787513038036
2026-05-01,-0.013335038997121166
2026-05-07,-0.019329414438267505
2026-05-08,-0.015180217692937386
2026-05-11,-0.029435008572041954
2026-05-12,-0.0009615862374074764
2026-05-13,-0.04079640839542544
2026-05-14,-0.05141847902352285
2026-05-15,-0.01373176491011626
2026-05-18,-0.02861371499831923
2026-05-19,-0.023140577618525393
2026-05-20,0.0006084263598464031
2026-05-21,-0.013849662302262575
2026-05-22,-0.029976481684253965
2026-05-25,-0.03871355199162753
2026-05-27,-0.028097566786242964
2026-05-28,-0.005311601631547001
2026-05-29,-0.005758903399979301
2026-06-01,-0.04883351733510399
2026-06-02,-0.015039880264385026
2026-06-03,-0.022063159725595635
2026-06-04,-0.02058225027284697
2026-06-05,-0.024892995267780268
2026-06-08,-0.044349565402090216
2026-06-09,-0.008413348000159016
2026-06-10,-0.01690322462577141
2026-06-11,0.028285620435564172
2026-06-12,0.011289926939027695
2026-06-15,-0.032556892720648836
2026-06-16,-0.013735502789886085
2026-06-17,-0.014145926941040611
2026-06-18,-0.013683046743262706
2026-06-19,-0.001294902758382583
2026-06-23,-0.027941158915088245
2026-06-24,-0.009192399669845159
2026-06-25,-0.02241292504829111
2026-06-26,-0.02350868034474568
2026-06-29,0.0005196400335178166
2026-06-30,-0.00555056672671907
2026-07-01,-0.037012104392318654
2026-07-02,-0.005372416436124605
2026-07-03,0.007679928042326032
2026-07-07,-0.01818126646235801
2026-07-08,-0.04102675866181085
2026-07-09,-0.004040003665570253
2026-07-10,-0.023237667095976834
2026-07-13,-0.007990093238993903
2026-07-14,-0.012936381273839689
2026-07-15,-0.006801722564094466
2026-07-16,-0.01939189759713994
2026-07-17,-0.03062492347188603
2026-07-21,-0.003931869484510082
2026-07-22,0.008883708420175152
2026-07-23,-0.009426238856049872
2026-07-24,-0.00878734133049666
2026-07-27,-0.028362151807095757
2026-07-28,-0.056494004746216096
2026-07-29,-0.014875074066042151
