trade_date,turnover
2024-12-23,1.0000000000000002
2024-12-24,1.0233550026259939
2024-12-25,1.162940592796597
2024-12-27,1.3341748648956395
2024-12-30,1.462237356345104
2025-01-06,1.3057896505714104
2025-01-07,1.060247518422748
2025-01-08,1.7271283876690828
2025-01-09,1.3973113025482322
2025-01-14,1.1475009540310905
2025-01-15,1.3747982901480558
2025-01-16,0.9370045614735891
2025-01-17,1.1418650627967226
2025-01-20,1.1910553779003814
2025-01-22,1.2500361733871967
2025-01-23,1.2101349325250879
2025-01-24,1.2410521573934576
2025-01-27,1.457043092680266
2025-01-28,0.7970540139356656
2025-01-29,1.0490157283065134
2025-01-30,1.2021561080878342
2025-01-31,0.9537346580444832
2025-02-03,1.3987344887595998
2025-02-04,1.4049125580441257
2025-02-05,1.3042314523643757
2025-02-06,1.4291966831695426
2025-02-07,1.1733546945374451
2025-02-10,1.0216929053477797
2025-02-12,1.119949258511551
2025-02-13,1.779782483166487
2025-02-14,1.6821893844339595
2025-02-17,1.4969099650967177
2025-02-19,0.7721086125284905
2025-02-20,1.4581842118781925
2025-02-21,1.5147619466744326
2025-02-25,1.3370284820691032
2025-02-26,1.5804821744310946
2025-02-27,1.3978007791137719
2025-02-28,1.4044063493239285
2025-03-03,1.7602955274488408
2025-03-04,1.5293106918029749
2025-03-05,1.3669203736062427
2025-03-06,1.2060330873283838
2025-03-07,1.5452661394874192
2025-03-10,1.3575306659693513
2025-03-11,0.9814439161036541
2025-03-12,1.2881624261291766
2025-03-13,0.9535996455179168
2025-03-14,1.3532065338317076
2025-03-17,1.3781149422926111
2025-03-18,1.2402892136079724
2025-03-19,1.4303862849027988
2025-03-21,1.183045321968683
2025-03-24,1.3408735953162423
2025-03-25,1.0088340372563016
2025-03-26,0.931359982452555
2025-03-27,1.3088661774485717
2025-03-28,0.862504124606251
2025-03-31,1.1585302949524046
2025-04-01,1.3219535184902276
2025-04-02,1.2553108653888054
2025-04-03,1.6157145617081865
2025-04-04,1.4682247462373472
2025-04-07,1.074880673386607
2025-04-08,1.1117092899702037
2025-04-09,0.8030119451672237
2025-04-10,1.4217092039442103
2025-04-11,1.2343422453645723
2025-04-14,1.0540782048947035
2025-04-15,1.0398272607941594
2025-04-16,1.1395228970359244
2025-04-17,1.280990164366845
2025-04-18,1.4950835658987733
2025-04-22,1.1641568471194415
2025-04-23,1.798759463046256
2025-04-24,1.7181705241358314
2025-04-25,1.6591623276799041
2025-04-28,0.7832587087411184
2025-04-30,1.0363325531479866
2025-05-01,1.0513206659912244
2025-05-02,1.4635453428895786
2025-05-07,1.2649672188404781
2025-05-08,0.9630704944211342
2025-05-09,1.0559381868736513
2025-05-12,1.2664593422398076
2025-05-13,1.1875691684203258
2025-05-14,1.1019247493676394
2025-05-15,0.9159322551734668
2025-05-16,1.2595932375882488
2025-05-19,0.8210404989438506
2025-05-20,1.062093477775756
2025-05-21,0.7871353385108062
2025-05-22,0.6987694256101111
2025-05-23,0.9234996193016418
2025-05-26,1.3718590732028435
2025-05-28,1.328203763133544
2025-05-29,0.8852741280128295
2025-05-30,1.8345846864442334
2025-06-02,1.0556798873673714
2025-06-03,1.5
2025-06-04,1.0945325137871278
2025-06-05,1.4352351022418204
2025-06-06,1.6125166598543008
2025-06-09,1.2619949807123758
2025-06-10,1.1421597294654173
2025-06-11,1.024205573933044
2025-06-12,1.142311401861005
2025-06-13,0.9834241863567856
2025-06-16,1.1931862284220147
2025-06-17,1.1339851375160281
2025-06-18,1.4774716640656997
2025-06-19,1.0241598794659983
2025-06-23,0.7854720634709235
2025-06-24,1.450983086496476
2025-06-25,1.4274979119036446
2025-06-26,1.2249316015546128
2025-06-27,0.9732708537818104
2025-06-30,1.083090248412293
2025-07-01,0.9176501637524347
2025-07-02,1.1399365103985497
2025-07-03,1.030924140433462
2025-07-04,1.2416096590862695
2025-07-08,1.0933218703684013
2025-07-09,1.5199965986172743
2025-07-10,1.3820094986194846
2025-07-11,1.0626997113885586
2025-07-14,1.3281735257943286
2025-07-15,1.3567475320189346
2025-07-16,1.2388774910407174
2025-07-17,1.1991646007758825
2025-07-18,1.3068511285848186
2025-07-22,1.0618678965342903
2025-07-23,1.0729551003162106
2025-07-24,1.152349105638376
2025-07-25,1.1059921261656427
2025-07-28,1.2221004802187458
2025-07-29,1.5327197856698196
2025-07-30,1.6372973298162479
2025-07-31,1.4379460997241855
2025-08-01,0.6988047226138714
2025-08-04,1.7526010273381614
2025-08-05,1.3330602839611172
2025-08-06,1.234199157556978
2025-08-07,1.524224273439096
2025-08-08,1.75
2025-08-12,1.6500698867637595
2025-08-13,1.709318697733125
2025-08-14,1.4210325827251045
2025-08-15,1.1796902578435242
2025-08-18,1.519936442011331
2025-08-19,1.75
2025-08-20,1.4000604157413097
2025-08-21,1.2273648410286708
2025-08-22,1.141387532065579
2025-08-25,1.16342864405497
2025-08-26,1.188401072242964
2025-08-27,1.0583203371880452
2025-08-28,1.0703719257926076
2025-08-29,1.1071515343592608
2025-09-01,1.1034129028378945
2025-09-03,1.2388448637287945
2025-09-04,1.4060067542102668
2025-09-05,1.3066402539247521
2025-09-08,0.8307775074229232
2025-09-09,0.8729606669353032
2025-09-10,1.3327868791830504
2025-09-11,1.399958629673866
2025-09-12,1.53500499980853
2025-09-16,1.2066141322420112
2025-09-17,1.3574362481064022
2025-09-18,0.989972036476122
2025-09-19,1.2604584652682354
2025-09-22,1.3079155584044024
2025-09-24,1.53489365958744
2025-09-25,0.9585276955156399
2025-09-26,1.1287995224900498
2025-09-29,1.7236817687634811
2025-09-30,1.0993798067677636
2025-10-01,1.2037094929066916
2025-10-02,1.251907187713741
2025-10-03,0.8836906243020083
2025-10-06,1.3423884642512554
2025-10-07,1.7251107711193163
2025-10-08,1.0128240802299673
2025-10-09,1.2482016470772748
2025-10-10,1.3518418125466225
2025-10-14,1.065246655793263
2025-10-15,1.2384391242309942
2025-10-16,1.2391429322880785
2025-10-17,1.1552723998194878
2025-10-20,1.2579913719551519
2025-10-21,1.2143338252196003
2025-10-22,1.1737592635141048
2025-10-23,1.2423878559042372
2025-10-29,1.3507652157752288
2025-10-30,1.2799991485851705
2025-10-31,1.7500000000000002
2025-11-04,1.6203747513404299
2025-11-05,1.2502437362682797
2025-11-06,0.9501597495851528
2025-11-07,1.5558633031521032
2025-11-10,1.345743412039269
2025-11-11,1.2389339884011377
2025-11-12,1.379707351350844
2025-11-13,1.4323407081817139
2025-11-14,1.3642780888834658
2025-11-17,1.3386625141061146
2025-11-18,1.0679705864674554
2025-11-19,0.8037960014483195
2025-11-20,1.3238436728769685
2025-11-21,1.5152323199758981
2025-11-25,1.4067902207691918
2025-11-26,1.5724617818189133
2025-11-27,1.1538060696791526
2025-12-01,1.2465675548829769
2025-12-02,1.289195612541903
2025-12-03,1.2563840833072308
2025-12-04,0.9714249457700745
2025-12-05,1.1270223924488594
2025-12-08,1.1250338269325457
2025-12-09,1.197243928126934
2025-12-10,0.9801708377671703
2025-12-11,1.4200639202436105
2025-12-12,1.6485662982014704
2025-12-15,1.2579057210021884
2025-12-16,1.3417029991213916
2025-12-17,1.0492391048879357
2025-12-18,1.3264296364521169
2025-12-19,1.7499999999999998
2025-12-22,1.244067894701065
2025-12-23,1.3701253782900842
2025-12-24,0.9384794918850962
2025-12-25,0.8964730766754802
2025-12-29,1.2580090148896128
2025-12-30,1.2114787923284251
2026-01-05,1.1039746008581706
2026-01-06,0.7581258577931376
2026-01-07,1.4999781244283774
2026-01-08,1.1388261133219029
2026-01-09,1.75
2026-01-13,1.1604605648649107
2026-01-14,0.8626966561522292
2026-01-15,1.2803808990578516
2026-01-16,1.1742603451131153
2026-01-19,0.9869913280149893
2026-01-21,1.6005877049280888
2026-01-22,1.2068047550593164
2026-01-23,1.3499774900783554
2026-01-26,1.5184787834849394
2026-01-27,1.2876084063705269
2026-01-28,0.7538566887575949
2026-01-29,1.1859023842865217
2026-01-30,1.2366110846466432
2026-02-02,1.447803670924176
2026-02-03,1.6357584064486659
2026-02-04,1.7475209890588426
2026-02-05,1.035105880307326
2026-02-06,1.150249118421418
2026-02-09,1.1290086244594977
2026-02-10,1.516227115230217
2026-02-12,0.9500562108043423
2026-02-13,1.061770554843898
2026-02-16,0.8130924912807027
2026-02-18,1.203354205312036
2026-02-19,1.2935076083201549
2026-02-20,1.5442868695171588
2026-02-24,1.1615775539008022
2026-02-25,1.4875330992304387
2026-02-26,1.385356758270521
2026-02-27,1.3921022113953274
2026-03-02,1.6107131540241892
2026-03-03,1.751141582192475
2026-03-04,1.535650684130538
2026-03-05,1.3737306083198957
2026-03-06,1.008352373250299
2026-03-09,1.1163526015155374
2026-03-10,1.754074086211612
2026-03-11,1.0484728053613386
2026-03-12,1.447357054747544
2026-03-13,1.4374772142042667
2026-03-16,1.4125210904655996
2026-03-17,1.7468701111101121
2026-03-18,1.5370418703564517
2026-03-19,1.3684987706778167
2026-03-23,0.8713180785473771
2026-03-24,1.5777110595186972
2026-03-25,1.0855423540154256
2026-03-26,1.288440593890674
2026-03-27,1.6333624795297934
2026-03-30,1.5059662126695819
2026-03-31,1.3865517570455341
2026-04-01,1.2340408808614114
2026-04-02,0.8485585877911197
2026-04-03,1.4812745186893719
2026-04-07,1.8511986751230922
2026-04-08,1.48702112748428
2026-04-09,1.6549323125018425
2026-04-10,1.24707460982763
2026-04-13,1.4350999809336906
2026-04-14,1.8875860408222405
2026-04-15,1.5812063498305364
2026-04-16,1.2460445549370367
2026-04-17,1.4268001283868603
2026-04-20,1.2194722634630766
2026-04-21,1.1357198777167778
2026-04-22,1.0150777877985022
2026-04-23,1.1756038340187889
2026-04-24,1.41808042798851
2026-04-27,1.658546947353193
2026-04-28,1.2413543152689952
2026-04-30,1.2770967469254477
2026-05-01,1.7470268070103177
2026-05-07,1.828838991437572
2026-05-08,0.981843902447514
2026-05-11,1.4530906543226223
2026-05-12,1.675804752775592
2026-05-13,1.449157052722924
2026-05-14,1.574428505007567
2026-05-15,1.6047605888118557
2026-05-18,1.5525062595697998
2026-05-19,1.3905448679113426
2026-05-20,1.1894068544836753
2026-05-21,1.5388819822283526
2026-05-22,1.2151387011763468
2026-05-25,1.0560195307930953
2026-05-27,1.4515840654342598
2026-05-28,1.0097880826630048
2026-05-29,1.734824384129581
2026-06-01,1.0299914281095524
2026-06-02,1.148212520494075
2026-06-03,1.6301699761892685
2026-06-04,1.7032786164407747
2026-06-05,1.149307796270297
2026-06-08,1.2813837276363795
2026-06-09,1.7433730646630043
2026-06-10,1.1515326518729434
2026-06-11,1.4398846124076312
2026-06-12,1.8788195109665118
2026-06-15,1.13999589932899
2026-06-16,1.2556835624671936
2026-06-17,1.3787476905140006
2026-06-18,1.1655230031570365
2026-06-19,1.7358722454750608
2026-06-23,1.276765882637424
2026-06-24,1.5483251725420066
2026-06-25,1.676364443038484
2026-06-26,1.9657774078456358
2026-06-29,1.3065490658620407
2026-06-30,1.8490786098825964
2026-07-01,1.6957367198839353
2026-07-02,1.476116654956125
2026-07-03,0.5379700019764947
2026-07-07,0.995266102251903
2026-07-08,1.2075081375533927
2026-07-09,1.7722038050309212
2026-07-10,1.1857807281413606
2026-07-13,1.3705710013759027
2026-07-14,1.156346173256086
2026-07-15,1.4779747205304932
2026-07-16,1.1064090826753405
2026-07-17,1.2172413408533023
2026-07-21,1.1979845325189742
2026-07-22,1.6168966445967448
2026-07-23,1.0216679893467153
2026-07-24,1.4554869266630974
2026-07-27,1.1072041629876055
2026-07-28,1.2385894941004003
2026-07-29,1.242023633984655
