signal_date,trade_date,ticker,GapOpen,TOPIXNight,beta,GapOpen_syst,GapOpen_idio,GapOpen_filt,denominator,denominator_floored,availability
2026-08-13,2026-08-14,1617.T,0.0020279862096936885,0.0052825409802226275,0.19345852974108527,0.0010219526113309008,0.0010060335983627876,0.0008064187799870414,1.000806418779987,1.000806418779987,POST_OPEN
2026-08-13,2026-08-14,1618.T,-0.019117647058823573,0.0052825409802226275,0.2742824376403767,0.001448908216990647,-0.02056655527581422,-0.014251697871370888,0.9857483021286291,0.9857483021286291,POST_OPEN
2026-08-13,2026-08-14,1619.T,-0.003021800129505703,0.0052825409802226275,0.9596934957495521,0.005069620219750119,-0.00809142034925582,-0.005157032222504063,0.9948429677774959,0.9948429677774959,POST_OPEN
2026-08-13,2026-08-14,1620.T,-0.007828810020876875,0.0052825409802226275,0.8961594675554533,0.004733999112176172,-0.012562809133053047,-0.008320566481919516,0.9916794335180805,0.9916794335180805,POST_OPEN
2026-08-13,2026-08-14,1621.T,-0.015131578947368385,0.0052825409802226275,0.22781076145099588,0.001203419683100607,-0.016334998630468993,-0.011314157073018234,0.9886858429269818,0.9886858429269818,POST_OPEN
2026-08-13,2026-08-14,1622.T,-0.004909038406006316,0.0052825409802226275,0.6204374781282668,0.0032774864038785496,-0.008186524809884866,-0.005402818726531551,0.9945971812734684,0.9945971812734684,POST_OPEN
2026-08-13,2026-08-14,1623.T,0.014757969303423879,0.0052825409802226275,2.3351668865897994,0.012335614774069501,0.002422354529354378,0.0029292096479550146,1.002929209647955,1.002929209647955,POST_OPEN
2026-08-13,2026-08-14,1624.T,0.010999999999999899,0.0052825409802226275,1.0755013502578783,0.005681379957022012,0.0053186200429778865,0.004291172025786721,1.0042911720257868,1.0042911720257868,POST_OPEN
2026-08-13,2026-08-14,1625.T,0.007342143906020615,0.0052825409802226275,1.7784371518726396,0.00939466713551763,-0.0020525232294970157,-0.0004972995470961481,0.9995027004529039,0.9995027004529039,POST_OPEN
2026-08-13,2026-08-14,1626.T,0.005031446540880502,0.0052825409802226275,0.6799511833003892,0.0035918699903351734,0.0014395765505453286,0.0013668905844152473,1.0013668905844153,1.0013668905844153,POST_OPEN
2026-08-13,2026-08-14,1627.T,0.006953498478922127,0.0052825409802226275,0.2879056691203934,0.0015208734955668944,0.005432624983355232,0.003954924837905351,1.0039549248379054,1.0039549248379054,POST_OPEN
2026-08-13,2026-08-14,1628.T,-0.002821537738067259,0.0052825409802226275,0.27417083268313747,0.001448318659230435,-0.004269856397297694,-0.002844067612185342,0.9971559323878146,0.9971559323878146,POST_OPEN
2026-08-13,2026-08-14,1629.T,-0.004090762843003581,0.0052825409802226275,0.6065489155796338,0.0032041195030590103,-0.007294882346062592,-0.004786005691937913,0.9952139943080621,0.9952139943080621,POST_OPEN
2026-08-13,2026-08-14,1630.T,-0.005958549222797926,0.0052825409802226275,0.07464129498375459,0.00039429569956856927,-0.0063528449223664955,-0.00440756187569969,0.9955924381243003,0.9955924381243003,POST_OPEN
2026-08-13,2026-08-14,1631.T,0.004784688995215225,0.0052825409802226275,0.7052855228484589,0.0037256996772047266,0.0010589893180104983,0.0011138624903278215,1.0011138624903277,1.0011138624903277,POST_OPEN
2026-08-13,2026-08-14,1632.T,0.006083294337856815,0.0052825409802226275,0.6421886512152155,0.0033923878670782718,0.002690906470778543,0.002222873316252807,1.0022228733162528,1.0022228733162528,POST_OPEN
2026-08-13,2026-08-14,1633.T,-0.0034708044099632795,0.0052825409802226275,0.39523363941728107,0.0020878378969843205,-0.0055586423069476,-0.0036822658251648875,0.9963177341748352,0.9963177341748352,POST_OPEN
2026-08-14,2026-08-17,1617.T,-0.002615167974250654,0.0006852862469441945,0.19992966595633951,0.0001370090504360264,-0.0027521770246866804,-0.0016513062148120082,0.998348693785188,0.998348693785188,POST_OPEN
2026-08-14,2026-08-17,1618.T,0.004385964912280604,0.0006852862469441945,0.2625994168587703,0.00017995576882888075,0.004206009143451724,0.002523605486071034,1.0025236054860711,1.0025236054860711,POST_OPEN
2026-08-14,2026-08-17,1619.T,0.003878474466709747,0.0006852862469441945,0.9496997144045557,0.0006508161530082713,0.003227658313701476,0.0019365949882208854,1.0019365949882209,1.0019365949882209,POST_OPEN
2026-08-14,2026-08-17,1620.T,0.008881922675026077,0.0006852862469441945,0.88497812993712,0.0006064633412923006,0.008275459333733776,0.004965275600240265,1.0049652756002403,1.0049652756002403,POST_OPEN
2026-08-14,2026-08-17,1621.T,-0.007786613651424745,0.0006852862469441945,0.21559237983741664,0.0001477424928485505,-0.007934356144273296,-0.004760613686563978,0.995239386313436,0.995239386313436,POST_OPEN
2026-08-14,2026-08-17,1622.T,0.002279202279202197,0.0006852862469441945,0.6101746441689234,0.00041814429188303083,0.0018610579873191663,0.0011166347923914997,1.0011166347923914,1.0011166347923914,POST_OPEN
2026-08-14,2026-08-17,1623.T,0.014825796886582587,0.0006852862469441945,2.316540142642715,0.001587493100247195,0.013238303786335393,0.007942982271801236,1.0079429822718011,1.0079429822718011,POST_OPEN
2026-08-14,2026-08-17,1624.T,0.0035662543185110973,0.0006852862469441945,1.0732064286613525,0.0007354536056937207,0.002830800712817377,0.001698480427690426,1.0016984804276905,1.0016984804276905,POST_OPEN
2026-08-14,2026-08-17,1625.T,0.007973325601623671,0.0006852862469441945,1.7700192777075692,0.001212969867839094,0.006760355733784577,0.004056213440270746,1.0040562134402709,1.0040562134402709,POST_OPEN
2026-08-14,2026-08-17,1626.T,-0.006795716639209193,0.0006852862469441945,0.6805956637689407,0.0004664028481107102,-0.007262119487319903,-0.004357271692391942,0.995642728307608,0.995642728307608,POST_OPEN
2026-08-14,2026-08-17,1627.T,0.0021758050478677404,0.0006852862469441945,0.2896980763750018,0.0001985261075059776,0.0019772789403617627,0.0011863673642170576,1.001186367364217,1.001186367364217,POST_OPEN
2026-08-14,2026-08-17,1628.T,-0.0023132084200786496,0.0006852862469441945,0.27280570890117256,0.00018695000039783497,-0.0025001584204764845,-0.0015000950522858906,0.9984999049477141,0.9984999049477141,POST_OPEN
2026-08-14,2026-08-17,1629.T,-0.008553320361376238,0.0006852862469441945,0.601013761046929,0.00041186646466966493,-0.008965186826045902,-0.005379112095627541,0.9946208879043724,0.9946208879043724,POST_OPEN
2026-08-14,2026-08-17,1630.T,-0.01782945736434105,0.0006852862469441945,0.07703193036053245,5.278892245163583e-05,-0.017882246286792688,-0.010729347772075612,0.9892706522279244,0.9892706522279244,POST_OPEN
2026-08-14,2026-08-17,1631.T,0.0028749401054144474,0.0006852862469441945,0.7106798756851092,0.00048701914478701516,0.002387920960627432,0.0014327525763764592,1.0014327525763764,1.0014327525763764,POST_OPEN
2026-08-14,2026-08-17,1632.T,-0.0018827959519887028,0.0006852862469441945,0.651420044987416,0.00044640919781364463,-0.0023292051498023476,-0.0013975230898814084,0.9986024769101186,0.9986024769101186,POST_OPEN
2026-08-14,2026-08-17,1633.T,-0.0010258514567090815,0.0006852862469441945,0.39341764964626874,0.00026960370460769753,-0.001295455161316779,-0.0007772730967900674,0.9992227269032099,0.9992227269032099,POST_OPEN
