trade_date,net_return
2024-12-23,-0.006856491654497002
2024-12-24,-0.0021521929265470247
2024-12-25,0.016478623705128863
2024-12-27,0.003410108871450443
2024-12-30,-0.006606902663716143
2025-01-06,0.0009087351179776831
2025-01-07,0.017929194887060587
2025-01-08,-0.006220851309966703
2025-01-09,-0.01629601221455379
2025-01-14,0.018392440641568857
2025-01-15,0.01795110256899561
2025-01-16,-0.00281640119928561
2025-01-17,0.008397024675608593
2025-01-20,-0.0005015903005574258
2025-01-22,0.019796065438362126
2025-01-23,0.0033184491981565257
2025-01-24,0.0020282071931550525
2025-01-27,0.016306982606096095
2025-01-28,0.00938459955651263
2025-01-29,0.006495376151895918
2025-01-30,0.005081637436041152
2025-01-31,-0.005875298314191894
2025-02-03,0.013150495404890224
2025-02-04,0.0075939570324920005
2025-02-05,0.00545362767049518
2025-02-06,-0.0003574042287492027
2025-02-07,-0.0036933736677278416
2025-02-10,0.013432253009335508
2025-02-12,0.025144868567699
2025-02-13,0.003118554487888411
2025-02-14,0.01297386170782729
2025-02-17,0.004421198008424904
2025-02-19,0.008832156131314647
2025-02-20,0.005098682411111425
2025-02-21,0.000770092992505919
2025-02-25,0.012251808579278985
2025-02-26,0.023955763045574084
2025-02-27,0.005047764184736445
2025-02-28,0.02134790312519081
2025-03-03,0.00792290060508095
2025-03-04,0.026006267499649734
2025-03-05,0.021570772454262997
2025-03-06,-0.005115470409568681
2025-03-07,0.016413076445749446
2025-03-10,0.02992455732616408
2025-03-11,0.003730219970480581
2025-03-12,0.01394445990743717
2025-03-13,0.0024168836162759776
2025-03-14,0.007446379345370862
2025-03-17,0.006153396125512399
2025-03-18,0.014627571885624874
2025-03-19,0.004768579257244885
2025-03-21,0.004793303822898902
2025-03-24,0.00556639092123767
2025-03-25,0.008686708048970527
2025-03-26,-0.006578431322616672
2025-03-27,0.00779932377444521
2025-03-28,0.011187656426299885
2025-03-31,0.01337868992046076
2025-04-01,0.0034627358697606678
2025-04-02,-0.009990303886694633
2025-04-03,-0.028427950752212515
2025-04-04,0.003984017575642411
2025-04-07,0.1326340052701219
2025-04-08,0.020540016285863112
2025-04-09,0.06625396920619794
2025-04-10,0.06172406962724201
2025-04-11,0.054545249986807966
2025-04-14,-0.0003494267558602933
2025-04-15,0.029281611009518836
2025-04-16,-0.0025446529977843574
2025-04-17,0.013256440273471356
2025-04-18,-0.015345403703993107
2025-04-22,0.0003612702841297253
2025-04-23,0.010119079172136898
2025-04-24,0.0026553470823749412
2025-04-25,0.010889036861651345
2025-04-28,0.0021099998880425427
2025-04-30,-0.0054518408282291635
2025-05-01,0.004944964433996096
2025-05-02,0.004605926086578046
2025-05-07,0.0025055161034180733
2025-05-08,0.014997632001172394
2025-05-09,0.03239631643379465
2025-05-12,0.04083017967642125
2025-05-13,0.013138724033642886
2025-05-14,0.029496646520267275
2025-05-15,-0.000641121675541523
2025-05-16,-0.0022930310613840307
2025-05-19,0.022951095788372435
2025-05-20,-0.010506370673209862
2025-05-21,-0.00444930975153433
2025-05-22,0.002515246539122321
2025-05-23,0.008621128316403206
2025-05-26,0.0054496815150378505
2025-05-28,0.0015377961262117872
2025-05-29,-0.006925817710261182
2025-05-30,-0.0025248718454175863
2025-06-02,0.004691306599709196
2025-06-03,0.007415505999082505
2025-06-04,0.002989023456597093
2025-06-05,0.001990139630721281
2025-06-06,0.008050789993525839
2025-06-09,0.002017906740535743
2025-06-10,-0.011062360292654318
2025-06-11,-0.0014295681498535417
2025-06-12,0.0056523660995938165
2025-06-13,-0.0006257224813259173
2025-06-16,-0.017886141013877803
2025-06-17,0.004864963471726657
2025-06-18,-0.0027610875737121643
2025-06-19,0.0061583220596387305
2025-06-23,0.015238563325300058
2025-06-24,0.014152538943225337
2025-06-25,0.008983473886363528
2025-06-26,-0.0016532818695274636
2025-06-27,0.004939567729124107
2025-06-30,-0.002610198842478665
2025-07-01,0.01105355747146661
2025-07-02,0.0023966869485694217
2025-07-03,0.00551493891158635
2025-07-04,0.008507028915455832
2025-07-08,-0.004436419581141137
2025-07-09,0.021633658995052412
2025-07-10,0.0011261253619666263
2025-07-11,-0.010127155056222345
2025-07-14,-0.0037158795524749426
2025-07-15,0.001837452157055637
2025-07-16,0.0018151144424664641
2025-07-17,0.00386210713607317
2025-07-18,0.0018264972826867146
2025-07-22,-0.00780811348929562
2025-07-23,-0.025381726690297104
2025-07-24,-0.01124323936801657
2025-07-25,-0.0017649020012230684
2025-07-28,0.0022412892490081826
2025-07-29,-0.0032720638679273146
2025-07-30,0.0009914193219620663
2025-07-31,0.0004171346293556496
2025-08-01,0.0008522440614958061
2025-08-04,0.002260217168584972
2025-08-05,0.0038594070770925624
2025-08-06,-0.0030039175644946316
2025-08-07,0.011325960080329284
2025-08-08,-0.008884902692370382
2025-08-12,0.007255167397742091
2025-08-13,0.0014853833230802009
2025-08-14,0.0020345751710624557
2025-08-15,0.013630424259843246
2025-08-18,0.02207809153284869
2025-08-19,-0.02588608605582697
2025-08-20,0.014374762347452821
2025-08-21,-0.010395632066611885
2025-08-22,0.007805404744243629
2025-08-25,0.0065828035164519
2025-08-26,0.0032247744489511394
2025-08-27,-0.008873681606055733
2025-08-28,0.005400690730193467
2025-08-29,-7.864961155403102e-05
2025-09-01,0.004121947212548079
2025-09-03,-0.0049702874691593645
2025-09-04,0.012218578064375336
2025-09-05,0.006253530531869344
2025-09-08,0.012849242886022903
2025-09-09,-0.0077728789993815025
2025-09-10,3.504319888043058e-05
2025-09-11,0.022696035106470423
2025-09-12,0.004459718175846767
2025-09-16,-0.00727505319287622
2025-09-17,0.010055132444094807
2025-09-18,0.00430032239263042
2025-09-19,0.013683722366211874
2025-09-22,-0.0020273836750991613
2025-09-24,0.007257145917852889
2025-09-25,0.004469662319459285
2025-09-26,-0.00034939946423715026
2025-09-29,0.009244617951238042
2025-09-30,-0.0036330093758517217
2025-10-01,0.011949593449634987
2025-10-02,0.010807836028711602
2025-10-03,0.01835244572467072
2025-10-06,0.042461425875366124
2025-10-07,0.0022107651240103683
2025-10-08,0.010877023238122858
2025-10-09,-0.002270618327419067
2025-10-10,0.0030552633637023585
2025-10-14,-0.010697594035392555
2025-10-15,0.008672039574309714
2025-10-16,0.0019140121374955441
2025-10-17,0.015092126502430244
2025-10-20,0.012285858811931043
2025-10-21,0.02312729540456367
2025-10-22,0.005389254923898553
2025-10-23,0.014102787129968666
2025-10-29,0.0031089345585924295
2025-10-30,0.012136808587849865
2025-10-31,-0.014404847260701962
2025-11-04,0.005068523368844278
2025-11-05,0.004921167997504961
2025-11-06,0.012816116516164258
2025-11-07,-0.0072847319759368
2025-11-10,0.0004896709170884904
2025-11-11,-0.0037874242399431194
2025-11-12,0.005460128541058037
2025-11-13,0.01822741815580612
2025-11-14,-0.0014754890736520085
2025-11-17,0.009512705675406184
2025-11-18,0.013505115558220274
2025-11-19,0.03210333231547331
2025-11-20,0.009945007203443018
2025-11-21,0.019669751518552048
2025-11-25,0.0065410220983182915
2025-11-26,-0.006839050455292029
2025-11-27,0.004356639230624334
2025-12-01,0.01708066970945796
2025-12-02,0.016131371978550232
2025-12-03,0.0050043585826353406
2025-12-04,-0.0018047037515579265
2025-12-05,0.011320272097317926
2025-12-08,-0.006854870019884745
2025-12-09,-0.0017209255245429706
2025-12-10,-0.0033508767669476196
2025-12-11,0.01693980244483051
2025-12-12,0.018361746654676322
2025-12-15,0.011180712808881142
2025-12-16,0.017909201867119404
2025-12-17,0.009466095262148512
2025-12-18,0.014564396515861925
2025-12-19,0.01549087290235026
2025-12-22,0.019987059830037915
2025-12-23,0.017134994115960766
2025-12-24,0.005706401280818092
2025-12-25,0.0008575905437296647
2025-12-29,-0.004998908344525765
2025-12-30,0.023728896598628722
2026-01-05,0.0014670652444226974
2026-01-06,0.00940210735557181
2026-01-07,0.019333344844642178
2026-01-08,-0.0012123623163860968
2026-01-09,0.0025846601474681812
2026-01-13,0.02359401594024394
2026-01-14,-0.0007014694019167687
2026-01-15,-0.004381062319640153
2026-01-16,-0.0058103551485767894
2026-01-19,0.026972427400149983
2026-01-21,-0.01114614823653134
2026-01-22,0.008366493095351476
2026-01-23,0.018928856764253262
2026-01-26,0.004031842789170029
2026-01-27,0.01175352893246232
2026-01-28,0.005574173506281253
2026-01-29,0.023365713436776497
2026-01-30,0.016679666489435023
2026-02-02,0.028379026020249155
2026-02-03,0.02063945468476293
2026-02-04,0.03825489674164354
2026-02-05,0.0383591811125755
2026-02-06,0.02750374044772814
2026-02-09,0.03592906760750149
2026-02-10,-0.001256462173423744
2026-02-12,0.022099670350019023
2026-02-13,0.037979009873760655
2026-02-16,0.002363800160409612
2026-02-18,0.0015985630579469848
2026-02-19,0.005730763980587798
2026-02-20,0.0011672009563797408
2026-02-24,0.01990534952253452
2026-02-25,-0.0010439317420053427
2026-02-26,0.026742151013070675
2026-02-27,0.01655458028055058
2026-03-02,0.04874620306659541
2026-03-03,0.020700834502379493
2026-03-04,0.008421146241936841
2026-03-05,0.03149950247452766
2026-03-06,-0.01799284299509156
2026-03-09,0.03088467334156017
2026-03-10,0.012698761274777426
2026-03-11,-0.010670798444358694
2026-03-12,0.004192608095005455
2026-03-13,-0.006590437034830652
2026-03-16,-0.0021760049280725694
2026-03-17,-0.011179185098772982
2026-03-18,-0.004838812869307381
2026-03-19,-0.006434504815367157
2026-03-23,0.024826087303265777
2026-03-24,0.014665152834014825
2026-03-25,0.00263778493415692
2026-03-26,-0.0034945510474749483
2026-03-27,-0.00844945236201572
2026-03-30,0.0018609520693906936
2026-03-31,0.017064811629051664
2026-04-01,0.00702620166033459
2026-04-02,-0.01129944073391262
2026-04-03,-0.0027087352153152694
2026-04-07,0.013668745508282653
2026-04-08,-0.025716544158094008
2026-04-09,0.003983907596078696
2026-04-10,-0.007964492496449597
2026-04-13,0.03483299770052844
2026-04-14,0.0008630575283736126
2026-04-15,0.010039613651057263
2026-04-16,-0.010834916993394218
2026-04-17,-9.957454146030179e-05
2026-04-20,0.015601086010892672
2026-04-21,-0.010323788293077136
2026-04-22,-0.012491643370729557
2026-04-23,0.003563258409466307
2026-04-24,-0.013122121162451691
2026-04-27,0.004462277862549796
2026-04-28,-0.024252970731631775
2026-04-30,0.00837454061735269
2026-05-01,-0.002599409758896579
2026-05-07,0.007643791421345214
2026-05-08,-0.006162247199728724
2026-05-11,-0.0068105744459674485
2026-05-12,0.00618056949059248
2026-05-13,-0.02935747444468521
2026-05-14,-0.02499899697427506
2026-05-15,-0.0008779446619626248
2026-05-18,-0.016010089989507977
2026-05-19,-0.025919521703349
2026-05-20,0.03230471160466087
2026-05-21,0.0014317733341770752
2026-05-22,-0.01710941263806086
2026-05-25,-0.02327818659356643
2026-05-27,-0.01549098555458362
2026-05-28,0.015159165346141083
2026-05-29,0.002998178368880128
2026-06-01,-0.025745758309251816
2026-06-02,0.005970079951014127
2026-06-03,0.010006245196348549
2026-06-04,-0.01428679629432531
2026-06-05,-0.017170024948930062
2026-06-08,0.016121335259757452
2026-06-09,-0.01866288332736118
2026-06-10,0.0016382700838693974
2026-06-11,0.09822177099556098
2026-06-12,-0.0010318073705391988
2026-06-15,-0.02689942359338089
2026-06-16,-0.006494733553308695
2026-06-17,-0.007005492111049928
2026-06-18,0.020489848710066233
2026-06-19,-0.01253055507430313
2026-06-23,-0.03953068786508044
2026-06-24,0.010695567969084822
2026-06-25,-0.0008301561732297056
2026-06-26,-0.022858134608810872
2026-06-29,0.01938393882500731
2026-06-30,-0.007901288382444128
2026-07-01,-0.021311939464711032
2026-07-02,-0.025445495728633187
2026-07-03,0.03877464410795081
2026-07-07,-0.014293499129267258
2026-07-08,-0.01710264115294088
2026-07-09,-0.00888439091061874
2026-07-10,0.003744224155082522
2026-07-13,-0.01633197918055296
2026-07-14,0.0028299298451134208
2026-07-15,-0.0069400597968815505
2026-07-16,-0.013839327760488214
2026-07-17,-0.008626603142419276
2026-07-21,0.028824431667423885
2026-07-22,0.012284746316623282
2026-07-23,-0.0015508061612940832
2026-07-24,-0.005767530569205004
2026-07-27,-0.03407574886353945
2026-07-28,-0.025794507358216312
2026-07-29,0.025230768656870555
