trade_date,gross_return
2024-12-23,-0.0045433067229901525
2024-12-24,-0.00042705578300658077
2024-12-25,0.019361640532349827
2024-12-27,0.006611833346502629
2024-12-30,-0.0024119484647799295
2025-01-06,0.003093613638886564
2025-01-07,0.020217692896113755
2025-01-08,-0.0033290575811792712
2025-01-09,-0.013241937276171177
2025-01-14,0.021060078505115154
2025-01-15,0.020435754435319732
2025-01-16,-0.0009810412752431826
2025-01-17,0.010831536202339058
2025-01-20,0.0018309166217509204
2025-01-22,0.02191745185386442
2025-01-23,0.005780414616064813
2025-01-24,0.004348915201855553
2025-01-27,0.01845244821425672
2025-01-28,0.011050105093168469
2025-01-29,0.008487724820298597
2025-01-30,0.007243167549999279
2025-01-31,-0.0036566531203818587
2025-02-03,0.015475735975905527
2025-02-04,0.010322248295279815
2025-02-05,0.007614740004347756
2025-02-06,0.0019744268757056122
2025-02-07,-0.0012803684447933975
2025-02-10,0.015526274920882158
2025-02-12,0.027622810443404547
2025-02-13,0.006104698989947099
2025-02-14,0.01635472329187155
2025-02-17,0.006903963427075306
2025-02-19,0.010518912899347126
2025-02-20,0.00784930012760188
2025-02-21,0.0036553361608441803
2025-02-25,0.014845672094987637
2025-02-26,0.026794168462010604
2025-02-27,0.007240494788222642
2025-02-28,0.02455100968469656
2025-03-03,0.010909045667485764
2025-03-04,0.028803835576940332
2025-03-05,0.023734854443674378
2025-03-06,-0.0026396375488089534
2025-03-07,0.0192732621689624
2025-03-10,0.032216501671015585
2025-03-11,0.0055755351834241625
2025-03-12,0.01613596334376891
2025-03-13,0.004605381819128782
2025-03-14,0.010510419652872504
2025-03-17,0.008340619624472499
2025-03-18,0.017119933704930076
2025-03-19,0.007532805254854669
2025-03-21,0.0070930483557194
2025-03-24,0.007851866812468453
2025-03-25,0.010919464825384311
2025-03-26,-0.004575444765463343
2025-03-27,0.00996501033947027
2025-03-28,0.013756736219587406
2025-03-31,0.015675179680538654
2025-04-01,0.005589971522811485
2025-04-02,-0.00751056304000285
2025-04-03,-0.025523614122418485
2025-04-04,0.006713370093456107
2025-04-07,0.13468660421592327
2025-04-08,0.022591464256915987
2025-04-09,0.06818535141714543
2025-04-10,0.06406805036948895
2025-04-11,0.05761609216875274
2025-04-14,0.0013788506869891306
2025-04-15,0.031572033884173206
2025-04-16,-0.0005819845435279312
2025-04-17,0.01576688421146993
2025-04-18,-0.012391414160315896
2025-04-22,0.00274089110063727
2025-04-23,0.013218651159883365
2025-04-24,0.005682565129492081
2025-04-25,0.01406284927235538
2025-04-28,0.00366253772316214
2025-04-30,-0.0033672118517898506
2025-05-01,0.007014453483473595
2025-05-02,0.008474955731177243
2025-05-07,0.004498621658381921
2025-05-08,0.016852035985882596
2025-05-09,0.035291174584575355
2025-05-12,0.043308997117139876
2025-05-13,0.014995526182824754
2025-05-14,0.03190536830780067
2025-05-15,0.0011297738998749776
2025-05-16,0.0003027842129191211
2025-05-19,0.024668144612903536
2025-05-20,-0.008469839612357786
2025-05-21,-0.002772591196350183
2025-05-22,0.00396324512087382
2025-05-23,0.010836286922089093
2025-05-26,0.007926071044313057
2025-05-28,0.0038353334411891323
2025-05-29,-0.004844065383175005
2025-05-30,0.0011032128499356589
2025-06-02,0.0064364206806998185
2025-06-03,0.009853519697712643
2025-06-04,0.004933467845474511
2025-06-05,0.004643661485624914
2025-06-06,0.011001121277593704
2025-06-09,0.004536134786447712
2025-06-10,-0.008822138607986937
2025-06-11,0.0004184450140351332
2025-06-12,0.007756672993139201
2025-06-13,0.0017043474846101792
2025-06-16,-0.015813960637337483
2025-06-17,0.007155915663275477
2025-06-18,-0.00011305499313279889
2025-06-19,0.008572956211458886
2025-06-23,0.016876744098485004
2025-06-24,0.016921522895983265
2025-06-25,0.011292666778222174
2025-06-26,0.00047521034036449006
2025-06-27,0.007213830313377764
2025-06-30,-0.0006759907666373504
2025-07-01,0.012887992031348158
2025-07-02,0.004421976724270199
2025-07-03,0.007426529792825635
2025-07-04,0.01130806911037431
2025-07-08,-0.0024769455546765134
2025-07-09,0.02432392315649387
2025-07-10,0.0034431096282677176
2025-07-11,-0.00782048049595387
2025-07-14,-0.0010680139917437963
2025-07-15,0.004261428547149635
2025-07-16,0.0041742266046464055
2025-07-17,0.0059045370008152225
2025-07-18,0.004573998990684773
2025-07-22,-0.005905465422573362
2025-07-23,-0.02347705448723094
2025-07-24,-0.009148546330386309
2025-07-25,0.0005104741935472608
2025-07-28,0.004738393941124012
2025-07-29,-0.0004973735076994213
2025-07-30,0.0038484970945162253
2025-07-31,0.0027100777450360884
2025-08-01,0.00324038623931743
2025-08-04,0.0052442015013510306
2025-08-05,0.005907026365372484
2025-08-06,-0.0007739749661266678
2025-08-07,0.01411124731969354
2025-08-08,-0.005648472897849834
2025-08-12,0.010196513354639784
2025-08-13,0.004345919068047052
2025-08-14,0.004287709996078142
2025-08-15,0.016091045972520802
2025-08-18,0.024814846433869654
2025-08-19,-0.023213697357196833
2025-08-20,0.016956988647224627
2025-08-21,-0.008343414144717693
2025-08-22,0.010256834084083672
2025-08-25,0.009071624812739185
2025-08-26,0.005235614980419707
2025-08-27,-0.006892982126370976
2025-08-28,0.007415655873304064
2025-08-29,0.002357531477744242
2025-09-01,0.006328325872239992
2025-09-03,-0.0027647081560330474
2025-09-04,0.014948771726805253
2025-09-05,0.008733041549190983
2025-09-08,0.014523279290085025
2025-09-09,-0.005969309398003116
2025-09-10,0.002256217458820808
2025-09-11,0.025309944510078168
2025-09-12,0.00739498314358204
2025-09-16,-0.004777932561055017
2025-09-17,0.012246053827105807
2025-09-18,0.006259410809529936
2025-09-19,0.016747155028631788
2025-09-22,0.0007128170348775087
2025-09-24,0.009671007023119113
2025-09-25,0.006172609676215369
2025-09-26,0.0025692433307007135
2025-09-29,0.012238326851490719
2025-09-30,-0.0016168774424065366
2025-10-01,0.014162294526827067
2025-10-02,0.012957927155377288
2025-10-03,0.020548772954719758
2025-10-06,0.04507160562622734
2025-10-07,0.005266184477726268
2025-10-08,0.01307966105764046
2025-10-09,8.542885951904553e-05
2025-10-10,0.006408361846132105
2025-10-14,-0.008720468396323736
2025-10-15,0.010818854765793652
2025-10-16,0.004125913638651078
2025-10-17,0.0175900777062227
2025-10-20,0.014482670121722798
2025-10-21,0.025598330168358684
2025-10-22,0.007345319849870873
2025-10-23,0.017801721903007453
2025-10-29,0.00527868810016418
2025-10-30,0.014422145119161156
2025-10-31,-0.010636482534674564
2025-11-04,0.008024318371129472
2025-11-05,0.007025736355850467
2025-11-06,0.014651302752393413
2025-11-07,-0.003912638586702897
2025-11-10,0.0026885514175387596
2025-11-11,-0.0012184626039795695
2025-11-12,0.008063346354698296
2025-11-13,0.020496996511489767
2025-11-14,0.0016673415126899453
2025-11-17,0.01213589442500523
2025-11-18,0.015391669338097883
2025-11-19,0.03418367780502165
2025-11-20,0.012451648492187793
2025-11-21,0.023168573593171288
2025-11-25,0.008748336524088225
2025-11-26,-0.004023280314498981
2025-11-27,0.006998311420833755
2025-12-01,0.01954252828548852
2025-12-02,0.018285060890136005
2025-12-03,0.00717498046744996
2025-12-04,0.00016485964036647887
2025-12-05,0.013731621963423918
2025-12-08,-0.004391701665509524
2025-12-09,0.0008377627121913785
2025-12-10,-0.001086017358113835
2025-12-11,0.019506670915113867
2025-12-12,0.02125881965703897
2025-12-15,0.013385803708360214
2025-12-16,0.02060673889274184
2025-12-17,0.011335370046395048
2025-12-18,0.016775283567722236
2025-12-19,0.01900855269687081
2025-12-22,0.022340492026626187
2025-12-23,0.019712638886030767
2025-12-24,0.007412627462267594
2025-12-25,0.0033074667563153253
2025-12-29,-0.0028627304249366804
2025-12-30,0.027511127017462056
2026-01-05,0.0037592643687503167
2026-01-06,0.011308492553542635
2026-01-07,0.021659494314433907
2026-01-08,0.0008672366072095474
2026-01-09,0.0063530248734955785
2026-01-13,0.025899748762601857
2026-01-14,0.0010173202973963232
2026-01-15,-0.0018603565302386608
2026-01-16,-0.003345091217180826
2026-01-19,0.029310287604125535
2026-01-21,-0.008195230985685269
2026-01-22,0.010416913490270043
2026-01-23,0.022111962997769286
2026-01-26,0.0066986378894821185
2026-01-27,0.01390600904500881
2026-01-28,0.0072763222867646745
2026-01-29,0.025426988028958715
2026-01-30,0.019590884524239294
2026-02-02,0.031060009747128494
2026-02-03,0.023420467952272594
2026-02-04,0.04116428606545152
2026-02-05,0.04063266286501709
2026-02-06,0.03026404523203219
2026-02-09,0.038086203831460275
2026-02-10,0.0016347287020103025
2026-02-12,0.02373084792118084
2026-02-13,0.040271283028807225
2026-02-16,0.0042624127493034805
2026-02-18,0.004074134588823861
2026-02-19,0.007808393984545733
2026-02-20,0.004697784943271948
2026-02-24,0.022057213413626736
2026-02-25,0.0016289323584901096
2026-02-26,0.029312239213576993
2026-02-27,0.019813962232110575
2026-03-02,0.05151332314806556
2026-03-03,0.02363400571461114
2026-03-04,0.011153709091756024
2026-03-05,0.034042834598037
2026-03-06,-0.015666833166701668
2026-03-09,0.03319805156231777
2026-03-10,0.015689196377889247
2026-03-11,-0.008843481111332535
2026-03-12,0.006868879622618802
2026-03-13,-0.0034715346962851477
2026-03-16,0.0004540426716133578
2026-03-17,-0.008212959617396468
2026-03-18,-0.00239694876186521
2026-03-19,-0.003531019995777477
2026-03-23,0.026642915653656084
2026-03-24,0.017506886031080908
2026-03-25,0.004370224537844802
2026-03-26,-0.001005236081052748
2026-03-27,-0.005113185900087312
2026-03-30,0.004655236308454336
2026-03-31,0.019261758166087793
2026-04-01,0.00922053609470262
2026-04-02,-0.009575102672033273
2026-04-03,0.0007401398673389775
2026-04-07,0.016808647379703407
2026-04-08,-0.023024865484677533
2026-04-09,0.006541067247856061
2026-04-10,-0.005433773544375162
2026-04-13,0.03745046149500626
2026-04-14,0.004029619229848973
2026-04-15,0.012468735921324903
2026-04-16,-0.008614328295384801
2026-04-17,0.0031239254521796835
2026-04-20,0.017627594814088075
2026-04-21,-0.008269877725866443
2026-04-22,-0.01050382415785206
2026-04-23,0.005989035586096988
2026-04-24,-0.009767063531832711
2026-04-27,0.007342952677816586
2026-04-28,-0.02191099524917932
2026-04-30,0.010946176026518949
2026-05-01,0.0016394282438200144
2026-05-07,0.010675760890907313
2026-05-08,-0.004047941725878003
2026-05-11,-0.004080771043757873
2026-05-12,0.00916897388823443
2026-05-13,-0.02660252683507448
2026-05-14,-0.02234490134256489
2026-05-15,0.002401793621697092
2026-05-18,-0.01323733252721004
2026-05-19,-0.023403895141825337
2026-05-20,0.034723601734385726
2026-05-21,0.004201645648610248
2026-05-22,-0.014616585231851857
2026-05-25,-0.02065900016041674
2026-05-27,-0.012915271507651071
2026-05-28,0.017511332176575536
2026-05-29,0.006387296968054576
2026-06-01,-0.023841661217620436
2026-06-02,0.00838465842999426
2026-06-03,0.012943918999361826
2026-06-04,-0.011467823563421627
2026-06-05,-0.014291907736416101
2026-06-08,0.018388251268831667
2026-06-09,-0.01566506745041836
2026-06-10,0.003626885035304145
2026-06-11,0.10092091109277435
2026-06-12,0.0026215164181283054
2026-06-15,-0.024846209893947712
2026-06-16,-0.004292561484255505
2026-06-17,-0.0043832790816059775
2026-06-18,0.022698792022984512
2026-06-19,-0.008826461959307353
2026-06-23,-0.03731268888799961
2026-06-24,0.013464471512703082
2026-06-25,0.0021501894017320884
2026-06-26,-0.019131917758752795
2026-06-29,0.021925303470625705
2026-06-30,-0.004877983291751556
2026-07-01,-0.01844611154341987
2026-07-02,-0.022779806719562836
2026-07-03,0.04118909852121838
2026-07-07,-0.012106718116145911
2026-07-08,-0.014640848299652556
2026-07-09,-0.006031282203873571
2026-07-10,0.0067337938795429715
2026-07-13,-0.014037090560771463
2026-07-14,0.004897062096586473
2026-07-15,-0.004162171539978056
2026-07-16,-0.01197422258282229
2026-07-17,-0.005933219080337873
2026-07-21,0.03129742803449876
2026-07-22,0.014794034022167156
2026-07-23,0.0007864546682181724
2026-07-24,-0.003071231439463098
2026-07-27,-0.031906614892192306
2026-07-28,-0.02370790931671258
2026-07-29,0.027764253747749233
