trade_date,daily_reverse_costs
2024-12-23,0.0
2024-12-24,0.0001518169654137878
2024-12-25,0.00011334950836926674
2024-12-27,0.00022106744774207763
2024-12-30,0.00045104061549465957
2025-01-06,0.0010451596802930159
2025-01-07,0.00011125102193424764
2025-01-08,0.0001443826018800958
2025-01-09,0.00015129425851668568
2025-01-14,0.0005682548186783963
2025-01-15,0.00011049979694052333
2025-01-16,0.0001094320040806108
2025-01-17,0.00011109823443977411
2025-01-20,0.0003380355163764151
2025-01-22,0.00022474153874877236
2025-01-23,0.00010977314804423848
2025-01-24,0.00014867782394840492
2025-01-27,0.0004519702622093456
2025-01-28,0.00010856795112556502
2025-01-29,0.00011105207405292316
2025-01-30,0.0001120345090386719
2025-01-31,0.0001118905657377345
2025-02-03,0.00034124065385275864
2025-02-04,0.00011079502685117447
2025-02-05,0.0001462319950952172
2025-02-06,0.00011141193854131675
2025-02-07,0.00011196597632931713
2025-02-10,0.00033644772971804627
2025-02-12,0.00022013742739173563
2025-02-13,0.00014481198493440604
2025-02-14,0.0001504191353873238
2025-02-17,0.00043802376205164705
2025-02-19,0.00022168178636162368
2025-02-20,0.00011076009157969769
2025-02-21,0.00014760956235816323
2025-02-25,0.00044864238611306987
2025-02-26,0.00015093246044871447
2025-02-27,0.00014294586717346607
2025-02-28,0.0001108616145173333
2025-03-03,0.0004448146762238922
2025-03-04,0.00014627892066088115
2025-03-05,0.0001444169620964631
2025-03-06,0.00011037557553158962
2025-03-07,0.0001496716617339307
2025-03-10,0.0003325186500675095
2025-03-11,0.00010828447452744964
2025-03-12,0.00011235754142390145
2025-03-13,0.00011183991479705263
2025-03-14,0.00014827077852088777
2025-03-17,0.0004496374989371736
2025-03-18,0.00011204243993067786
2025-03-19,0.00014456392488148228
2025-03-21,0.00030176325597804375
2025-03-24,0.00033796851712230154
2025-03-25,0.00011138121606857018
2025-03-26,0.00014688772657492835
2025-03-27,0.00014893208091052172
2025-03-28,0.0001122461192189253
2025-03-31,0.00043949084114426975
2025-04-01,0.00014595252689733148
2025-04-02,0.00011065687514064287
2025-04-03,0.0001467397645169105
2025-04-04,0.00015526990888637941
2025-04-07,0.0003355653500414335
2025-04-08,0.0001016923527619194
2025-04-09,0.00010618947947004674
2025-04-10,0.00014574537733435668
2025-04-11,9.908185858073447e-05
2025-04-14,0.0004202714501144703
2025-04-15,0.00011345332102832846
2025-04-16,0.00014510071839421063
2025-04-17,0.00011262408513631848
2025-04-18,0.00014991031008838485
2025-04-22,0.00046092295678571294
2025-04-23,0.00015374811615248796
2025-04-24,0.00014748360334570753
2025-04-25,0.00014733513362327337
2025-04-28,0.0004408821097151225
2025-04-30,0.00022677216323560822
2025-05-01,0.0001129030692672852
2025-05-02,0.00011169761998848798
2025-05-07,0.0007479449021125489
2025-05-08,0.00011029888447103669
2025-05-09,0.00011130382885148876
2025-05-12,0.0004320856056226147
2025-05-13,0.00014404191306745495
2025-05-14,0.00010911885677180013
2025-05-15,0.00014179372325640917
2025-05-16,0.00011274497331073395
2025-05-19,0.00033523690161650085
2025-05-20,0.00011008841799192209
2025-05-21,0.00011168950975280042
2025-05-22,0.00011326276331009455
2025-05-23,0.00011314815095791866
2025-05-26,0.00033517647091719875
2025-05-28,0.00022351809386431847
2025-05-29,0.00011142432084680105
2025-05-30,0.0001510574903862675
2025-06-02,0.0004548798746977807
2025-06-03,0.00011247629635646237
2025-06-04,0.00011039637139466714
2025-06-05,0.00011124173664967114
2025-06-06,0.00014993619400588266
2025-06-09,0.0003330648234185225
2025-06-10,0.00014899514301841356
2025-06-11,0.00015174871379929403
2025-06-12,0.00011255101424945935
2025-06-13,0.00011163153352524318
2025-06-16,0.0003360563520362247
2025-06-17,0.00011423770035401907
2025-06-18,0.00014946432045409458
2025-06-19,0.00015184028769928089
2025-06-23,0.0004446990941580384
2025-06-24,0.00011167511705770503
2025-06-25,0.00014619743927944277
2025-06-26,0.00010943851721065468
2025-06-27,0.0001136328852917949
2025-06-30,0.0003346508666050386
2025-07-01,0.00011164349060143646
2025-07-02,0.00011074321797984834
2025-07-03,0.00011228688344583884
2025-07-04,0.00011258625052315639
2025-07-08,0.00043919207321085375
2025-07-09,0.0001135441421586186
2025-07-10,0.0001467206362342661
2025-07-11,0.00011140151889391982
2025-07-14,0.0003370675844506542
2025-07-15,0.00015213091139943964
2025-07-16,0.0001485215865562811
2025-07-17,0.00014930728023469962
2025-07-18,0.00011295609480082727
2025-07-22,0.0004462150368485789
2025-07-23,0.00011352058956499063
2025-07-24,0.0001182480102931524
2025-07-25,0.00011516582065810825
2025-07-28,0.00033616102330683505
2025-07-29,0.000148185787902505
2025-07-30,0.00015099527436496257
2025-07-31,0.000151071890117021
2025-08-01,0.00011134034372991801
2025-08-04,0.00044654889701392034
2025-08-05,0.00015305253204184844
2025-08-06,0.00011204079296502741
2025-08-07,0.00011464843183581294
2025-08-08,0.0001499739460847998
2025-08-12,0.0004508347531262719
2025-08-13,0.0001494667869816184
2025-08-14,0.00014943850963750388
2025-08-15,0.00011175072334068141
2025-08-18,0.00033413043450252725
2025-08-19,0.00014643781066063996
2025-08-20,0.00011493855814028662
2025-08-21,0.00014845786974139892
2025-08-22,0.00011319047020122799
2025-08-25,0.000334535915098333
2025-08-26,0.00014820291339324516
2025-08-27,0.00011044422650885775
2025-08-28,0.00011385526314687055
2025-08-29,0.0001125571812604006
2025-09-01,0.0003351949528487092
2025-09-03,0.00022534381660737035
2025-09-04,0.00011249249659520294
2025-09-05,0.00014746525871161577
2025-09-08,0.0003315191660309553
2025-09-09,0.00011162582443297399
2025-09-10,0.00011257274808444039
2025-09-11,0.0001115829562862326
2025-09-12,0.0001469061557643745
2025-09-16,0.0004430268490691115
2025-09-17,0.0001510638444841661
2025-09-18,0.000110295255659272
2025-09-19,0.00011169692977228592
2025-09-22,0.00043456331920872695
2025-09-24,0.0003017387964516867
2025-09-25,0.00011207850513517568
2025-09-26,0.00011128098615541444
2025-09-29,0.0004524706568397776
2025-09-30,0.00014447438372394838
2025-10-01,0.00011295525336731943
2025-10-02,0.00010993513807343368
2025-10-03,0.00010826885508896348
2025-10-06,0.000341996633308195
2025-10-07,0.00013858217698442884
2025-10-08,0.00014765588915227208
2025-10-09,0.0001482193192388293
2025-10-10,0.00014974035205809477
2025-10-14,0.0005865553320534927
2025-10-15,0.00011496828202411818
2025-10-16,0.00011195850827996273
2025-10-17,0.00011150639309071362
2025-10-20,0.00033284166996847285
2025-10-21,0.00011076260931944971
2025-10-22,0.00014320585716717156
2025-10-23,0.00011143831796505053
2025-10-29,0.0008825809069863748
2025-10-30,0.0001110669854787493
2025-10-31,0.00011217878806031321
2025-11-04,0.0006068424396545037
2025-11-05,0.00014846647172829606
2025-11-06,0.00011185510585660121
2025-11-07,0.00011126400267890222
2025-11-10,0.00045684260971666003
2025-11-11,0.00011164589406882035
2025-11-12,0.0001496910809962646
2025-11-13,0.00014996123444769276
2025-11-14,0.0001093682657410296
2025-11-17,0.00044871291861761577
2025-11-18,0.00014901040571633218
2025-11-19,0.00010711577275090323
2025-11-20,0.00014479260216557622
2025-11-21,0.00014814334130278602
2025-11-25,0.0005952228597856241
2025-11-26,0.0001108430572081112
2025-11-27,0.00015209649676864507
2025-12-01,0.00044701240536620886
2025-12-02,0.00014426037845843988
2025-12-03,0.0001092605424071056
2025-12-04,0.00011096035791054809
2025-12-05,0.00011388502443987257
2025-12-08,0.00033179532480459724
2025-12-09,0.00015032727447905023
2025-12-10,0.00011316970731267538
2025-12-11,0.00015023697012066817
2025-12-12,0.00014615860424631368
2025-12-15,0.00032865470229247754
2025-12-16,0.00011173922086485045
2025-12-17,0.00014368324404456814
2025-12-18,0.00011002302245146587
2025-12-19,0.00011020872426615965
2025-12-22,0.00044282791882997073
2025-12-23,0.00014422577663618784
2025-12-24,0.00014594603932297816
2025-12-25,0.00011132405182742083
2025-12-29,0.00045068101351529216
2025-12-30,0.00011303245668817985
2026-01-05,0.0008794171967220179
2026-01-06,0.00014806877069134243
2026-01-07,0.00014942105772333103
2026-01-08,0.00010997118992148447
2026-01-09,0.00011336724870997684
2026-01-13,0.0005876894462699449
2026-01-14,0.00014527119843362008
2026-01-15,0.00011264898815973131
2026-01-16,0.00014824352893338594
2026-01-19,0.0003405559568576118
2026-01-21,0.0002909261858981116
2026-01-22,0.00015100962634405634
2026-01-23,0.00011146767002064786
2026-01-26,0.0004343068151995351
2026-01-27,0.00014734978972347673
2026-01-28,0.0001103890076304416
2026-01-29,0.00011119721644088332
2026-01-30,0.00011009647850493722
2026-02-02,0.00044767612055859825
2026-02-03,0.0001434478559152067
2026-02-04,0.00014602301944843096
2026-02-05,0.00014438368659473283
2026-02-06,0.00014158387938526825
2026-02-09,0.00044352336588526434
2026-02-10,0.00014224079754580974
2026-02-12,0.00029635049805991386
2026-02-13,0.00011010989793078157
2026-02-16,0.00031955413269330095
2026-02-18,0.00022212411494203332
2026-02-19,0.0001492097850203105
2026-02-20,0.00011191852017261557
2026-02-24,0.0006064283611806885
2026-02-25,0.00010870149952634499
2026-02-26,0.00014993980463042054
2026-02-27,0.0001435133472422982
2026-03-02,0.0004436339332919605
2026-03-03,0.0001394738930951053
2026-03-04,0.00014665313443073692
2026-03-05,0.00015063003006590383
2026-03-06,0.00014006022054109947
2026-03-09,0.00035395556027702056
2026-03-10,0.00014687487520836977
2026-03-11,0.0001460160355833676
2026-03-12,0.00011647453812810556
2026-03-13,0.0001492199781210606
2026-03-16,0.0004609158137676144
2026-03-17,0.0001515835673627466
2026-03-18,0.00015306296269162602
2026-03-19,0.00011498467011381158
2026-03-23,0.0004440582476927385
2026-03-24,0.00011196804614545429
2026-03-25,0.00015108093286142057
2026-03-26,0.0001179680589272513
2026-03-27,0.0001525816667897023
2026-03-30,0.0004534055671243909
2026-03-31,0.00015576797658272272
2026-04-01,0.00011018186905310999
2026-04-02,0.00011283762425654245
2026-04-03,0.00011293424301535689
2026-04-07,0.0006117026391775432
2026-04-08,0.00015104531307561018
2026-04-09,0.0001563473855750741
2026-04-10,0.00011368424333513128
2026-04-13,0.0003447202134834723
2026-04-14,0.0001498096684187394
2026-04-15,0.00014727451488374187
2026-04-16,0.00011336266431978855
2026-04-17,0.00011455405706317596
2026-04-20,0.0004516011605033678
2026-04-21,0.00011009964099795165
2026-04-22,0.00011492475782884456
2026-04-23,0.0001155065284005441
2026-04-24,0.00015296264546404786
2026-04-27,0.0004570640143816888
2026-04-28,0.00015503800862380867
2026-04-30,0.00023761251323772763
2026-05-01,0.00015634802930191902
2026-05-07,0.0009142874679405986
2026-05-08,0.00015588854160710972
2026-05-11,0.00034699393492769573
2026-05-12,0.0001570280793160787
2026-05-13,0.00015128694590022145
2026-05-14,0.00016144126718739516
2026-05-15,0.0001603375901801638
2026-05-18,0.00045667069864871695
2026-05-19,0.000154750893338378
2026-05-20,0.000155528748337817
2026-05-21,0.0001480082046001287
2026-05-22,0.0001529629511625013
2026-05-25,0.00035629896517526036
2026-05-27,0.00031972726168699196
2026-05-28,0.00015572597263752754
2026-05-29,0.0001501879894660481
2026-06-01,0.0004576751396775993
2026-06-02,0.00012158476563407877
2026-06-03,0.00015224641465014252
2026-06-04,0.00015506126211754112
2026-06-05,0.0001546628893798319
2026-06-08,0.0004661954780738346
2026-06-09,0.00015989581443791144
2026-06-10,0.00015269341417603277
2026-06-11,0.00011540284609687701
2026-06-12,0.00014533947488407867
2026-06-15,0.00044063817303700793
2026-06-16,0.00011880112872626827
2026-06-17,0.00011427986961223228
2026-06-18,0.0001544062446967998
2026-06-19,0.00015410215769917984
2026-06-23,0.000607015967112895
2026-06-24,0.0001139794305547532
2026-06-25,0.00015080379734933993
2026-06-26,0.00015373675856751834
2026-06-29,0.0004664964527083179
2026-06-30,0.00014979743468617954
2026-07-01,0.00015148469064726113
2026-07-02,0.00015849650379989465
2026-07-03,0.00015063112107225688
2026-07-07,0.000592415519612334
2026-07-08,0.00015263057599536128
2026-07-09,0.00015874478321283502
2026-07-10,0.00015098760495204115
2026-07-13,0.0004661494186544732
2026-07-14,0.00011300031562432174
2026-07-15,0.0001152078541005748
2026-07-16,0.0001523227208609271
2026-07-17,0.00011558397403520087
2026-07-21,0.00046669757322973746
2026-07-22,0.00015294317354041392
2026-07-23,0.00011035690656488848
2026-07-24,0.0001523083836266524
2026-07-27,0.0003442311306748653
2026-07-28,0.00015784482217092428
2026-07-29,0.00012086832707720039
