trade_date,drawdown
2024-12-23,-0.0045417424470033385
2024-12-24,-0.00814383125856244
2024-12-25,-0.001456997851096764
2024-12-27,0.0
2024-12-30,-0.0003018473082871953
2025-01-06,-0.004381994383510945
2025-01-07,0.0
2025-01-08,-0.009804023162482745
2025-01-09,-0.022645526934872096
2025-01-14,-0.016935041929560413
2025-01-15,-0.0014462004411155416
2025-01-16,0.0
2025-01-17,-0.0004735991313202792
2025-01-20,0.0
2025-01-22,0.0
2025-01-23,0.0
2025-01-24,-0.00376065902264755
2025-01-27,0.0
2025-01-28,0.0
2025-01-29,0.0
2025-01-30,0.0
2025-01-31,-0.00684451048353707
2025-02-03,-0.0006232418585064847
2025-02-04,0.0
2025-02-05,0.0
2025-02-06,0.0
2025-02-07,0.0
2025-02-10,0.0
2025-02-12,0.0
2025-02-13,0.0
2025-02-14,0.0
2025-02-17,0.0
2025-02-19,0.0
2025-02-20,0.0
2025-02-21,0.0
2025-02-25,0.0
2025-02-26,0.0
2025-02-27,0.0
2025-02-28,0.0
2025-03-03,0.0
2025-03-04,0.0
2025-03-05,0.0
2025-03-06,0.0
2025-03-07,0.0
2025-03-10,0.0
2025-03-11,-0.0008958512538074226
2025-03-12,0.0
2025-03-13,0.0
2025-03-14,0.0
2025-03-17,0.0
2025-03-18,0.0
2025-03-19,0.0
2025-03-21,0.0
2025-03-24,0.0
2025-03-25,0.0
2025-03-26,0.0
2025-03-27,0.0
2025-03-28,0.0
2025-03-31,0.0
2025-04-01,0.0
2025-04-02,0.0
2025-04-03,-0.024268317290863095
2025-04-04,-0.025316443928572796
2025-04-07,0.0
2025-04-08,0.0
2025-04-09,0.0
2025-04-10,0.0
2025-04-11,0.0
2025-04-14,-0.014751479202472662
2025-04-15,0.0
2025-04-16,-0.004709529049101158
2025-04-17,0.0
2025-04-18,-0.00657844369668481
2025-04-22,-0.020987516693010244
2025-04-23,-0.006678439865353325
2025-04-24,0.0
2025-04-25,0.0
2025-04-28,-0.0065778775810592105
2025-04-30,-0.006566487220228789
2025-05-01,-0.0016911849413978608
2025-05-02,-8.075847503186129e-05
2025-05-07,0.0
2025-05-08,0.0
2025-05-09,0.0
2025-05-12,0.0
2025-05-13,0.0
2025-05-14,0.0
2025-05-15,0.0
2025-05-16,0.0
2025-05-19,0.0
2025-05-20,-0.0017696840898540067
2025-05-21,-0.005824432412376512
2025-05-22,-0.00963672290193518
2025-05-23,-0.003977576211748102
2025-05-26,0.0
2025-05-28,0.0
2025-05-29,-0.004568196253603385
2025-05-30,-0.005566051936697458
2025-06-02,-0.007258723167154479
2025-06-03,0.0
2025-06-04,0.0
2025-06-05,-0.003344880648007753
2025-06-06,0.0
2025-06-09,0.0
2025-06-10,-0.01190120428021657
2025-06-11,-0.014396024811654584
2025-06-12,-0.009794165143354516
2025-06-13,-0.007080890221914049
2025-06-16,-0.02223110711792009
2025-06-17,-0.020115934548097236
2025-06-18,-0.02210575185507513
2025-06-19,-0.017056333227541742
2025-06-23,-0.013833268917275321
2025-06-24,0.0
2025-06-25,0.0
2025-06-26,-0.005518143967371936
2025-06-27,0.0
2025-06-30,0.0
2025-07-01,0.0
2025-07-02,0.0
2025-07-03,-0.0005397108706575171
2025-07-04,0.0
2025-07-08,-0.004337180722899903
2025-07-09,0.0
2025-07-10,0.0
2025-07-11,-0.0009309390211860169
2025-07-14,-0.010064314438112065
2025-07-15,-0.009725321879125004
2025-07-16,-0.006865878571511663
2025-07-17,-0.007184615396507499
2025-07-18,-0.004718293934516393
2025-07-22,-0.0119593123225471
2025-07-23,-0.030758427525030996
2025-07-24,-0.04250481087732505
2025-07-25,-0.04414681874740478
2025-07-28,-0.03970995490899265
2025-07-29,-0.04834320287421823
2025-07-30,-0.049812710523364556
2025-07-31,-0.040809757851601125
2025-08-01,-0.03253773649067149
2025-08-04,-0.042852011871479134
2025-08-05,-0.03905410510780538
2025-08-06,-0.04478655080356875
2025-08-07,-0.041374725714677596
2025-08-08,-0.03917155936119965
2025-08-12,-0.036139344781949245
2025-08-13,-0.032195475829928655
2025-08-14,-0.033173260565629636
2025-08-15,-0.017154454057014434
2025-08-18,-0.0012616709827582007
2025-08-19,-0.017247352524372483
2025-08-20,-0.010376765371201135
2025-08-21,-0.01955327135940199
2025-08-22,-0.012727419684065433
2025-08-25,-0.010633919738245567
2025-08-26,-0.003863966915524486
2025-08-27,-0.011755124694739605
2025-08-28,-0.008566833194501244
2025-08-29,-0.006243819611448931
2025-09-01,-0.006807393498705738
2025-09-03,-0.011968821597520107
2025-09-04,0.0
2025-09-05,0.0
2025-09-08,0.0
2025-09-09,-0.007018551624242142
2025-09-10,-0.0013235961875776026
2025-09-11,0.0
2025-09-12,0.0
2025-09-16,-0.006409348652925417
2025-09-17,0.0
2025-09-18,0.0
2025-09-19,0.0
2025-09-22,-0.006497638843145914
2025-09-24,-0.0031926368423013107
2025-09-25,0.0
2025-09-26,-0.002732573715212183
2025-09-29,0.0
2025-09-30,-0.008907545489577284
2025-10-01,-0.0035656451770911257
2025-10-02,0.0
2025-10-03,-0.003646200012819567
2025-10-06,0.0
2025-10-07,0.0
2025-10-08,0.0
2025-10-09,-0.0009607235747959297
2025-10-10,0.0
2025-10-14,-0.01676501664088148
2025-10-15,-0.009399184910261815
2025-10-16,-0.002243525128110546
2025-10-17,0.0
2025-10-20,0.0
2025-10-21,0.0
2025-10-22,0.0
2025-10-23,0.0
2025-10-29,-0.0029485816306176194
2025-10-30,0.0
2025-10-31,-0.004754327966796645
2025-11-04,0.0
2025-11-05,0.0
2025-11-06,0.0
2025-11-07,-0.009346005774653388
2025-11-10,-0.0036260406614241347
2025-11-11,-0.008824213537298231
2025-11-12,-0.0030259537216579258
2025-11-13,0.0
2025-11-14,0.0
2025-11-17,0.0
2025-11-18,0.0
2025-11-19,0.0
2025-11-20,0.0
2025-11-21,0.0
2025-11-25,0.0
2025-11-26,0.0
2025-11-27,0.0
2025-12-01,0.0
2025-12-02,0.0
2025-12-03,0.0
2025-12-04,-0.0009000670674225164
2025-12-05,0.0
2025-12-08,-0.0002513986312340233
2025-12-09,-0.004713488035858582
2025-12-10,-0.007569699897346682
2025-12-11,-0.004413733434586953
2025-12-12,0.0
2025-12-15,0.0
2025-12-16,0.0
2025-12-17,0.0
2025-12-18,0.0
2025-12-19,0.0
2025-12-22,0.0
2025-12-23,0.0
2025-12-24,0.0
2025-12-25,-0.0013708219439240166
2025-12-29,-0.003937734118115155
2025-12-30,0.0
2026-01-05,0.0
2026-01-06,0.0
2026-01-07,0.0
2026-01-08,-0.005342261877265608
2026-01-09,0.0
2026-01-13,0.0
2026-01-14,-0.0008992338666369282
2026-01-15,0.0
2026-01-16,-0.009662636991917162
2026-01-19,0.0
2026-01-21,-0.005904192286027787
2026-01-22,-0.005878032256854682
2026-01-23,0.0
2026-01-26,0.0
2026-01-27,0.0
2026-01-28,0.0
2026-01-29,0.0
2026-01-30,0.0
2026-02-02,0.0
2026-02-03,0.0
2026-02-04,0.0
2026-02-05,0.0
2026-02-06,0.0
2026-02-09,0.0
2026-02-10,0.0
2026-02-12,0.0
2026-02-13,0.0
2026-02-16,-0.001989602924632461
2026-02-18,0.0
2026-02-19,0.0
2026-02-20,-0.01380798249379378
2026-02-24,0.0
2026-02-25,0.0
2026-02-26,0.0
2026-02-27,0.0
2026-03-02,0.0
2026-03-03,-0.014790307498407707
2026-03-04,-0.02865798331468572
2026-03-05,-0.0047952081464403
2026-03-06,-0.033670105446680365
2026-03-09,-0.01257675885269749
2026-03-10,0.0
2026-03-11,-0.02549430815572229
2026-03-12,-0.02983258632078767
2026-03-13,-0.045590800276564036
2026-03-16,-0.0583100496662321
2026-03-17,-0.07837207006735492
2026-03-18,-0.08440442335000076
2026-03-19,-0.08373098211280372
2026-03-23,-0.09254096515181154
2026-03-24,-0.10103114595862683
2026-03-25,-0.11820495296503275
2026-03-26,-0.13406399085698517
2026-03-27,-0.13531819702446501
2026-03-30,-0.15601737678342942
2026-03-31,-0.14604184943885412
2026-04-01,-0.1382524409240371
2026-04-02,-0.1508300612363045
2026-04-03,-0.1612616502587081
2026-04-07,-0.17542558583413748
2026-04-08,-0.20472146592984086
2026-04-09,-0.21923271357590157
2026-04-10,-0.23170047132727067
2026-04-13,-0.229672687577834
2026-04-14,-0.2216575908328524
2026-04-15,-0.22974513912562178
2026-04-16,-0.24070034378770933
2026-04-17,-0.25169053880598025
2026-04-20,-0.24491766331549036
2026-04-21,-0.2593280352903473
2026-04-22,-0.27457784833602206
2026-04-23,-0.2882113486986442
2026-04-24,-0.2983115194262197
2026-04-27,-0.31906999400416103
2026-04-28,-0.3409591448928697
2026-04-30,-0.36343690304451726
2026-05-01,-0.3731959656793611
2026-05-07,-0.38828832766968524
2026-05-08,-0.3989616687126618
2026-05-11,-0.41966619808145045
2026-05-12,-0.419369688681948
2026-05-13,-0.4474361443414041
2026-05-14,-0.481006552537634
2026-05-15,-0.48885868715903
2026-05-18,-0.5061739205062705
2026-05-19,-0.5211539341426343
2026-05-20,-0.5215444916719928
2026-05-21,-0.5290092680715973
2026-05-22,-0.5459417717500004
2026-05-25,-0.5665644510537038
2026-05-27,-0.5806195363229221
2026-05-28,-0.5835433490332567
2026-05-29,-0.5863888978642835
2026-06-01,-0.6105185561807741
2026-06-02,-0.6174601638956454
2026-06-03,-0.6268479395268101
2026-06-04,-0.6361486475336555
2026-06-05,-0.6466385810521864
2026-06-08,-0.6651231976213483
2026-06-09,-0.6685848355162631
2026-06-10,-0.676000122149008
2026-06-11,-0.6656424081236525
2026-06-12,-0.6611712250011471
2026-06-15,-0.6740413540791909
2026-06-16,-0.6791327961586073
2026-06-17,-0.6840793996309974
2026-06-18,-0.6890705049649359
2026-06-19,-0.6905602259600231
2026-06-23,-0.7007828992478307
2026-06-24,-0.7036764172770165
2026-06-25,-0.711165522503113
2026-06-26,-0.7192523782073076
2026-06-29,-0.7192177815580356
2026-06-30,-0.7212507737192463
2026-07-01,-0.7341492108371726
2026-07-02,-0.7359732191774524
2026-07-03,-0.7340529316009112
2026-07-07,-0.7397124684767465
2026-07-08,-0.7523256092881241
2026-07-09,-0.7535242823132668
2026-07-10,-0.7607582343484138
2026-07-13,-0.7631991840942921
2026-07-14,-0.76674491568495
2026-07-15,-0.7688413746984022
2026-07-16,-0.7742380464367238
2026-07-17,-0.7822388453213479
2026-07-21,-0.7831308053219922
2026-07-22,-0.780574754470183
2026-07-23,-0.7829666248776501
2026-07-24,-0.7852493575388002
2026-07-27,-0.7927258976336578
2026-07-28,-0.8065784594997146
2026-07-29,-0.8096937587198161
