trade_date,daily_execution_volume
2024-12-23,4.132837057953939
2024-12-24,3.1433859644107374
2024-12-25,3.7289704805949735
2024-12-27,4.694930435051225
2024-12-30,4.841739841029577
2025-01-06,3.9756694733846554
2025-01-07,4.151939429590865
2025-01-08,5.268220151894741
2025-01-09,4.208638314914687
2025-01-14,3.7676225333953752
2025-01-15,4.1083070978866285
2025-01-16,3.240274855761904
2025-01-17,3.7301955006391045
2025-01-20,3.9234993311104325
2025-01-22,3.836025214932589
2025-01-23,4.365391269392774
2025-01-24,4.435719257395557
2025-01-27,4.239478666282087
2025-01-28,2.9387679718270574
2025-01-29,3.5450491422496944
2025-01-30,3.8319714402660034
2025-01-31,3.2592691232068036
2025-02-03,4.255607210988002
2025-02-04,4.940621352932902
2025-02-05,3.9182757779774833
2025-02-06,4.2801392165887115
2025-02-07,3.6882064995203656
2025-02-10,3.4232053065936405
2025-02-12,4.448913458779117
2025-02-13,5.437897681443899
2025-02-14,5.240061920803089
2025-02-17,4.170492047496979
2025-02-19,2.957541524864811
2025-02-20,4.956429009703129
2025-02-21,4.236638804482282
2025-02-25,4.698113672160535
2025-02-26,5.1108906453503025
2025-02-27,3.848064358575364
2025-02-28,4.809482486848221
2025-03-03,5.4678186232931365
2025-03-04,5.063434664823638
2025-03-05,3.929265050738671
2025-03-06,4.46238722151757
2025-03-07,4.570230713933263
2025-03-10,4.202265165388402
2025-03-11,3.134679863303356
2025-03-12,4.0075598046212315
2025-03-13,3.8794332082625935
2025-03-14,4.586598937402495
2025-03-17,4.009776500462527
2025-03-18,4.474851567779586
2025-03-19,4.437431268473809
2025-03-21,3.475955915095141
2025-03-24,4.202972062692246
2025-03-25,3.9709288241025664
2025-03-26,3.4991461847292453
2025-03-27,3.953873978617186
2025-03-28,3.6179689225726754
2025-03-31,4.059387932175677
2025-04-01,3.8129420054846763
2025-04-02,4.488512940202501
2025-04-03,5.249634398076677
2025-04-04,4.362634961613192
2025-04-07,3.7295641247141216
2025-04-08,3.6578627707489373
2025-04-09,3.525314655065947
2025-04-10,4.3725044552599455
2025-04-11,4.4869929307040275
2025-04-14,3.0430919115447796
2025-04-15,3.947197340212196
2025-04-16,3.4346789942191
2025-04-17,4.515473012519423
2025-04-18,4.365810085342347
2025-04-22,4.263538666476281
2025-04-23,5.7477525819594515
2025-04-24,5.5381128349643305
2025-04-25,4.771074140567441
2025-04-28,2.353171805249408
2025-04-30,3.761380041587053
2025-05-01,3.6250478470900167
2025-05-02,5.200767183106551
2025-05-07,3.6898166608537624
2025-05-08,3.3021418180549884
2025-05-09,4.24596785786502
2025-05-12,4.404972233512254
2025-05-13,3.3279760350609093
2025-05-14,4.330716275385954
2025-05-15,3.1111053198183756
2025-05-16,4.017309962403133
2025-05-19,3.0580193470475616
2025-05-20,3.724770936430689
2025-05-21,2.929967889882776
2025-05-22,2.5314312600614333
2025-05-23,3.3238976008148393
2025-05-26,4.203685833340731
2025-05-28,4.198379165393888
2025-05-29,3.6687559421602747
2025-05-30,5.759479355026008
2025-06-02,3.112610575168967
2025-06-03,4.500925760289259
2025-06-04,3.496822845137071
2025-06-05,4.793608408221325
2025-06-06,4.769424960168231
2025-06-09,4.530807181931947
2025-06-10,3.9147064283645507
2025-06-11,3.258449399959596
2025-06-12,3.822775749005168
2025-06-13,3.5218381828922487
2025-06-16,3.7718173983513448
2025-06-17,4.0845504400822765
2025-06-18,4.791025715279309
2025-06-19,3.3534667222865355
2025-06-23,2.922483033155198
2025-06-24,5.024457286967632
2025-06-25,4.211534962160867
2025-06-26,3.870226888662505
2025-06-27,3.4045907798272053
2025-06-30,3.4855522456670323
2025-07-01,3.2833442083636335
2025-07-02,3.6638984787859172
2025-07-03,3.403724803628125
2025-07-04,4.049391470599518
2025-07-08,3.5273098188722876
2025-07-09,4.881471119313214
2025-07-10,4.211777236797015
2025-07-11,3.435783213679665
2025-07-14,4.783945966486509
2025-07-15,4.356388616917217
2025-07-16,4.175150320578661
2025-07-17,3.6877187206852793
2025-07-18,3.968363047851541
2025-07-22,3.4095815103316918
2025-07-23,3.408569681041358
2025-07-24,3.8113221294899766
2025-07-25,3.4367633357024103
2025-07-28,4.462004603329511
2025-07-29,4.991491414995335
2025-07-30,5.1960282770971356
2025-07-31,4.215937742165376
2025-08-01,3.284162114300922
2025-08-04,5.449743068074694
2025-08-05,3.768920970140812
2025-08-06,4.094929330884996
2025-08-07,5.077479161293429
2025-08-08,4.978526832448488
2025-08-12,5.389812610747395
2025-08-13,5.216212802054169
2025-08-14,4.114177484010952
2025-08-15,3.7721381598906523
2025-08-18,4.943685155067387
2025-08-19,4.945451028398075
2025-08-20,4.6470543751185875
2025-08-21,3.698803340263366
2025-08-22,3.7597761260484384
2025-08-25,4.396997256534064
2025-08-26,3.6264960843366922
2025-08-27,3.592800077978122
2025-08-28,3.636034718278747
2025-08-29,3.7497173565981123
2025-09-01,3.660371556294213
2025-09-03,4.032424966254598
2025-09-04,4.929724654433698
2025-09-05,3.7606088180588686
2025-09-08,2.9162611210147076
2025-09-09,3.2304406459626143
2025-09-10,4.060767963400464
2025-09-11,4.710438643019671
2025-09-12,4.354595929826773
2025-09-16,4.44675338564576
2025-09-17,3.9784128738113287
2025-09-18,3.5338810810137744
2025-09-19,4.609511715125699
2025-09-22,4.417654021308151
2025-09-24,4.444045955464592
2025-09-25,3.059098187175694
2025-09-26,4.294818734290434
2025-09-29,5.454571993239881
2025-09-30,3.504654357596426
2025-10-01,4.044598114910675
2025-10-02,3.8738926785076386
2025-10-03,3.247124328649386
2025-10-06,4.678153561779556
2025-10-07,5.497772095933414
2025-10-08,3.889186178310939
2025-10-09,4.189274808623898
2025-10-10,4.6710136445426995
2025-10-14,3.57381106595693
2025-10-15,3.901083158339129
2025-10-16,4.057274249304182
2025-10-17,3.8172727359881224
2025-10-20,4.030139309597496
2025-10-21,4.4300725371307275
2025-10-22,3.505567052417221
2025-10-23,4.353000687910307
2025-10-29,3.880252176158246
2025-10-30,4.160466687385289
2025-10-31,5.550342970032615
2025-11-04,5.395050888439731
2025-11-05,3.819914346036506
2025-11-06,3.2621373270274585
2025-11-07,5.238932966335031
2025-11-10,4.038587332620882
2025-11-11,4.612915997520157
2025-11-12,4.717057638387557
2025-11-13,4.153126275663972
2025-11-14,4.758100040840509
2025-11-17,4.689027711829782
2025-11-18,3.3779933994562286
2025-11-19,3.645633877420999
2025-11-20,4.496106298875159
2025-11-21,4.996402950230155
2025-11-25,4.045661675461032
2025-11-26,5.136715962132671
2025-11-27,3.7684422655097736
2025-12-01,4.39989709857309
2025-12-02,3.8603930700014173
2025-12-03,3.926889459221081
2025-12-04,3.5306694813745656
2025-12-05,3.6666659118528964
2025-12-08,4.385764997407335
2025-12-09,3.753215468272316
2025-12-10,3.8106488795406372
2025-12-11,4.5336955659366645
2025-12-12,4.64683536312069
2025-12-15,3.9871686319283333
2025-12-16,4.881726021843919
2025-12-17,3.291064824095903
2025-12-18,4.0132744967563
2025-12-19,5.521930278089118
2025-12-22,4.205214897713154
2025-12-23,4.629709588736667
2025-12-24,2.97825993145401
2025-12-25,3.3747035829606604
2025-12-29,3.901909068340016
2025-12-30,4.4711305965350086
2026-01-05,3.9136573894513944
2026-01-06,3.328606401621302
2026-01-07,4.272711544721659
2026-01-08,3.771091849021567
2026-01-09,5.5415176326318205
2026-01-13,4.089988451482357
2026-01-14,3.022266815457147
2026-01-15,4.517123713738161
2026-01-16,3.7749200029408825
2026-01-19,3.6196670240264153
2026-01-21,5.245110667805985
2026-01-22,3.746799105313735
2026-01-23,4.854412995139217
2026-01-26,4.784835795578514
2026-01-27,3.8217868073298367
2026-01-28,2.9567754715925365
2026-01-29,3.724193582284178
2026-01-30,4.321999356514633
2026-02-02,4.859559804444478
2026-02-03,5.046211809851025
2026-02-04,5.295829297976156
2026-02-05,4.0290643746280175
2026-02-06,4.087705265859337
2026-02-09,3.731066219682037
2026-02-10,4.71286014136699
2026-02-12,2.842757186092009
2026-02-13,3.423510671274815
2026-02-16,3.042210838656993
2026-02-18,4.449318384438266
2026-02-19,3.7869052256719526
2026-02-20,5.046526338970575
2026-02-24,3.9195024634977265
2026-02-25,4.821014542484339
2026-02-26,4.643678226025553
2026-02-27,4.999173713049903
2026-03-02,4.8948852164994685
2026-03-03,5.1764160887834425
2026-03-04,4.794263703021873
2026-03-05,4.500897285905921
2026-03-06,3.3930352369966905
2026-03-09,4.162355757588523
2026-03-10,5.492902488154966
2026-03-11,3.2762929807417063
2026-03-12,4.859349570779455
2026-03-13,4.724974980203845
2026-03-16,4.7500789502544745
2026-03-17,5.443045232992903
2026-03-18,4.56236652708504
2026-03-19,4.296180095851662
2026-03-23,3.2420414620135594
2026-03-24,5.1083885944253264
2026-03-25,3.167727647172759
2026-03-26,4.541613893483681
2026-03-27,5.144901237541139
2026-03-30,4.927004290587498
2026-03-31,4.015750174212162
2026-04-01,4.0328908146539035
2026-04-02,3.029143968447455
2026-04-03,4.876148266451672
2026-04-07,5.792239046472311
2026-04-08,4.918940609310585
2026-04-09,4.723990266962615
2026-04-10,3.947021102435343
2026-04-13,4.7511947986529615
2026-04-14,5.837824866162348
2026-04-15,4.433187289763586
2026-04-16,4.079028271212047
2026-04-17,4.940705816936091
2026-04-20,3.642108475205484
2026-04-21,3.711248463143101
2026-04-22,3.599889340166254
2026-04-23,4.204886698280982
2026-04-24,4.995037677481045
2026-04-27,5.2657035373762975
2026-04-28,3.9503217934411423
2026-04-30,4.585949786190314
2026-05-01,5.517167530993792
2026-05-07,5.600302672327637
2026-05-08,3.107998052901505
2026-05-11,4.972782590375066
2026-05-12,5.427940523063421
2026-05-13,5.027559968102902
2026-05-14,4.871043154363916
2026-05-15,5.103789023450011
2026-05-18,5.051086617725014
2026-05-19,4.562242192610501
2026-05-20,4.385180968495184
2026-05-21,5.05423191064021
2026-05-22,3.8161954257293234
2026-05-25,4.2357958852944275
2026-05-27,4.721480439364773
2026-05-28,4.052798721096835
2026-05-29,5.254907574067811
2026-06-01,3.3964516787236017
2026-06-02,4.429383666098993
2026-06-03,5.3168152269752005
2026-06-04,5.1436467221258875
2026-06-05,4.196320825834451
2026-06-08,4.050288609828954
2026-06-09,5.586575563550985
2026-06-10,3.585901661074895
2026-06-11,4.939403416533348
2026-06-12,5.806241253277121
2026-06-15,3.7216880721355947
2026-06-16,4.060105899744309
2026-06-17,4.766789921307268
2026-06-18,3.924716172911462
2026-06-19,5.408192325173642
2026-06-23,3.968568014602528
2026-06-24,4.995785404272607
2026-06-25,5.4792243359567205
2026-06-26,5.9649944895284275
2026-06-29,4.587280925799483
2026-06-30,5.552479827862429
2026-07-01,5.244628361090637
2026-07-02,4.892499324691822
2026-07-03,2.8349406791309173
2026-07-07,3.8441481673169253
2026-07-08,4.423643901892654
2026-07-09,5.236408260336544
2026-07-10,4.422796887983803
2026-07-13,4.187725318911832
2026-07-14,3.7204949956752156
2026-07-15,5.040577767652547
2026-07-16,3.2442129595771694
2026-07-17,3.8566841716770828
2026-07-21,4.476915755782424
2026-07-22,4.674158509657684
2026-07-23,4.176466228589897
2026-07-24,4.248409716788709
2026-07-27,3.9783802459957567
2026-07-28,3.790704452294097
2026-07-29,6.47805055442846
