trade_date,equity_curve
2024-12-23,0.9954582575529967
2024-12-24,0.9918561687414376
2024-12-25,0.9985430021489032
2024-12-27,1.0050264480599662
2024-12-30,1.004723083531862
2025-01-06,1.0006224278092875
2025-01-07,1.0228087415208322
2025-01-08,1.0127811009281722
2025-01-09,0.9996466986154996
2025-01-14,1.005487432597256
2025-01-15,1.021329555067668
2025-01-16,1.029742663082179
2025-01-17,1.02925497785146
2025-01-20,1.0327398360039195
2025-01-22,1.0495331438333673
2025-01-23,1.0600824523417585
2025-01-24,1.0560958437026091
2025-01-27,1.0823008612848486
2025-01-28,1.0904156574834052
2025-01-29,1.093830144246058
2025-01-30,1.1000195118888751
2025-01-31,1.0924904168076564
2025-02-03,1.099333933683892
2025-02-04,1.1145855804629738
2025-02-05,1.118956123003466
2025-02-06,1.122211747182123
2025-02-07,1.1225232621354997
2025-02-10,1.134091690073722
2025-02-12,1.1558194613698787
2025-02-13,1.1600591285209334
2025-02-14,1.17776630701243
2025-02-17,1.1906295408693168
2025-02-19,1.1967696531265717
2025-02-20,1.2037602499631679
2025-02-21,1.2055797225653058
2025-02-25,1.2088252089577316
2025-02-26,1.2496728590617685
2025-02-27,1.265906647549149
2025-02-28,1.273660378922295
2025-03-03,1.3019829250702635
2025-03-04,1.3293146008185452
2025-03-05,1.3517959841901213
2025-03-06,1.3596590655421175
2025-03-07,1.3696002187655534
2025-03-10,1.405216111221292
2025-03-11,1.403957246606184
2025-03-12,1.4250504869718907
2025-03-13,1.4355013859245283
2025-03-14,1.4414692021637507
2025-03-17,1.4491516413937136
2025-03-18,1.482174059214303
2025-03-19,1.482614042679214
2025-03-21,1.483613746010815
2025-03-24,1.4873872085703614
2025-03-25,1.5074744094301136
2025-03-26,1.5120173511428177
2025-03-27,1.5148547354019015
2025-03-28,1.5320264759368762
2025-03-31,1.5451254098547307
2025-04-01,1.554269531096506
2025-04-02,1.5580327832724792
2025-04-03,1.5202219493384561
2025-04-04,1.5185889336758833
2025-04-07,1.6396737796672756
2025-04-08,1.7395565367232204
2025-04-09,1.757058841696418
2025-04-10,1.9560901854948507
2025-04-11,2.087861987736197
2025-04-14,2.0570629350464733
2025-04-15,2.1084977198648835
2025-04-16,2.0985676886032163
2025-04-17,2.1224184775639308
2025-04-18,2.108456267108473
2025-04-22,2.0778741843365043
2025-04-23,2.1082440333924053
2025-04-24,2.12408554089639
2025-04-25,2.160240426996379
2025-04-28,2.146030629921942
2025-04-30,2.146055235839886
2025-05-01,2.156587060916444
2025-05-02,2.1600659692737927
2025-05-07,2.182991556397694
2025-05-08,2.191641346322441
2025-05-09,2.2625757300203597
2025-05-12,2.3349148075573423
2025-05-13,2.372348481227011
2025-05-14,2.4627130362133065
2025-05-15,2.465810886681297
2025-05-16,2.475546235212603
2025-05-19,2.507858533503019
2025-05-20,2.5034204161566738
2025-05-21,2.493251680974829
2025-05-22,2.483690995738397
2025-05-23,2.4978833350577276
2025-05-26,2.512909981060663
2025-05-28,2.515749240688961
2025-05-29,2.5042568044326403
2025-05-30,2.5017464497555792
2025-06-02,2.497488113392821
2025-06-03,2.518481392679648
2025-06-04,2.538202913469862
2025-06-05,2.52971292766388
2025-06-06,2.55767242377577
2025-06-09,2.567489104798378
2025-06-10,2.536932892474942
2025-06-11,2.530527467942048
2025-06-12,2.5423426925022192
2025-06-13,2.5493089963013404
2025-06-16,2.5104109794855125
2025-06-17,2.515841662013301
2025-06-18,2.510732827757096
2025-06-19,2.523697155068854
2025-06-23,2.5319723375695276
2025-06-24,2.5775541089320657
2025-06-25,2.62300924476094
2025-06-26,2.6085351021206016
2025-06-27,2.6247432599557254
2025-06-30,2.6259822430384245
2025-07-01,2.6441099710943745
2025-07-02,2.6591342420050936
2025-07-03,2.657699078348146
2025-07-04,2.690487232353304
2025-07-08,2.6788181029939326
2025-07-09,2.725051584673042
2025-07-10,2.7291828986514006
2025-07-11,2.7266421957950926
2025-07-14,2.7017155438002547
2025-07-15,2.7026407164950124
2025-07-16,2.710444660269814
2025-07-17,2.709574769177865
2025-07-18,2.716305811534508
2025-07-22,2.696543747981074
2025-07-23,2.6452375242606774
2025-07-24,2.613179495694593
2025-07-25,2.6086981558961204
2025-07-28,2.6208071688075596
2025-07-29,2.597245456101049
2025-07-30,2.5932349009555615
2025-07-31,2.617805605424706
2025-08-01,2.6403814646602344
2025-08-04,2.612231920678953
2025-08-05,2.622597102869044
2025-08-06,2.6069522101087186
2025-08-07,2.6162637047945103
2025-08-08,2.6222765487293063
2025-08-12,2.630552016904038
2025-08-13,2.641315556602415
2025-08-14,2.6386470032231775
2025-08-15,2.682365256003296
2025-08-18,2.7257395677815324
2025-08-19,2.682111719094871
2025-08-20,2.7008628080570003
2025-08-21,2.6758184448446305
2025-08-22,2.69444744250569
2025-08-25,2.700160986756149
2025-08-26,2.7186374262245963
2025-08-27,2.6971010133630027
2025-08-28,2.705802444001369
2025-08-29,2.71214237294557
2025-09-01,2.710604276730342
2025-09-03,2.6965177954304393
2025-09-04,2.7367883855402666
2025-09-05,2.761110446640041
2025-09-08,2.7806377451650155
2025-09-09,2.7611216956022586
2025-09-10,2.7769573036464807
2025-09-11,2.8229254980845306
2025-09-12,2.847390805401399
2025-09-16,2.8291408849784476
2025-09-17,2.8507920220663063
2025-09-18,2.8658626167312624
2025-09-19,2.9187188059453546
2025-09-22,2.8997540252596234
2025-09-24,2.909400396753176
2025-09-25,2.933582238513328
2025-09-26,2.9255660087969533
2025-09-29,2.9801372811687945
2025-09-30,2.9535915727715985
2025-10-01,2.9695111690451257
2025-10-02,3.0311615409301442
2025-10-03,3.0201093196807465
2025-10-06,3.200602219690218
2025-10-07,3.2281606410660464
2025-10-08,3.2421379112580953
2025-10-09,3.23902311293401
2025-10-10,3.2594698390093266
2025-10-14,3.204824772917884
2025-10-15,3.2288334792830566
2025-10-16,3.2521571365211908
2025-10-17,3.264806915795832
2025-10-20,3.3211954329497244
2025-10-21,3.4196171857556834
2025-10-22,3.4382530096216852
2025-10-23,3.494739822649668
2025-10-29,3.4844352970048154
2025-10-30,3.503062718917548
2025-10-31,3.4864080098635557
2025-11-04,3.504390000608375
2025-11-05,3.5078458501717327
2025-11-06,3.546550210888975
2025-11-07,3.5134041321379086
2025-11-10,3.533690275616509
2025-11-11,3.5152546945073406
2025-11-12,3.535818514079289
2025-11-13,3.6074576047871973
2025-11-14,3.6229628595773593
2025-11-17,3.625284482122315
2025-11-18,3.6985836612349434
2025-11-19,3.7842201125108503
2025-11-20,3.8098731703601025
2025-11-21,3.901587913443248
2025-11-25,3.9152145533530707
2025-11-26,3.9228207586407153
2025-11-27,3.925190034570452
2025-12-01,3.996085745567874
2025-12-02,4.049692311828573
2025-12-03,4.084083074539732
2025-12-04,4.080407125863721
2025-12-05,4.106295179170723
2025-12-08,4.1052628621832365
2025-12-09,4.086940205971998
2025-12-10,4.075211756974479
2025-12-11,4.088171086846134
2025-12-12,4.196372242682544
2025-12-15,4.243123260125567
2025-12-16,4.333527030116427
2025-12-17,4.37678845710545
2025-12-18,4.435771834754354
2025-12-19,4.500743918591913
2025-12-22,4.59303092118728
2025-12-23,4.679091274011668
2025-12-24,4.702605323240693
2025-12-25,4.696158888669981
2025-12-29,4.684087713815338
2025-12-30,4.773626189492368
2026-01-05,4.8212547379881086
2026-01-06,4.862629425753669
2026-01-07,4.919691433444809
2026-01-08,4.893409153452007
2026-01-09,4.982825257426993
2026-01-13,5.042439450827522
2026-01-14,5.037905118502872
2026-01-15,5.075479791489439
2026-01-16,5.026437272704465
2026-01-19,5.121998112228501
2026-01-21,5.091756850485233
2026-01-22,5.091890842105273
2026-01-23,5.215728751737286
2026-01-26,5.259593937548527
2026-01-27,5.30984972643692
2026-01-28,5.310187144771758
2026-01-29,5.407805643548608
2026-01-30,5.475279261050746
2026-02-02,5.625693563274803
2026-02-03,5.819479830615242
2026-02-04,6.005019036619905
2026-02-05,6.237641992311703
2026-02-06,6.361361996435951
2026-02-09,6.579175382690126
2026-02-10,6.680818995874298
2026-02-12,6.792516738555216
2026-02-13,7.0275947200315905
2026-02-16,7.013612597023484
2026-02-18,7.071244312317557
2026-02-19,7.14225505281904
2026-02-20,7.0436349200835044
2026-02-24,7.213304341274983
2026-02-25,7.222839263459011
2026-02-26,7.442590035669416
2026-02-27,7.5639616757250225
2026-03-02,7.918839696370831
2026-03-03,7.8017176222309095
2026-03-04,7.6919017204805655
2026-03-05,7.8808672117484395
2026-03-06,7.652211528778667
2026-03-09,7.819246359116407
2026-03-10,7.973218377977011
2026-03-11,7.7699466916559965
2026-03-12,7.735356652461521
2026-03-13,7.609712971345231
2026-03-16,7.508299618357457
2026-03-17,7.3483407485958745
2026-03-18,7.300243478540232
2026-03-19,7.30561297258914
2026-03-23,7.235369053912857
2026-03-24,7.167674988271609
2026-03-25,7.030744474628303
2026-03-26,6.904296902251154
2026-03-27,6.894296842586832
2026-03-30,6.729257762123607
2026-03-31,6.808794820077387
2026-04-01,6.870901475201297
2026-04-02,6.77061736177631
2026-04-03,6.687444024471378
2026-04-07,6.574511873036882
2026-04-08,6.340929423458809
2026-04-09,6.225228077039862
2026-04-10,6.125819921804481
2026-04-13,6.141987884462052
2026-04-14,6.205894001130403
2026-04-15,6.141410212449718
2026-04-16,6.054061973303462
2026-04-17,5.9664347484062334
2026-04-20,6.0204363637387575
2026-04-21,5.905539321075342
2026-04-22,5.783949231438855
2026-04-23,5.67524635579144
2026-04-24,5.59471548892563
2026-04-27,5.429203637922019
2026-04-28,5.254676657777855
2026-04-30,5.075456583387417
2026-05-01,4.997645445835452
2026-05-07,4.877310747847117
2026-05-08,4.79220986888884
2026-05-11,4.62712813481825
2026-05-12,4.629492269011605
2026-05-13,4.405712288942953
2026-05-14,4.138048093356582
2026-05-15,4.075441309286918
2026-05-18,3.9373831725437403
2026-05-19,3.8179442525159377
2026-05-20,3.8148302520451995
2026-05-21,3.7553119596683837
2026-05-22,3.6203054101545775
2026-05-25,3.4558762845271627
2026-05-27,3.3438120203545982
2026-05-28,3.320499823118795
2026-05-29,3.297811640883821
2026-06-01,3.1054206057404725
2026-06-02,3.050073651535554
2026-06-03,2.9752228663448275
2026-06-04,2.9010662903364492
2026-06-05,2.817427759622741
2026-06-08,2.6700458750836407
2026-06-09,2.642445480202005
2026-06-10,2.5833217805438364
2026-06-11,2.66590609636463
2026-06-12,2.7015558158082915
2026-06-15,2.598939466116297
2026-06-16,2.5583442865582873
2026-06-17,2.5189039368436625
2026-06-18,2.479108764068685
2026-06-19,2.4672308932525975
2026-06-23,2.3857232867221954
2026-06-24,2.3626526355948827
2026-06-25,2.3029403641715667
2026-06-26,2.2384620976508343
2026-06-29,2.2387379442906257
2026-06-30,2.222528453828578
2026-07-01,2.119686397952747
2026-07-02,2.1051431811324446
2026-07-03,2.1204540533287233
2026-07-07,2.075329329899475
2026-07-08,1.9747620037781881
2026-07-09,1.9652047219849338
2026-07-10,1.9075268426728962
2026-07-13,1.888064617299341
2026-07-14,1.859793725017334
2026-07-15,1.8430781994826015
2026-07-16,1.800049357198706
2026-07-17,1.7362572404933236
2026-07-21,1.729145448623766
2026-07-22,1.749525400250455
2026-07-23,1.730454495159899
2026-07-24,1.7122537691540083
2026-07-27,1.652641682266008
2026-07-28,1.5421921814135
2026-07-29,1.5173532204188902
