trade_date,daily_overnight_returns
2024-12-23,0.0
2024-12-24,-0.0004325058757950664
2024-12-25,0.0009295984004444372
2024-12-27,0.005513805508122769
2024-12-30,0.0036791521787540174
2025-01-06,-0.0018611850825367504
2025-01-07,0.0008864361870320047
2025-01-08,-0.0033994264809491972
2025-01-09,0.00021959407004005602
2025-01-14,-0.0024348306959794163
2025-01-15,0.00382707164138385
2025-01-16,0.005206611303265846
2025-01-17,-0.0057998563812597485
2025-01-20,0.0034949066010656923
2025-01-22,-0.0005293775845995938
2025-01-23,0.0032028193970619003
2025-01-24,-0.003461754411384192
2025-01-27,0.0035369742127577975
2025-01-28,-0.0057999130356013485
2025-01-29,-0.0036794747599761435
2025-01-30,-0.0010751251474439135
2025-01-31,-0.0018357940894944886
2025-02-03,-0.0003529567259360716
2025-02-04,0.0063804525051095
2025-02-05,0.00015030282310620515
2025-02-06,0.0016166936469788574
2025-02-07,-0.0013854754943581752
2025-02-10,-0.005040656813856243
2025-02-12,-0.0020034610578488587
2025-02-13,0.0037484799370095176
2025-02-14,0.0033357656677235
2025-02-17,0.001512355876379882
2025-02-19,-0.005409327295841445
2025-02-20,-0.0022632858379148194
2025-02-21,-0.002884426394921737
2025-02-25,-0.003175426299315232
2025-02-26,0.00881583377803135
2025-02-27,-0.000940776495775493
2025-02-28,-0.008697150324684152
2025-03-03,0.007035564929262299
2025-03-04,-0.007634757165466352
2025-03-05,-0.0025572837526012648
2025-03-06,0.002118111222029077
2025-03-07,-0.008855817517714477
2025-03-10,0.0005580670583712647
2025-03-11,-0.0009931168676036142
2025-03-12,0.003864287686647549
2025-03-13,0.0028852968195621793
2025-03-14,-0.0018945894391502321
2025-03-17,0.0019341863586058896
2025-03-18,0.002202857657978157
2025-03-19,-0.006296958332248844
2025-03-21,-0.0015434530995436595
2025-03-24,0.0026893563588709438
2025-03-25,0.005310256237527264
2025-03-26,0.0005299898460659891
2025-03-27,-0.008859582218442021
2025-03-28,-0.0030262888967619987
2025-03-31,-0.002669387691663823
2025-04-01,0.0032298320828581394
2025-04-02,0.0007773323440534599
2025-04-03,-0.011831758730972981
2025-04-04,-0.01605891934918322
2025-04-07,-0.01076654277957194
2025-04-08,0.04195153857390138
2025-04-09,-0.0033548494557713864
2025-04-10,0.05209431141995439
2025-04-11,-0.005710785698179796
2025-04-14,-0.018383502388286073
2025-04-15,-0.0038253344529919813
2025-04-16,-0.001773593293791971
2025-04-17,0.0006255380660533146
2025-04-18,0.0026629948814006757
2025-04-22,-0.0019159566127115064
2025-04-23,0.012636763761699551
2025-04-24,0.005389484867415617
2025-04-25,0.0015577712562709438
2025-04-28,-0.003881372214219906
2025-04-30,0.004403172533942313
2025-05-01,-0.0015081139838968231
2025-05-02,-0.0006084479497015604
2025-05-07,0.0047945476051835766
2025-05-08,-0.004428628031066304
2025-05-09,0.006108648246204473
2025-05-12,0.005016121343349228
2025-05-13,0.012930137721218172
2025-05-14,0.009261912736124174
2025-05-15,0.000989933727486631
2025-05-16,-4.875837335704321e-05
2025-05-19,-0.005878866607221029
2025-05-20,0.003116483573165581
2025-05-21,-0.005765036064481438
2025-05-22,-0.006337246774242636
2025-05-23,-0.00012235104509744282
2025-05-26,0.0031544896512388123
2025-05-28,0.0013673719582557706
2025-05-29,0.001587844778136912
2025-05-30,-0.0006777245805904876
2025-06-02,-0.001727825659814194
2025-06-03,0.004142736746362626
2025-06-04,0.0031148162715832306
2025-06-05,-0.0017446586757771327
2025-06-06,0.0039459455783957915
2025-06-09,0.0012831705040594465
2025-06-10,-0.0008154735641668135
2025-06-11,0.00039678653880616716
2025-06-12,0.00153674216173897
2025-06-13,0.0022664410608700587
2025-06-16,-0.00036034177277984557
2025-06-17,-0.0033402663972002438
2025-06-18,-0.0005951986040564078
2025-06-19,-0.0016673841675106027
2025-06-23,-0.0003184790939543242
2025-06-24,0.010943227844259813
2025-06-25,0.0070871801768730225
2025-06-26,-0.0015653020098716278
2025-06-27,0.001944754939909549
2025-06-30,0.0011315714298207771
2025-07-01,-0.0022999372574830325
2025-07-02,0.001805304769267215
2025-07-03,-0.001484154151804678
2025-07-04,0.00269071984782305
2025-07-08,-0.0005417670596901185
2025-07-09,-0.0011889485814227914
2025-07-10,0.0026069759672947895
2025-07-11,0.0011353543623554034
2025-07-14,-0.007675573793860278
2025-07-15,-0.002593397494088995
2025-07-16,-0.0009606063821637725
2025-07-17,-0.0022902171867311776
2025-07-18,0.001856687622884208
2025-07-22,0.0013805081605572879
2025-07-23,0.00025061784154917194
2025-07-24,-0.0016505384008601177
2025-07-25,-0.0004072068275616286
2025-07-28,-8.888559375787905e-05
2025-07-29,-0.0035881705965850725
2025-07-30,0.0021279985881488927
2025-07-31,0.0034069077237696586
2025-08-01,-0.0057033800546666446
2025-08-04,-0.01327604990144569
2025-08-05,-0.000849169676308877
2025-08-06,-0.0010372658413725013
2025-08-07,0.0018592283580066917
2025-08-08,0.009810752951949874
2025-08-12,-0.0006749745783584527
2025-08-13,0.0029380001101817987
2025-08-14,0.00026854544003686125
2025-08-15,0.0019603902079436725
2025-08-18,-0.0005152876990071094
2025-08-19,0.0037577875717019196
2025-08-20,-0.006934636669548906
2025-08-21,-0.00034867532816719926
2025-08-22,-0.0014125637083971007
2025-08-25,-0.0008115691921121441
2025-08-26,0.00333795319103018
2025-08-27,0.00011261229611895234
2025-08-28,-0.0013544275383848708
2025-08-29,0.0008496947675273878
2025-09-01,-0.0012053439816549316
2025-09-03,0.003310522907292784
2025-09-04,0.0032720534176798304
2025-09-05,0.0006713750413411177
2025-09-08,-0.0019064224335162382
2025-09-09,0.0035648926058562346
2025-09-10,0.0028070125508973384
2025-09-11,-0.0027099398710132257
2025-09-12,0.003279349366758824
2025-09-16,-0.0004545265325942328
2025-09-17,-0.0014236054229872714
2025-09-18,0.0009490492678151689
2025-09-19,-1.0044250012701494e-05
2025-09-22,-0.0042326609554249545
2025-09-24,0.0002818403435685807
2025-09-25,0.003391422261581547
2025-09-26,-0.0007638297810516978
2025-09-29,0.002303106316140104
2025-09-30,-0.006617231834733362
2025-10-01,0.0004764682078900396
2025-10-02,0.007129214986824354
2025-10-03,-0.0027354640727786993
2025-10-06,0.020746642452996338
2025-10-07,0.0008264638114382551
2025-10-08,-0.005439378333348715
2025-10-09,0.001133914589775192
2025-10-10,-0.0003776811003754913
2025-10-14,-0.0028751260136957893
2025-10-15,0.0024096619809473234
2025-10-16,0.0036344598265858215
2025-10-17,-0.0018904029058903079
2025-10-20,0.009150450587234212
2025-10-21,0.0037797272957772743
2025-10-22,-0.002529064660761972
2025-10-23,-0.002664725798330126
2025-10-29,-0.005043198940405802
2025-10-30,-7.075402356846214e-05
2025-10-31,0.006821412313059453
2025-11-04,-0.0022089768221249992
2025-11-05,-0.003134651494203847
2025-11-06,0.0007750109327836019
2025-11-07,0.0019494847787003115
2025-11-10,0.004702898827215908
2025-11-11,-0.0009741611140902214
2025-11-12,0.0005349445602265507
2025-11-13,0.00014626492258693795
2025-11-14,-0.002402269315001056
2025-11-17,-0.0071875170948858735
2025-11-18,0.0011452112691739268
2025-11-19,-0.005442077200311364
2025-11-20,0.0038208745290206703
2025-11-21,0.006930733308044804
2025-11-25,0.003242801816335191
2025-11-26,0.005430467675049305
2025-11-27,-0.002787805813513672
2025-12-01,0.0013762899164150874
2025-12-02,-0.0010345075469204025
2025-12-03,0.0016113884482808255
2025-12-04,-0.0013787771736519432
2025-12-05,-0.0023153439431933803
2025-12-08,0.0026069089953674315
2025-12-09,-0.003260900118612092
2025-12-10,-0.0011460571611320825
2025-12-11,-0.001457813743334781
2025-12-12,0.009999521437776554
2025-12-15,0.002457141427125038
2025-12-16,0.0021730474929727277
2025-12-17,-0.0009919493448522932
2025-12-18,-0.0015559109435218633
2025-12-19,-0.0003971090793155114
2025-12-22,0.001111817125325371
2025-12-23,0.00016598908299783098
2025-12-24,-0.0013610865455100155
2025-12-25,-0.0005740522616128974
2025-12-29,0.002231731545454141
2025-12-30,-0.0007574672989192431
2026-01-05,0.001702085563075276
2026-01-06,-0.007806052753207044
2026-01-07,-0.007025025781985725
2026-01-08,0.0005256226400783088
2026-01-09,0.004705561090883817
2026-01-13,-0.009758153885152358
2026-01-14,0.0013502548393352232
2026-01-15,0.0038686267644530543
2026-01-16,-0.008421065207154962
2026-01-19,-0.0043511198225369896
2026-01-21,-0.001132773729924586
2026-01-22,-0.006550282548387649
2026-01-23,0.0017206313373955386
2026-01-26,-0.003254030131720369
2026-01-27,-0.008048615686895494
2026-01-28,-0.006117739679312106
2026-01-29,-0.0004908845631824697
2026-01-30,0.004512045153511618
2026-02-02,0.009368111709429281
2026-02-03,0.009511834535129228
2026-02-04,-0.004135814298810256
2026-02-05,0.0024860334713093855
2026-02-06,0.0014665586950133329
2026-02-09,0.009853636268587025
2026-02-10,0.012252659427427133
2026-02-12,-0.004558107426552329
2026-02-13,0.00038436191553079696
2026-02-16,0.003974495425643737
2026-02-18,0.008022537648261427
2026-02-19,0.0012924162610578722
2026-02-20,-0.0031336784230643015
2026-02-24,0.01257723821225749
2026-02-25,0.006660658869972306
2026-02-26,0.0041752999567482765
2026-02-27,0.0005439513657199986
2026-03-02,0.0007962936350717135
2026-03-03,-0.0015543740887205032
2026-03-04,-0.009632511529833415
2026-03-05,0.001752671029707384
2026-03-06,-0.005684148018160525
2026-03-09,-0.009699173035237122
2026-03-10,0.013436968483134757
2026-03-11,-0.011904265906408674
2026-03-12,-0.00052745195133936
2026-03-13,-0.006076598413502134
2026-03-16,0.0041891436639905
2026-03-17,0.005327910440005832
2026-03-18,0.0012776115743468246
2026-03-19,-0.002713534625853025
2026-03-23,-0.011162513525752139
2026-03-24,0.007171202718273035
2026-03-25,0.005911621565260551
2026-03-26,0.001260066971487705
2026-03-27,-0.000691940137252323
2026-03-30,-0.006797939105727531
2026-03-31,0.008535453043381299
2026-04-01,0.012083068653132464
2026-04-02,0.006416194794264385
2026-04-03,-0.0019293258489007318
2026-04-07,-0.00797195705516291
2026-04-08,0.010425205530367214
2026-04-09,-0.0020167140039038514
2026-04-10,0.005971755614381807
2026-04-13,-0.003112217051358186
2026-04-14,0.015118060559558263
2026-04-15,-0.008301688495241023
2026-04-16,-0.0008351530661610527
2026-04-17,0.0013130804188657252
2026-04-20,-0.0032565019136460913
2026-04-21,0.0027127849582729447
2026-04-22,-0.0032957704891778783
2026-04-23,-0.003289871151317151
2026-04-24,0.002411818181626891
2026-04-27,-0.007653821338872658
2026-04-28,0.003943367311125722
2026-04-30,-0.005446136106781382
2026-05-01,0.004432082432304111
2026-05-07,0.002696870519009828
2026-05-08,0.002861092630299369
2026-05-11,-0.00016519123051707523
2026-05-12,0.011341527983309719
2026-05-13,0.0069472564048185395
2026-05-14,-0.00627285946528058
2026-05-15,-0.0014342635560694427
2026-05-18,0.0024565287949147837
2026-05-19,-0.0014411488638722087
2026-05-20,-0.015306413087928064
2026-05-21,0.013678648509717966
2026-05-22,-0.00011615244292474953
2026-05-25,-0.006428912510572868
2026-05-27,-0.00998152375956233
2026-05-28,-0.010368835547487574
2026-05-29,-0.0036443909764741207
2026-06-01,-0.011638545435745117
2026-06-02,-0.008128087882663648
2026-06-03,-0.004274748746582417
2026-06-04,0.000729825114075827
2026-06-05,-0.005459201837518479
2026-06-08,-0.03073604635429141
2026-06-09,0.014031787600031959
2026-06-10,-0.01408400819650991
2026-06-11,0.00021896305858226344
2026-06-12,0.0308494247453301
2026-06-15,-0.007985154496473528
2026-06-16,-0.004750975617902883
2026-06-17,-5.151148596305048e-05
2026-06-18,-0.005649712799087751
2026-06-19,0.015617966329650311
2026-06-23,0.010227414762161392
2026-06-24,-0.0037519687816541317
2026-06-25,-0.00043160635129382656
2026-06-26,0.006090090749148893
2026-06-29,0.00045771171415489475
2026-06-30,0.0074629653897392
2026-07-01,-0.0059816099973224795
2026-07-02,-0.0019863823737643806
2026-07-03,-0.03373207219036572
2026-07-07,-0.0032515673761602266
2026-07-08,-0.018286162731629776
2026-07-09,0.0017093632680711675
2026-07-10,-0.010026793064958493
2026-07-13,-0.00010703606633493284
2026-07-14,-0.008916819916267573
2026-07-15,0.0011245333173218993
2026-07-16,-0.0057265583355944815
2026-07-17,-0.005596738535426731
2026-07-21,0.005337052340915575
2026-07-22,0.018312585661055893
2026-07-23,0.0028938278157310273
2026-07-24,-0.003616831943197526
2026-07-27,-0.00027972359445520577
2026-07-28,-0.018865515905920564
2026-07-29,-0.0009619005911119009
